fold_id,feature,feature_group,gain_importance,split_importance
1,auxiliary_area_m2,basic_housing,1860265.1860198975,1376.0
1,balcony_area_m2,basic_housing,1602202.4720611572,1438.0
1,bathrooms,basic_housing,276439.0656738281,238.0
1,broad_note_flag,note_or_quality_flags,74497.4282836914,52.0
1,building_age,basic_housing,4337332.2113723755,2698.0
1,building_age_missing,basic_housing,150919.25942993164,59.0
1,building_area_m2,basic_housing,1467748.1499328613,1273.0
1,building_area_ping,basic_housing,394597.0464553833,346.0
1,building_type,location_time,369212.9834213257,194.0
1,comp_365d_count,rule_based_comparable,0.0,0.0
1,comp_365d_mean_price,rule_based_comparable,503354.0351867676,476.0
1,comp_365d_median_age_diff,rule_based_comparable,1106930.3229522705,1029.0
1,comp_365d_median_area_diff_pct,rule_based_comparable,769621.2691421509,909.0
1,comp_365d_median_days_diff,rule_based_comparable,676496.8380661011,870.0
1,comp_365d_median_distance,rule_based_comparable,788957.12159729,700.0
1,comp_365d_median_price,rule_based_comparable,751402.7832565308,728.0
1,comp_365d_nearest_distance,rule_based_comparable,794412.7011108398,806.0
1,comp_365d_nearest_price,rule_based_comparable,977377.4665527344,1049.0
1,comp_365d_std_price,rule_based_comparable,1366749.740158081,1182.0
1,comp_365d_weighted_mean_price,rule_based_comparable,7271177.764793396,541.0
1,comp_730d_count,rule_based_comparable,0.0,0.0
1,comp_730d_mean_price,rule_based_comparable,7097923.408416748,595.0
1,comp_730d_median_age_diff,rule_based_comparable,1470880.5192871094,1148.0
1,comp_730d_median_area_diff_pct,rule_based_comparable,757359.6357574463,863.0
1,comp_730d_median_days_diff,rule_based_comparable,713995.3926391602,853.0
1,comp_730d_median_distance,rule_based_comparable,734290.8078384399,714.0
1,comp_730d_median_price,rule_based_comparable,815117.3387756348,709.0
1,comp_730d_nearest_distance,rule_based_comparable,990833.2943115234,824.0
1,comp_730d_nearest_price,rule_based_comparable,1757806.382949829,964.0
1,comp_730d_std_price,rule_based_comparable,1330362.341468811,1216.0
1,comp_730d_weighted_mean_price,rule_based_comparable,179841081.24098206,912.0
1,district,location_time,609955.7871627808,528.0
1,district_count_180d,time_aware_market,1153874.2874450684,1132.0
1,district_median_price_180d,time_aware_market,1622878.949081421,936.0
1,district_median_price_365d,time_aware_market,1816972.714050293,1029.0
1,district_price_change_180_365,time_aware_market,910504.8081207275,981.0
1,district_type_count_180d,time_aware_market,957879.0978851318,994.0
1,district_type_median_price_180d,time_aware_market,860579.2763519287,719.0
1,district_type_median_price_365d,time_aware_market,910066.5186843872,802.0
1,district_type_price_change_180_365,time_aware_market,872823.4282455444,1052.0
1,emb_1095d_count,embedding_reranker_comparable,0.0,0.0
1,emb_1095d_max_reranker_score,embedding_reranker_comparable,1514778.4970321655,968.0
1,emb_1095d_max_similarity,embedding_reranker_comparable,488828.2233734131,522.0
1,emb_1095d_mean_price,embedding_reranker_comparable,573372.6622695923,578.0
1,emb_1095d_mean_reranker_score,embedding_reranker_comparable,767199.2597045898,663.0
1,emb_1095d_mean_similarity,embedding_reranker_comparable,398130.78575897217,397.0
1,emb_1095d_median_age_diff,embedding_reranker_comparable,1082762.7007293701,827.0
1,emb_1095d_median_area_diff_pct,embedding_reranker_comparable,637941.9493255615,722.0
1,emb_1095d_median_days_diff,embedding_reranker_comparable,645971.7690124512,751.0
1,emb_1095d_median_price,embedding_reranker_comparable,580251.9772033691,622.0
1,emb_1095d_median_similarity,embedding_reranker_comparable,461495.8145904541,477.0
1,emb_1095d_nearest_price,embedding_reranker_comparable,1268470.6721801758,836.0
1,emb_1095d_std_price,embedding_reranker_comparable,968343.3933105469,918.0
1,emb_1095d_weighted_mean_price,embedding_reranker_comparable,32982924.640045166,1009.0
1,emb_730d_count,embedding_reranker_comparable,0.0,0.0
1,emb_730d_max_reranker_score,embedding_reranker_comparable,1273914.4624786377,935.0
1,emb_730d_max_similarity,embedding_reranker_comparable,576757.8645477295,611.0
1,emb_730d_mean_price,embedding_reranker_comparable,483163.23051452637,518.0
1,emb_730d_mean_reranker_score,embedding_reranker_comparable,838569.6050415039,667.0
1,emb_730d_mean_similarity,embedding_reranker_comparable,478510.94299316406,432.0
1,emb_730d_median_age_diff,embedding_reranker_comparable,968814.1378936768,803.0
1,emb_730d_median_area_diff_pct,embedding_reranker_comparable,666872.9659423828,718.0
1,emb_730d_median_days_diff,embedding_reranker_comparable,654394.095916748,767.0
1,emb_730d_median_price,embedding_reranker_comparable,586213.5852661133,578.0
1,emb_730d_median_similarity,embedding_reranker_comparable,527355.0443725586,550.0
1,emb_730d_nearest_price,embedding_reranker_comparable,938843.0329742432,853.0
1,emb_730d_std_price,embedding_reranker_comparable,901663.1868133545,919.0
1,emb_730d_weighted_mean_price,embedding_reranker_comparable,12487503.922592163,712.0
1,floor,basic_housing,3724691.410987854,982.0
1,floor_ratio,basic_housing,936735.5835800171,865.0
1,has_elevator,basic_housing,59109.07696533203,26.0
1,has_management,basic_housing,326414.46144104004,207.0
1,has_parking,basic_housing,850321.1633605957,218.0
1,is_basement,basic_housing,0.0,0.0
1,land_area_m2,basic_housing,2954105.3685913086,2028.0
1,living_rooms,basic_housing,566724.4872970581,319.0
1,main_building_area_m2,basic_housing,2030009.2314605713,1671.0
1,main_building_area_ping,basic_housing,334919.1806640625,298.0
1,main_use_missing,note_or_quality_flags,1821.719985961914,9.0
1,material,location_time,1208090.216934204,389.0
1,multi_floor,basic_housing,88116.6519165039,69.0
1,parking_area_m2,basic_housing,1792817.2339630127,952.0
1,physical_condition_flag,note_or_quality_flags,219368.7254638672,163.0
1,renovation_flag,note_or_quality_flags,57459.51519012451,47.0
1,rooms,basic_housing,1108222.2481460571,486.0
1,total_floor,basic_housing,1644119.0156402588,1151.0
1,trade_month,location_time,187883.58824157715,233.0
1,trade_quarter,location_time,148734.0184173584,175.0
1,trade_year,location_time,371944.02378845215,206.0
1,trade_yq,location_time,271983.3464355469,218.0
2,auxiliary_area_m2,basic_housing,1912435.8480682373,1338.0
2,balcony_area_m2,basic_housing,1568281.7255706787,1453.0
2,bathrooms,basic_housing,346037.33740234375,254.0
2,broad_note_flag,note_or_quality_flags,92515.2007446289,64.0
2,building_age,basic_housing,4357771.502906799,2777.0
2,building_age_missing,basic_housing,161156.52630615234,72.0
2,building_area_m2,basic_housing,1599136.2551879883,1389.0
2,building_area_ping,basic_housing,346444.2183609009,292.0
2,building_type,location_time,282178.840133667,159.0
2,comp_365d_count,rule_based_comparable,0.0,0.0
2,comp_365d_mean_price,rule_based_comparable,510205.12309265137,496.0
2,comp_365d_median_age_diff,rule_based_comparable,1185098.611366272,1033.0
2,comp_365d_median_area_diff_pct,rule_based_comparable,714914.3418426514,877.0
2,comp_365d_median_days_diff,rule_based_comparable,724211.4879760742,848.0
2,comp_365d_median_distance,rule_based_comparable,844470.5767745972,723.0
2,comp_365d_median_price,rule_based_comparable,683646.6830444336,686.0
2,comp_365d_nearest_distance,rule_based_comparable,813196.6133422852,812.0
2,comp_365d_nearest_price,rule_based_comparable,1038464.2307434082,987.0
2,comp_365d_std_price,rule_based_comparable,1391134.0751037598,1221.0
2,comp_365d_weighted_mean_price,rule_based_comparable,9047980.82913971,514.0
2,comp_730d_count,rule_based_comparable,0.0,0.0
2,comp_730d_mean_price,rule_based_comparable,8262735.434020996,622.0
2,comp_730d_median_age_diff,rule_based_comparable,1408991.7700042725,1155.0
2,comp_730d_median_area_diff_pct,rule_based_comparable,830647.3145141602,947.0
2,comp_730d_median_days_diff,rule_based_comparable,731038.2498168945,876.0
2,comp_730d_median_distance,rule_based_comparable,727429.3612747192,680.0
2,comp_730d_median_price,rule_based_comparable,863258.3039398193,736.0
2,comp_730d_nearest_distance,rule_based_comparable,1003786.0984039307,877.0
2,comp_730d_nearest_price,rule_based_comparable,1899979.339691162,1009.0
2,comp_730d_std_price,rule_based_comparable,1343957.9564056396,1231.0
2,comp_730d_weighted_mean_price,rule_based_comparable,183140616.96159363,936.0
2,district,location_time,589760.3391876221,519.0
2,district_count_180d,time_aware_market,1130022.9116668701,1073.0
2,district_median_price_180d,time_aware_market,1621990.5443496704,933.0
2,district_median_price_365d,time_aware_market,1631641.6334075928,932.0
2,district_price_change_180_365,time_aware_market,879857.884513855,988.0
2,district_type_count_180d,time_aware_market,839911.7729721069,912.0
2,district_type_median_price_180d,time_aware_market,880764.7040481567,725.0
2,district_type_median_price_365d,time_aware_market,972459.7450637817,771.0
2,district_type_price_change_180_365,time_aware_market,983561.4904785156,1119.0
2,emb_1095d_count,embedding_reranker_comparable,0.0,0.0
2,emb_1095d_max_reranker_score,embedding_reranker_comparable,1596768.7453842163,968.0
2,emb_1095d_max_similarity,embedding_reranker_comparable,483298.2008666992,512.0
2,emb_1095d_mean_price,embedding_reranker_comparable,546122.983467102,573.0
2,emb_1095d_mean_reranker_score,embedding_reranker_comparable,713871.6695098877,595.0
2,emb_1095d_mean_similarity,embedding_reranker_comparable,481119.34382629395,426.0
2,emb_1095d_median_age_diff,embedding_reranker_comparable,1051700.3799057007,874.0
2,emb_1095d_median_area_diff_pct,embedding_reranker_comparable,637901.3529663086,711.0
2,emb_1095d_median_days_diff,embedding_reranker_comparable,801479.5482025146,806.0
2,emb_1095d_median_price,embedding_reranker_comparable,615367.1229400635,577.0
2,emb_1095d_median_similarity,embedding_reranker_comparable,514396.52632141113,467.0
2,emb_1095d_nearest_price,embedding_reranker_comparable,1163920.096107483,837.0
2,emb_1095d_std_price,embedding_reranker_comparable,1046978.6800079346,928.0
2,emb_1095d_weighted_mean_price,embedding_reranker_comparable,38727884.479911804,1007.0
2,emb_730d_count,embedding_reranker_comparable,0.0,0.0
2,emb_730d_max_reranker_score,embedding_reranker_comparable,1294667.9753570557,872.0
2,emb_730d_max_similarity,embedding_reranker_comparable,503656.8425140381,585.0
2,emb_730d_mean_price,embedding_reranker_comparable,485799.5069885254,502.0
2,emb_730d_mean_reranker_score,embedding_reranker_comparable,758898.5078430176,650.0
2,emb_730d_mean_similarity,embedding_reranker_comparable,589954.0447692871,502.0
2,emb_730d_median_age_diff,embedding_reranker_comparable,921189.4549255371,809.0
2,emb_730d_median_area_diff_pct,embedding_reranker_comparable,667497.005355835,706.0
2,emb_730d_median_days_diff,embedding_reranker_comparable,715962.6716003418,806.0
2,emb_730d_median_price,embedding_reranker_comparable,572201.4133300781,580.0
2,emb_730d_median_similarity,embedding_reranker_comparable,511961.1880493164,508.0
2,emb_730d_nearest_price,embedding_reranker_comparable,1048673.6419906616,894.0
2,emb_730d_std_price,embedding_reranker_comparable,1002088.9088287354,941.0
2,emb_730d_weighted_mean_price,embedding_reranker_comparable,10907768.071105957,747.0
2,floor,basic_housing,3699300.8388442993,985.0
2,floor_ratio,basic_housing,866730.0399780273,786.0
2,has_elevator,basic_housing,63066.61633300781,29.0
2,has_management,basic_housing,268728.7623138428,162.0
2,has_parking,basic_housing,896789.3067321777,213.0
2,is_basement,basic_housing,0.0,0.0
2,land_area_m2,basic_housing,2949117.68585968,2013.0
2,living_rooms,basic_housing,608247.6518554688,329.0
2,main_building_area_m2,basic_housing,1948609.1787567139,1569.0
2,main_building_area_ping,basic_housing,377772.7110748291,323.0
2,main_use_missing,note_or_quality_flags,4230.622024536133,17.0
2,material,location_time,1156932.0447540283,380.0
2,multi_floor,basic_housing,77372.00793457031,54.0
2,parking_area_m2,basic_housing,1794742.344795227,928.0
2,physical_condition_flag,note_or_quality_flags,266864.20471191406,189.0
2,renovation_flag,note_or_quality_flags,52563.13781738281,51.0
2,rooms,basic_housing,1080742.0630111694,489.0
2,total_floor,basic_housing,1602943.177696228,1146.0
2,trade_month,location_time,186591.34984588623,246.0
2,trade_quarter,location_time,162437.43295288086,177.0
2,trade_year,location_time,526210.2891845703,271.0
2,trade_yq,location_time,209028.14835357666,224.0
3,auxiliary_area_m2,basic_housing,1816592.710220337,1315.0
3,balcony_area_m2,basic_housing,1522820.6858596802,1414.0
3,bathrooms,basic_housing,316268.63705444336,243.0
3,broad_note_flag,note_or_quality_flags,106738.19807434082,68.0
3,building_age,basic_housing,4183141.836418152,2563.0
3,building_age_missing,basic_housing,163049.34936523438,75.0
3,building_area_m2,basic_housing,1364998.4855117798,1127.0
3,building_area_ping,basic_housing,637679.5427398682,506.0
3,building_type,location_time,327896.9868621826,162.0
3,comp_365d_count,rule_based_comparable,0.0,0.0
3,comp_365d_mean_price,rule_based_comparable,577481.9630737305,526.0
3,comp_365d_median_age_diff,rule_based_comparable,1256795.734916687,1100.0
3,comp_365d_median_area_diff_pct,rule_based_comparable,805844.2166900635,948.0
3,comp_365d_median_days_diff,rule_based_comparable,723405.7125701904,841.0
3,comp_365d_median_distance,rule_based_comparable,834479.2951812744,704.0
3,comp_365d_median_price,rule_based_comparable,687073.5926437378,721.0
3,comp_365d_nearest_distance,rule_based_comparable,859191.1154327393,812.0
3,comp_365d_nearest_price,rule_based_comparable,1135971.2157669067,967.0
3,comp_365d_std_price,rule_based_comparable,1323477.7234954834,1228.0
3,comp_365d_weighted_mean_price,rule_based_comparable,6804274.103973389,518.0
3,comp_730d_count,rule_based_comparable,0.0,0.0
3,comp_730d_mean_price,rule_based_comparable,8765964.928657532,618.0
3,comp_730d_median_age_diff,rule_based_comparable,1310454.47164917,1173.0
3,comp_730d_median_area_diff_pct,rule_based_comparable,817037.0527648926,926.0
3,comp_730d_median_days_diff,rule_based_comparable,730394.3914489746,853.0
3,comp_730d_median_distance,rule_based_comparable,722530.4494476318,707.0
3,comp_730d_median_price,rule_based_comparable,1060156.7540969849,688.0
3,comp_730d_nearest_distance,rule_based_comparable,936575.787185669,853.0
3,comp_730d_nearest_price,rule_based_comparable,2018308.2537078857,1039.0
3,comp_730d_std_price,rule_based_comparable,1444849.6903762817,1267.0
3,comp_730d_weighted_mean_price,rule_based_comparable,180408951.07681274,998.0
3,district,location_time,627084.7993240356,512.0
3,district_count_180d,time_aware_market,1052450.7082443237,1020.0
3,district_median_price_180d,time_aware_market,1611886.229560852,933.0
3,district_median_price_365d,time_aware_market,1530710.1769256592,908.0
3,district_price_change_180_365,time_aware_market,870886.1709518433,969.0
3,district_type_count_180d,time_aware_market,917720.6578369141,940.0
3,district_type_median_price_180d,time_aware_market,830515.0032119751,718.0
3,district_type_median_price_365d,time_aware_market,937744.8048934937,762.0
3,district_type_price_change_180_365,time_aware_market,901158.8291091919,1102.0
3,emb_1095d_count,embedding_reranker_comparable,0.0,0.0
3,emb_1095d_max_reranker_score,embedding_reranker_comparable,1730444.091621399,1077.0
3,emb_1095d_max_similarity,embedding_reranker_comparable,475643.21812438965,510.0
3,emb_1095d_mean_price,embedding_reranker_comparable,522395.5634460449,549.0
3,emb_1095d_mean_reranker_score,embedding_reranker_comparable,652376.6100616455,580.0
3,emb_1095d_mean_similarity,embedding_reranker_comparable,466798.33726501465,449.0
3,emb_1095d_median_age_diff,embedding_reranker_comparable,1059686.2298278809,849.0
3,emb_1095d_median_area_diff_pct,embedding_reranker_comparable,626900.3497467041,740.0
3,emb_1095d_median_days_diff,embedding_reranker_comparable,794205.0916748047,837.0
3,emb_1095d_median_price,embedding_reranker_comparable,550962.107345581,579.0
3,emb_1095d_median_similarity,embedding_reranker_comparable,447028.04891967773,448.0
3,emb_1095d_nearest_price,embedding_reranker_comparable,1588001.1212921143,953.0
3,emb_1095d_std_price,embedding_reranker_comparable,1162595.7966308594,974.0
3,emb_1095d_weighted_mean_price,embedding_reranker_comparable,39096229.71398926,977.0
3,emb_730d_count,embedding_reranker_comparable,0.0,0.0
3,emb_730d_max_reranker_score,embedding_reranker_comparable,1375453.3251037598,969.0
3,emb_730d_max_similarity,embedding_reranker_comparable,566902.7884674072,601.0
3,emb_730d_mean_price,embedding_reranker_comparable,490608.51959228516,467.0
3,emb_730d_mean_reranker_score,embedding_reranker_comparable,700510.4122695923,604.0
3,emb_730d_mean_similarity,embedding_reranker_comparable,598748.828994751,511.0
3,emb_730d_median_age_diff,embedding_reranker_comparable,974617.6697387695,799.0
3,emb_730d_median_area_diff_pct,embedding_reranker_comparable,808290.0858917236,835.0
3,emb_730d_median_days_diff,embedding_reranker_comparable,672483.5760498047,794.0
3,emb_730d_median_price,embedding_reranker_comparable,550020.9082336426,556.0
3,emb_730d_median_similarity,embedding_reranker_comparable,519723.5113067627,506.0
3,emb_730d_nearest_price,embedding_reranker_comparable,956296.5594177246,857.0
3,emb_730d_std_price,embedding_reranker_comparable,1032914.9635009766,998.0
3,emb_730d_weighted_mean_price,embedding_reranker_comparable,16754346.856262207,802.0
3,floor,basic_housing,3741017.169403076,1020.0
3,floor_ratio,basic_housing,916022.4439544678,808.0
3,has_elevator,basic_housing,70666.75604248047,39.0
3,has_management,basic_housing,221438.27250671387,132.0
3,has_parking,basic_housing,894571.3815155029,187.0
3,is_basement,basic_housing,0.0,0.0
3,land_area_m2,basic_housing,2865078.0788726807,1952.0
3,living_rooms,basic_housing,453869.8154678345,264.0
3,main_building_area_m2,basic_housing,1910953.3604431152,1505.0
3,main_building_area_ping,basic_housing,363612.6089477539,300.0
3,main_use_missing,note_or_quality_flags,401.5190124511719,2.0
3,material,location_time,1071076.7385025024,373.0
3,multi_floor,basic_housing,63970.67802429199,49.0
3,parking_area_m2,basic_housing,1872693.218788147,922.0
3,physical_condition_flag,note_or_quality_flags,234225.42446899414,175.0
3,renovation_flag,note_or_quality_flags,45139.38395690918,54.0
3,rooms,basic_housing,1063301.7082901,531.0
3,total_floor,basic_housing,1474656.2046813965,1099.0
3,trade_month,location_time,221116.0548400879,280.0
3,trade_quarter,location_time,113042.14978027344,141.0
3,trade_year,location_time,488826.6949081421,279.0
3,trade_yq,location_time,246624.19132995605,243.0
4,auxiliary_area_m2,basic_housing,1587299.1127929688,1198.0
4,balcony_area_m2,basic_housing,1513805.063179016,1453.0
4,bathrooms,basic_housing,300367.6650161743,245.0
4,broad_note_flag,note_or_quality_flags,97157.83561706543,75.0
4,building_age,basic_housing,3997168.1322784424,2568.0
4,building_age_missing,basic_housing,190134.26000976562,78.0
4,building_area_m2,basic_housing,1607124.6854248047,1360.0
4,building_area_ping,basic_housing,353117.2949447632,277.0
4,building_type,location_time,280010.31718444824,143.0
4,comp_365d_count,rule_based_comparable,0.0,0.0
4,comp_365d_mean_price,rule_based_comparable,553585.6635742188,482.0
4,comp_365d_median_age_diff,rule_based_comparable,1147648.656616211,1044.0
4,comp_365d_median_area_diff_pct,rule_based_comparable,773148.0427474976,930.0
4,comp_365d_median_days_diff,rule_based_comparable,644986.5034179688,789.0
4,comp_365d_median_distance,rule_based_comparable,785144.8909606934,719.0
4,comp_365d_median_price,rule_based_comparable,696861.0706329346,731.0
4,comp_365d_nearest_distance,rule_based_comparable,750171.8232574463,736.0
4,comp_365d_nearest_price,rule_based_comparable,1123893.1012115479,996.0
4,comp_365d_std_price,rule_based_comparable,1379526.5252838135,1272.0
4,comp_365d_weighted_mean_price,rule_based_comparable,6479105.226448059,492.0
4,comp_730d_count,rule_based_comparable,0.0,0.0
4,comp_730d_mean_price,rule_based_comparable,7394641.947425842,599.0
4,comp_730d_median_age_diff,rule_based_comparable,1406755.3464813232,1205.0
4,comp_730d_median_area_diff_pct,rule_based_comparable,981131.6381378174,1072.0
4,comp_730d_median_days_diff,rule_based_comparable,758555.9904937744,913.0
4,comp_730d_median_distance,rule_based_comparable,669373.0444335938,662.0
4,comp_730d_median_price,rule_based_comparable,1043306.8162155151,681.0
4,comp_730d_nearest_distance,rule_based_comparable,867114.6094360352,811.0
4,comp_730d_nearest_price,rule_based_comparable,2029956.2181091309,1019.0
4,comp_730d_std_price,rule_based_comparable,1510713.3566741943,1316.0
4,comp_730d_weighted_mean_price,rule_based_comparable,170257471.85339355,957.0
4,district,location_time,581241.0213851929,494.0
4,district_count_180d,time_aware_market,962403.6668701172,978.0
4,district_median_price_180d,time_aware_market,1514893.2536239624,952.0
4,district_median_price_365d,time_aware_market,1370446.8203353882,853.0
4,district_price_change_180_365,time_aware_market,813506.4743118286,976.0
4,district_type_count_180d,time_aware_market,764512.0739898682,898.0
4,district_type_median_price_180d,time_aware_market,761516.9443130493,664.0
4,district_type_median_price_365d,time_aware_market,905123.1587524414,732.0
4,district_type_price_change_180_365,time_aware_market,933970.1333694458,1083.0
4,emb_1095d_count,embedding_reranker_comparable,0.0,0.0
4,emb_1095d_max_reranker_score,embedding_reranker_comparable,1562706.154449463,1043.0
4,emb_1095d_max_similarity,embedding_reranker_comparable,526954.032295227,560.0
4,emb_1095d_mean_price,embedding_reranker_comparable,560293.2324829102,580.0
4,emb_1095d_mean_reranker_score,embedding_reranker_comparable,596781.4494247437,577.0
4,emb_1095d_mean_similarity,embedding_reranker_comparable,502649.1345977783,479.0
4,emb_1095d_median_age_diff,embedding_reranker_comparable,1072068.123664856,864.0
4,emb_1095d_median_area_diff_pct,embedding_reranker_comparable,721524.0556182861,784.0
4,emb_1095d_median_days_diff,embedding_reranker_comparable,733370.5153198242,835.0
4,emb_1095d_median_price,embedding_reranker_comparable,634967.5722732544,670.0
4,emb_1095d_median_similarity,embedding_reranker_comparable,435623.9154663086,467.0
4,emb_1095d_nearest_price,embedding_reranker_comparable,1842883.2067108154,971.0
4,emb_1095d_std_price,embedding_reranker_comparable,1138495.3593826294,1055.0
4,emb_1095d_weighted_mean_price,embedding_reranker_comparable,37762192.54473877,990.0
4,emb_730d_count,embedding_reranker_comparable,0.0,0.0
4,emb_730d_max_reranker_score,embedding_reranker_comparable,1274865.5240783691,901.0
4,emb_730d_max_similarity,embedding_reranker_comparable,565389.2046966553,638.0
4,emb_730d_mean_price,embedding_reranker_comparable,533983.3788757324,519.0
4,emb_730d_mean_reranker_score,embedding_reranker_comparable,774266.3904647827,683.0
4,emb_730d_mean_similarity,embedding_reranker_comparable,598329.5972290039,535.0
4,emb_730d_median_age_diff,embedding_reranker_comparable,984261.8141326904,801.0
4,emb_730d_median_area_diff_pct,embedding_reranker_comparable,743541.0711975098,814.0
4,emb_730d_median_days_diff,embedding_reranker_comparable,712380.7880859375,833.0
4,emb_730d_median_price,embedding_reranker_comparable,636604.1842346191,621.0
4,emb_730d_median_similarity,embedding_reranker_comparable,522556.4383087158,526.0
4,emb_730d_nearest_price,embedding_reranker_comparable,902052.613204956,812.0
4,emb_730d_std_price,embedding_reranker_comparable,1061942.4193344116,993.0
4,emb_730d_weighted_mean_price,embedding_reranker_comparable,17643114.523468018,839.0
4,floor,basic_housing,3550358.0232543945,993.0
4,floor_ratio,basic_housing,909565.2625961304,817.0
4,has_elevator,basic_housing,107442.42050170898,40.0
4,has_management,basic_housing,240785.84631347656,148.0
4,has_parking,basic_housing,891503.4008483887,200.0
4,is_basement,basic_housing,0.0,0.0
4,land_area_m2,basic_housing,2679924.88520813,1980.0
4,living_rooms,basic_housing,421529.12170410156,265.0
4,main_building_area_m2,basic_housing,1884818.384048462,1500.0
4,main_building_area_ping,basic_housing,324734.70458984375,273.0
4,main_use_missing,note_or_quality_flags,0.0,0.0
4,material,location_time,844530.7164077759,303.0
4,multi_floor,basic_housing,77929.07598876953,60.0
4,parking_area_m2,basic_housing,1752830.5667572021,896.0
4,physical_condition_flag,note_or_quality_flags,217886.4953765869,180.0
4,renovation_flag,note_or_quality_flags,39328.83943939209,46.0
4,rooms,basic_housing,980977.9218673706,474.0
4,total_floor,basic_housing,1437256.529411316,1053.0
4,trade_month,location_time,214565.39498901367,292.0
4,trade_quarter,location_time,108643.10482788086,148.0
4,trade_year,location_time,457562.66382598877,258.0
4,trade_yq,location_time,211609.85528564453,231.0
5,auxiliary_area_m2,basic_housing,1618161.0478363037,1257.0
5,balcony_area_m2,basic_housing,1411453.2481079102,1379.0
5,bathrooms,basic_housing,254109.93307495117,211.0
5,broad_note_flag,note_or_quality_flags,91048.77966308594,60.0
5,building_age,basic_housing,3942874.1909103394,2481.0
5,building_age_missing,basic_housing,150625.97955322266,67.0
5,building_area_m2,basic_housing,1624889.507133484,1400.0
5,building_area_ping,basic_housing,353563.92179870605,277.0
5,building_type,location_time,187037.6694869995,141.0
5,comp_365d_count,rule_based_comparable,0.0,0.0
5,comp_365d_mean_price,rule_based_comparable,502172.64739990234,471.0
5,comp_365d_median_age_diff,rule_based_comparable,1089730.0903778076,1030.0
5,comp_365d_median_area_diff_pct,rule_based_comparable,775728.1044464111,900.0
5,comp_365d_median_days_diff,rule_based_comparable,663889.224685669,797.0
5,comp_365d_median_distance,rule_based_comparable,750525.4582290649,683.0
5,comp_365d_median_price,rule_based_comparable,708918.3785858154,677.0
5,comp_365d_nearest_distance,rule_based_comparable,787726.5167694092,835.0
5,comp_365d_nearest_price,rule_based_comparable,1008089.2046737671,998.0
5,comp_365d_std_price,rule_based_comparable,1188229.784439087,1221.0
5,comp_365d_weighted_mean_price,rule_based_comparable,5954805.783843994,523.0
5,comp_730d_count,rule_based_comparable,0.0,0.0
5,comp_730d_mean_price,rule_based_comparable,7995221.2588272095,602.0
5,comp_730d_median_age_diff,rule_based_comparable,1376635.787322998,1184.0
5,comp_730d_median_area_diff_pct,rule_based_comparable,921563.8768692017,1061.0
5,comp_730d_median_days_diff,rule_based_comparable,690754.8839950562,820.0
5,comp_730d_median_distance,rule_based_comparable,790553.5623626709,755.0
5,comp_730d_median_price,rule_based_comparable,1184720.8665008545,695.0
5,comp_730d_nearest_distance,rule_based_comparable,862348.9857635498,819.0
5,comp_730d_nearest_price,rule_based_comparable,1955589.8203201294,1027.0
5,comp_730d_std_price,rule_based_comparable,1435187.7495422363,1291.0
5,comp_730d_weighted_mean_price,rule_based_comparable,164654178.2803421,947.0
5,district,location_time,558404.0102844238,480.0
5,district_count_180d,time_aware_market,961051.4921188354,1030.0
5,district_median_price_180d,time_aware_market,1349270.176727295,898.0
5,district_median_price_365d,time_aware_market,1418696.9604110718,896.0
5,district_price_change_180_365,time_aware_market,794363.3653182983,950.0
5,district_type_count_180d,time_aware_market,817321.3924942017,930.0
5,district_type_median_price_180d,time_aware_market,830513.7545852661,740.0
5,district_type_median_price_365d,time_aware_market,962589.8233795166,794.0
5,district_type_price_change_180_365,time_aware_market,946499.5601196289,1133.0
5,emb_1095d_count,embedding_reranker_comparable,0.0,0.0
5,emb_1095d_max_reranker_score,embedding_reranker_comparable,1561273.0715179443,1020.0
5,emb_1095d_max_similarity,embedding_reranker_comparable,506065.17028808594,538.0
5,emb_1095d_mean_price,embedding_reranker_comparable,584358.6314468384,604.0
5,emb_1095d_mean_reranker_score,embedding_reranker_comparable,730315.2818145752,622.0
5,emb_1095d_mean_similarity,embedding_reranker_comparable,436999.0111846924,485.0
5,emb_1095d_median_age_diff,embedding_reranker_comparable,1110369.6457824707,932.0
5,emb_1095d_median_area_diff_pct,embedding_reranker_comparable,731183.2995376587,802.0
5,emb_1095d_median_days_diff,embedding_reranker_comparable,763542.2794952393,844.0
5,emb_1095d_median_price,embedding_reranker_comparable,615657.4291229248,634.0
5,emb_1095d_median_similarity,embedding_reranker_comparable,546942.2205047607,520.0
5,emb_1095d_nearest_price,embedding_reranker_comparable,1611249.270980835,991.0
5,emb_1095d_std_price,embedding_reranker_comparable,1138407.0059509277,1047.0
5,emb_1095d_weighted_mean_price,embedding_reranker_comparable,39526317.08467865,1034.0
5,emb_730d_count,embedding_reranker_comparable,0.0,0.0
5,emb_730d_max_reranker_score,embedding_reranker_comparable,1204148.9792404175,932.0
5,emb_730d_max_similarity,embedding_reranker_comparable,629142.7033538818,610.0
5,emb_730d_mean_price,embedding_reranker_comparable,566371.4519042969,555.0
5,emb_730d_mean_reranker_score,embedding_reranker_comparable,665949.0324935913,612.0
5,emb_730d_mean_similarity,embedding_reranker_comparable,460961.99130249023,453.0
5,emb_730d_median_age_diff,embedding_reranker_comparable,899090.9425048828,809.0
5,emb_730d_median_area_diff_pct,embedding_reranker_comparable,789059.974533081,815.0
5,emb_730d_median_days_diff,embedding_reranker_comparable,756365.7123413086,877.0
5,emb_730d_median_price,embedding_reranker_comparable,546271.1264877319,559.0
5,emb_730d_median_similarity,embedding_reranker_comparable,529483.1239624023,539.0
5,emb_730d_nearest_price,embedding_reranker_comparable,942140.5592193604,750.0
5,emb_730d_std_price,embedding_reranker_comparable,955915.807182312,972.0
5,emb_730d_weighted_mean_price,embedding_reranker_comparable,15477671.581367493,815.0
5,floor,basic_housing,3529482.690940857,997.0
5,floor_ratio,basic_housing,936341.9667816162,869.0
5,has_elevator,basic_housing,82519.06524658203,39.0
5,has_management,basic_housing,315049.0401611328,167.0
5,has_parking,basic_housing,861370.8025512695,203.0
5,is_basement,basic_housing,0.0,0.0
5,land_area_m2,basic_housing,2540153.685546875,1889.0
5,living_rooms,basic_housing,448973.0482788086,281.0
5,main_building_area_m2,basic_housing,1733004.7617492676,1493.0
5,main_building_area_ping,basic_housing,344627.24418640137,275.0
5,main_use_missing,note_or_quality_flags,541.7830200195312,1.0
5,material,location_time,853470.4309692383,316.0
5,multi_floor,basic_housing,69773.37609863281,53.0
5,parking_area_m2,basic_housing,1710513.2746505737,926.0
5,physical_condition_flag,note_or_quality_flags,229916.03276062012,177.0
5,renovation_flag,note_or_quality_flags,50481.69731903076,51.0
5,rooms,basic_housing,1019484.0845184326,503.0
5,total_floor,basic_housing,1372282.1756134033,1005.0
5,trade_month,location_time,251869.8968887329,318.0
5,trade_quarter,location_time,133363.8970489502,146.0
5,trade_year,location_time,346782.93087768555,215.0
5,trade_yq,location_time,223952.87368774414,245.0
6,auxiliary_area_m2,basic_housing,1533348.2467346191,1193.0
6,balcony_area_m2,basic_housing,1417476.5972595215,1370.0
6,bathrooms,basic_housing,248457.17138671875,216.0
6,broad_note_flag,note_or_quality_flags,88867.25288391113,78.0
6,building_age,basic_housing,4183828.359565735,2534.0
6,building_age_missing,basic_housing,162919.92959594727,54.0
6,building_area_m2,basic_housing,1641283.9202270508,1401.0
6,building_area_ping,basic_housing,396857.1879348755,296.0
6,building_type,location_time,119969.40925598145,86.0
6,comp_365d_count,rule_based_comparable,0.0,0.0
6,comp_365d_mean_price,rule_based_comparable,517743.29137420654,472.0
6,comp_365d_median_age_diff,rule_based_comparable,1235739.1099853516,1073.0
6,comp_365d_median_area_diff_pct,rule_based_comparable,812483.0216522217,931.0
6,comp_365d_median_days_diff,rule_based_comparable,705653.7156600952,867.0
6,comp_365d_median_distance,rule_based_comparable,771920.9886779785,641.0
6,comp_365d_median_price,rule_based_comparable,714686.3433532715,705.0
6,comp_365d_nearest_distance,rule_based_comparable,857681.2430419922,847.0
6,comp_365d_nearest_price,rule_based_comparable,1110029.8374557495,910.0
6,comp_365d_std_price,rule_based_comparable,1193850.673828125,1152.0
6,comp_365d_weighted_mean_price,rule_based_comparable,4366390.954521179,497.0
6,comp_730d_count,rule_based_comparable,0.0,0.0
6,comp_730d_mean_price,rule_based_comparable,7069563.984779358,610.0
6,comp_730d_median_age_diff,rule_based_comparable,1464591.0094680786,1249.0
6,comp_730d_median_area_diff_pct,rule_based_comparable,895820.0262145996,999.0
6,comp_730d_median_days_diff,rule_based_comparable,774646.7371139526,932.0
6,comp_730d_median_distance,rule_based_comparable,716856.1774291992,689.0
6,comp_730d_median_price,rule_based_comparable,1239580.514251709,670.0
6,comp_730d_nearest_distance,rule_based_comparable,870891.0784301758,780.0
6,comp_730d_nearest_price,rule_based_comparable,1909464.0554885864,1076.0
6,comp_730d_std_price,rule_based_comparable,1521702.1647644043,1362.0
6,comp_730d_weighted_mean_price,rule_based_comparable,161822981.60780334,954.0
6,district,location_time,604560.363861084,517.0
6,district_count_180d,time_aware_market,925146.8863143921,921.0
6,district_median_price_180d,time_aware_market,1516584.1584625244,907.0
6,district_median_price_365d,time_aware_market,1258537.0501861572,862.0
6,district_price_change_180_365,time_aware_market,849128.9385223389,976.0
6,district_type_count_180d,time_aware_market,755341.7401733398,809.0
6,district_type_median_price_180d,time_aware_market,800098.9281845093,716.0
6,district_type_median_price_365d,time_aware_market,1049897.5369110107,801.0
6,district_type_price_change_180_365,time_aware_market,911758.5481033325,1047.0
6,emb_1095d_count,embedding_reranker_comparable,0.0,0.0
6,emb_1095d_max_reranker_score,embedding_reranker_comparable,1488212.024230957,997.0
6,emb_1095d_max_similarity,embedding_reranker_comparable,522730.0284423828,602.0
6,emb_1095d_mean_price,embedding_reranker_comparable,519964.05601501465,622.0
6,emb_1095d_mean_reranker_score,embedding_reranker_comparable,784772.784866333,668.0
6,emb_1095d_mean_similarity,embedding_reranker_comparable,485389.0570297241,505.0
6,emb_1095d_median_age_diff,embedding_reranker_comparable,1026453.8888626099,875.0
6,emb_1095d_median_area_diff_pct,embedding_reranker_comparable,823956.3126678467,894.0
6,emb_1095d_median_days_diff,embedding_reranker_comparable,764528.8659973145,828.0
6,emb_1095d_median_price,embedding_reranker_comparable,609590.2365875244,640.0
6,emb_1095d_median_similarity,embedding_reranker_comparable,469116.43408966064,532.0
6,emb_1095d_nearest_price,embedding_reranker_comparable,1412381.8055267334,988.0
6,emb_1095d_std_price,embedding_reranker_comparable,1154745.2508850098,1060.0
6,emb_1095d_weighted_mean_price,embedding_reranker_comparable,40855845.78083038,1115.0
6,emb_730d_count,embedding_reranker_comparable,0.0,0.0
6,emb_730d_max_reranker_score,embedding_reranker_comparable,1072590.1236419678,883.0
6,emb_730d_max_similarity,embedding_reranker_comparable,590756.6094360352,638.0
6,emb_730d_mean_price,embedding_reranker_comparable,569001.3199462891,560.0
6,emb_730d_mean_reranker_score,embedding_reranker_comparable,832493.991317749,649.0
6,emb_730d_mean_similarity,embedding_reranker_comparable,491257.8129577637,487.0
6,emb_730d_median_age_diff,embedding_reranker_comparable,1058250.1139068604,865.0
6,emb_730d_median_area_diff_pct,embedding_reranker_comparable,717114.7634277344,821.0
6,emb_730d_median_days_diff,embedding_reranker_comparable,754299.2771911621,905.0
6,emb_730d_median_price,embedding_reranker_comparable,611932.7881011963,616.0
6,emb_730d_median_similarity,embedding_reranker_comparable,553632.5719451904,542.0
6,emb_730d_nearest_price,embedding_reranker_comparable,1097754.5852279663,838.0
6,emb_730d_std_price,embedding_reranker_comparable,1226669.5385284424,1069.0
6,emb_730d_weighted_mean_price,embedding_reranker_comparable,18527613.36226654,760.0
6,floor,basic_housing,3494737.6214904785,956.0
6,floor_ratio,basic_housing,965991.436050415,862.0
6,has_elevator,basic_housing,79846.67295837402,49.0
6,has_management,basic_housing,215008.35984802246,139.0
6,has_parking,basic_housing,877626.9763336182,206.0
6,is_basement,basic_housing,0.0,0.0
6,land_area_m2,basic_housing,2447537.008163452,1820.0
6,living_rooms,basic_housing,409399.3252105713,254.0
6,main_building_area_m2,basic_housing,1734216.4525604248,1505.0
6,main_building_area_ping,basic_housing,301101.7472076416,244.0
6,main_use_missing,note_or_quality_flags,0.0,0.0
6,material,location_time,747147.6742782593,302.0
6,multi_floor,basic_housing,104633.39282226562,80.0
6,parking_area_m2,basic_housing,1697901.4953689575,903.0
6,physical_condition_flag,note_or_quality_flags,212269.6570739746,153.0
6,renovation_flag,note_or_quality_flags,44277.16359710693,49.0
6,rooms,basic_housing,1007031.779373169,491.0
6,total_floor,basic_housing,1330346.930343628,984.0
6,trade_month,location_time,268385.8172454834,314.0
6,trade_quarter,location_time,115202.72413635254,135.0
6,trade_year,location_time,219836.34326934814,179.0
6,trade_yq,location_time,210934.70077514648,216.0
7,auxiliary_area_m2,basic_housing,1627707.5329742432,1194.0
7,balcony_area_m2,basic_housing,1283729.85055542,1242.0
7,bathrooms,basic_housing,345305.2655181885,268.0
7,broad_note_flag,note_or_quality_flags,62375.599685668945,71.0
7,building_age,basic_housing,4208956.899711609,2525.0
7,building_age_missing,basic_housing,125002.20629882812,55.0
7,building_area_m2,basic_housing,1719334.5445251465,1397.0
7,building_area_ping,basic_housing,456859.24114227295,335.0
7,building_type,location_time,123761.86940002441,107.0
7,comp_365d_count,rule_based_comparable,0.0,0.0
7,comp_365d_mean_price,rule_based_comparable,549572.1615142822,515.0
7,comp_365d_median_age_diff,rule_based_comparable,1152777.3558654785,988.0
7,comp_365d_median_area_diff_pct,rule_based_comparable,729653.8686523438,816.0
7,comp_365d_median_days_diff,rule_based_comparable,864519.5419006348,971.0
7,comp_365d_median_distance,rule_based_comparable,723269.2238464355,659.0
7,comp_365d_median_price,rule_based_comparable,673171.4463119507,640.0
7,comp_365d_nearest_distance,rule_based_comparable,881244.0821685791,856.0
7,comp_365d_nearest_price,rule_based_comparable,1125674.4076004028,939.0
7,comp_365d_std_price,rule_based_comparable,1303699.009628296,1156.0
7,comp_365d_weighted_mean_price,rule_based_comparable,1129768.3368530273,523.0
7,comp_730d_count,rule_based_comparable,0.0,0.0
7,comp_730d_mean_price,rule_based_comparable,22535086.44923401,628.0
7,comp_730d_median_age_diff,rule_based_comparable,1348047.50881958,1175.0
7,comp_730d_median_area_diff_pct,rule_based_comparable,901460.49659729,972.0
7,comp_730d_median_days_diff,rule_based_comparable,794688.9945526123,922.0
7,comp_730d_median_distance,rule_based_comparable,876521.8095779419,751.0
7,comp_730d_median_price,rule_based_comparable,1070149.0755844116,687.0
7,comp_730d_nearest_distance,rule_based_comparable,927450.1538543701,803.0
7,comp_730d_nearest_price,rule_based_comparable,2200521.6742095947,1105.0
7,comp_730d_std_price,rule_based_comparable,1643046.4593200684,1314.0
7,comp_730d_weighted_mean_price,rule_based_comparable,148058647.8569641,882.0
7,district,location_time,630009.5022583008,473.0
7,district_count_180d,time_aware_market,897106.5532608032,935.0
7,district_median_price_180d,time_aware_market,1368467.3145446777,936.0
7,district_median_price_365d,time_aware_market,1394079.286994934,828.0
7,district_price_change_180_365,time_aware_market,770081.0757446289,935.0
7,district_type_count_180d,time_aware_market,942560.6258773804,927.0
7,district_type_median_price_180d,time_aware_market,807097.2771911621,729.0
7,district_type_median_price_365d,time_aware_market,1040969.4968032837,729.0
7,district_type_price_change_180_365,time_aware_market,957378.5403900146,1117.0
7,emb_1095d_count,embedding_reranker_comparable,0.0,0.0
7,emb_1095d_max_reranker_score,embedding_reranker_comparable,1385506.5550231934,988.0
7,emb_1095d_max_similarity,embedding_reranker_comparable,541047.6651382446,580.0
7,emb_1095d_mean_price,embedding_reranker_comparable,865417.2350921631,597.0
7,emb_1095d_mean_reranker_score,embedding_reranker_comparable,678209.1587982178,646.0
7,emb_1095d_mean_similarity,embedding_reranker_comparable,436617.55027770996,500.0
7,emb_1095d_median_age_diff,embedding_reranker_comparable,1005866.2440261841,862.0
7,emb_1095d_median_area_diff_pct,embedding_reranker_comparable,797934.538848877,882.0
7,emb_1095d_median_days_diff,embedding_reranker_comparable,889148.9540252686,885.0
7,emb_1095d_median_price,embedding_reranker_comparable,649030.3893966675,624.0
7,emb_1095d_median_similarity,embedding_reranker_comparable,476645.5991897583,536.0
7,emb_1095d_nearest_price,embedding_reranker_comparable,1684463.7104110718,1021.0
7,emb_1095d_std_price,embedding_reranker_comparable,1180220.5861053467,1070.0
7,emb_1095d_weighted_mean_price,embedding_reranker_comparable,38253043.99166107,945.0
7,emb_730d_count,embedding_reranker_comparable,0.0,0.0
7,emb_730d_max_reranker_score,embedding_reranker_comparable,1269250.9391784668,909.0
7,emb_730d_max_similarity,embedding_reranker_comparable,601870.4462585449,605.0
7,emb_730d_mean_price,embedding_reranker_comparable,525172.4631195068,551.0
7,emb_730d_mean_reranker_score,embedding_reranker_comparable,760500.1351852417,670.0
7,emb_730d_mean_similarity,embedding_reranker_comparable,452164.7497406006,463.0
7,emb_730d_median_age_diff,embedding_reranker_comparable,1057008.428062439,891.0
7,emb_730d_median_area_diff_pct,embedding_reranker_comparable,758103.5964355469,828.0
7,emb_730d_median_days_diff,embedding_reranker_comparable,785513.814529419,849.0
7,emb_730d_median_price,embedding_reranker_comparable,778258.4687423706,658.0
7,emb_730d_median_similarity,embedding_reranker_comparable,516479.04205322266,562.0
7,emb_730d_nearest_price,embedding_reranker_comparable,1519246.1252288818,901.0
7,emb_730d_std_price,embedding_reranker_comparable,1270586.3564605713,1114.0
7,emb_730d_weighted_mean_price,embedding_reranker_comparable,22110344.71862793,778.0
7,floor,basic_housing,3488319.7660369873,970.0
7,floor_ratio,basic_housing,870221.7994995117,782.0
7,has_elevator,basic_housing,78468.2152709961,33.0
7,has_management,basic_housing,208512.90522766113,144.0
7,has_parking,basic_housing,823397.171585083,203.0
7,is_basement,basic_housing,0.0,0.0
7,land_area_m2,basic_housing,2446854.859649658,1965.0
7,living_rooms,basic_housing,388161.5886993408,239.0
7,main_building_area_m2,basic_housing,1742835.443939209,1497.0
7,main_building_area_ping,basic_housing,360796.14015197754,286.0
7,main_use_missing,note_or_quality_flags,9833.801086425781,8.0
7,material,location_time,776203.6361541748,338.0
7,multi_floor,basic_housing,136502.73025512695,90.0
7,parking_area_m2,basic_housing,2040641.374633789,998.0
7,physical_condition_flag,note_or_quality_flags,249394.11459350586,175.0
7,renovation_flag,note_or_quality_flags,36671.35437774658,57.0
7,rooms,basic_housing,1000722.4657058716,493.0
7,total_floor,basic_housing,1273353.18875885,954.0
7,trade_month,location_time,221863.33097076416,279.0
7,trade_quarter,location_time,118321.12173461914,135.0
7,trade_year,location_time,126686.79749298096,127.0
7,trade_yq,location_time,173944.43668365479,207.0
8,auxiliary_area_m2,basic_housing,1591446.2640838623,1135.0
8,balcony_area_m2,basic_housing,1387481.4772033691,1271.0
8,bathrooms,basic_housing,292695.2401351929,239.0
8,broad_note_flag,note_or_quality_flags,93967.53500366211,98.0
8,building_age,basic_housing,4184670.832748413,2486.0
8,building_age_missing,basic_housing,179030.23962402344,60.0
8,building_area_m2,basic_housing,1821071.7385101318,1397.0
8,building_area_ping,basic_housing,292221.7621078491,256.0
8,building_type,location_time,129347.70755004883,118.0
8,comp_365d_count,rule_based_comparable,0.0,0.0
8,comp_365d_mean_price,rule_based_comparable,1693008.4043121338,507.0
8,comp_365d_median_age_diff,rule_based_comparable,1166062.4208755493,988.0
8,comp_365d_median_area_diff_pct,rule_based_comparable,715837.2426681519,817.0
8,comp_365d_median_days_diff,rule_based_comparable,858632.0012664795,929.0
8,comp_365d_median_distance,rule_based_comparable,865466.5308380127,758.0
8,comp_365d_median_price,rule_based_comparable,783107.2353897095,605.0
8,comp_365d_nearest_distance,rule_based_comparable,757717.7972564697,778.0
8,comp_365d_nearest_price,rule_based_comparable,1171147.3769378662,944.0
8,comp_365d_std_price,rule_based_comparable,1219300.3722305298,1135.0
8,comp_365d_weighted_mean_price,rule_based_comparable,10898872.2261734,544.0
8,comp_730d_count,rule_based_comparable,0.0,0.0
8,comp_730d_mean_price,rule_based_comparable,8447992.029449463,533.0
8,comp_730d_median_age_diff,rule_based_comparable,1428195.6207199097,1165.0
8,comp_730d_median_area_diff_pct,rule_based_comparable,837580.4293060303,946.0
8,comp_730d_median_days_diff,rule_based_comparable,861313.2032775879,936.0
8,comp_730d_median_distance,rule_based_comparable,755797.279335022,710.0
8,comp_730d_median_price,rule_based_comparable,2211811.698692322,727.0
8,comp_730d_nearest_distance,rule_based_comparable,878875.4884490967,807.0
8,comp_730d_nearest_price,rule_based_comparable,1870005.1653900146,1011.0
8,comp_730d_std_price,rule_based_comparable,1569956.2291259766,1359.0
8,comp_730d_weighted_mean_price,rule_based_comparable,146984772.0777588,892.0
8,district,location_time,677900.7031326294,480.0
8,district_count_180d,time_aware_market,979856.2241821289,1001.0
8,district_median_price_180d,time_aware_market,1332595.9497909546,863.0
8,district_median_price_365d,time_aware_market,1544698.0739898682,939.0
8,district_price_change_180_365,time_aware_market,811736.4509887695,933.0
8,district_type_count_180d,time_aware_market,785126.0094985962,807.0
8,district_type_median_price_180d,time_aware_market,825479.6865005493,711.0
8,district_type_median_price_365d,time_aware_market,1023937.171836853,674.0
8,district_type_price_change_180_365,time_aware_market,987670.9534378052,1126.0
8,emb_1095d_count,embedding_reranker_comparable,0.0,0.0
8,emb_1095d_max_reranker_score,embedding_reranker_comparable,1401453.6673278809,986.0
8,emb_1095d_max_similarity,embedding_reranker_comparable,644951.2316589355,616.0
8,emb_1095d_mean_price,embedding_reranker_comparable,639579.415184021,588.0
8,emb_1095d_mean_reranker_score,embedding_reranker_comparable,793052.5238418579,711.0
8,emb_1095d_mean_similarity,embedding_reranker_comparable,541900.6990356445,553.0
8,emb_1095d_median_age_diff,embedding_reranker_comparable,1032935.1127624512,935.0
8,emb_1095d_median_area_diff_pct,embedding_reranker_comparable,845186.5603637695,880.0
8,emb_1095d_median_days_diff,embedding_reranker_comparable,1054594.9067230225,992.0
8,emb_1095d_median_price,embedding_reranker_comparable,663745.697341919,669.0
8,emb_1095d_median_similarity,embedding_reranker_comparable,554212.6418914795,593.0
8,emb_1095d_nearest_price,embedding_reranker_comparable,1377248.812034607,991.0
8,emb_1095d_std_price,embedding_reranker_comparable,1272088.213432312,1113.0
8,emb_1095d_weighted_mean_price,embedding_reranker_comparable,33399973.971343994,1007.0
8,emb_730d_count,embedding_reranker_comparable,0.0,0.0
8,emb_730d_max_reranker_score,embedding_reranker_comparable,1242497.1295928955,910.0
8,emb_730d_max_similarity,embedding_reranker_comparable,496645.87474823,561.0
8,emb_730d_mean_price,embedding_reranker_comparable,494018.8846588135,539.0
8,emb_730d_mean_reranker_score,embedding_reranker_comparable,712182.0632095337,623.0
8,emb_730d_mean_similarity,embedding_reranker_comparable,491043.7217178345,515.0
8,emb_730d_median_age_diff,embedding_reranker_comparable,1216706.6940917969,941.0
8,emb_730d_median_area_diff_pct,embedding_reranker_comparable,830368.7893371582,909.0
8,emb_730d_median_days_diff,embedding_reranker_comparable,855285.2098464966,899.0
8,emb_730d_median_price,embedding_reranker_comparable,592693.9786071777,614.0
8,emb_730d_median_similarity,embedding_reranker_comparable,511110.52697753906,580.0
8,emb_730d_nearest_price,embedding_reranker_comparable,1044750.9651794434,877.0
8,emb_730d_std_price,embedding_reranker_comparable,1247115.4329071045,1073.0
8,emb_730d_weighted_mean_price,embedding_reranker_comparable,30171111.608322144,819.0
8,floor,basic_housing,3293016.445915222,956.0
8,floor_ratio,basic_housing,741118.2102661133,711.0
8,has_elevator,basic_housing,61460.112869262695,29.0
8,has_management,basic_housing,135639.91317749023,101.0
8,has_parking,basic_housing,749380.978302002,199.0
8,is_basement,basic_housing,0.0,0.0
8,land_area_m2,basic_housing,2442580.5096588135,1907.0
8,living_rooms,basic_housing,378800.97217559814,255.0
8,main_building_area_m2,basic_housing,1631595.9578704834,1371.0
8,main_building_area_ping,basic_housing,273990.50115966797,247.0
8,main_use_missing,note_or_quality_flags,25950.21597290039,18.0
8,material,location_time,743667.8307266235,292.0
8,multi_floor,basic_housing,199527.53326416016,110.0
8,parking_area_m2,basic_housing,2111271.232116699,1052.0
8,physical_condition_flag,note_or_quality_flags,256425.1273803711,158.0
8,renovation_flag,note_or_quality_flags,31626.242904663086,58.0
8,rooms,basic_housing,1139824.0296707153,535.0
8,total_floor,basic_housing,1410968.4601211548,1026.0
8,trade_month,location_time,267565.232460022,298.0
8,trade_quarter,location_time,115355.94273376465,121.0
8,trade_year,location_time,107944.36094665527,137.0
8,trade_yq,location_time,198919.14408874512,240.0
9,auxiliary_area_m2,basic_housing,1544014.0843963623,1128.0
9,balcony_area_m2,basic_housing,1461662.6412200928,1285.0
9,bathrooms,basic_housing,283185.4587402344,226.0
9,broad_note_flag,note_or_quality_flags,83604.41577148438,80.0
9,building_age,basic_housing,4253062.074508667,2304.0
9,building_age_missing,basic_housing,84035.22897338867,48.0
9,building_area_m2,basic_housing,1862298.3549423218,1360.0
9,building_area_ping,basic_housing,333137.6229248047,278.0
9,building_type,location_time,103480.93643188477,93.0
9,comp_365d_count,rule_based_comparable,0.0,0.0
9,comp_365d_mean_price,rule_based_comparable,532122.9198608398,480.0
9,comp_365d_median_age_diff,rule_based_comparable,1276256.1488494873,1041.0
9,comp_365d_median_area_diff_pct,rule_based_comparable,741263.6215667725,808.0
9,comp_365d_median_days_diff,rule_based_comparable,845385.7700881958,920.0
9,comp_365d_median_distance,rule_based_comparable,839932.0250244141,767.0
9,comp_365d_median_price,rule_based_comparable,721847.5018615723,675.0
9,comp_365d_nearest_distance,rule_based_comparable,872874.7896347046,863.0
9,comp_365d_nearest_price,rule_based_comparable,1275407.4531173706,928.0
9,comp_365d_std_price,rule_based_comparable,1243596.4434509277,1089.0
9,comp_365d_weighted_mean_price,rule_based_comparable,16514780.719543457,500.0
9,comp_730d_count,rule_based_comparable,0.0,0.0
9,comp_730d_mean_price,rule_based_comparable,45150013.91872406,611.0
9,comp_730d_median_age_diff,rule_based_comparable,1488426.39793396,1158.0
9,comp_730d_median_area_diff_pct,rule_based_comparable,940523.2495727539,964.0
9,comp_730d_median_days_diff,rule_based_comparable,897707.6854095459,937.0
9,comp_730d_median_distance,rule_based_comparable,783163.7498397827,719.0
9,comp_730d_median_price,rule_based_comparable,2669086.4487609863,667.0
9,comp_730d_nearest_distance,rule_based_comparable,861311.232711792,824.0
9,comp_730d_nearest_price,rule_based_comparable,1855338.5242843628,987.0
9,comp_730d_std_price,rule_based_comparable,1696181.2978744507,1359.0
9,comp_730d_weighted_mean_price,rule_based_comparable,105780742.36380005,880.0
9,district,location_time,662927.2682113647,493.0
9,district_count_180d,time_aware_market,933641.5151138306,926.0
9,district_median_price_180d,time_aware_market,1518057.1348953247,890.0
9,district_median_price_365d,time_aware_market,1229855.8096313477,854.0
9,district_price_change_180_365,time_aware_market,862434.7166976929,1004.0
9,district_type_count_180d,time_aware_market,742011.7878952026,759.0
9,district_type_median_price_180d,time_aware_market,931357.3622207642,722.0
9,district_type_median_price_365d,time_aware_market,913451.1489181519,690.0
9,district_type_price_change_180_365,time_aware_market,994753.4272003174,1160.0
9,emb_1095d_count,embedding_reranker_comparable,0.0,0.0
9,emb_1095d_max_reranker_score,embedding_reranker_comparable,1235421.4673614502,929.0
9,emb_1095d_max_similarity,embedding_reranker_comparable,576506.1005401611,620.0
9,emb_1095d_mean_price,embedding_reranker_comparable,848555.7767715454,589.0
9,emb_1095d_mean_reranker_score,embedding_reranker_comparable,735332.8482818604,696.0
9,emb_1095d_mean_similarity,embedding_reranker_comparable,564651.5552825928,588.0
9,emb_1095d_median_age_diff,embedding_reranker_comparable,1129912.549156189,942.0
9,emb_1095d_median_area_diff_pct,embedding_reranker_comparable,893633.291557312,907.0
9,emb_1095d_median_days_diff,embedding_reranker_comparable,1033894.3330230713,989.0
9,emb_1095d_median_price,embedding_reranker_comparable,618968.5751800537,662.0
9,emb_1095d_median_similarity,embedding_reranker_comparable,515760.6662750244,561.0
9,emb_1095d_nearest_price,embedding_reranker_comparable,1509664.6737365723,954.0
9,emb_1095d_std_price,embedding_reranker_comparable,1208619.3651657104,1161.0
9,emb_1095d_weighted_mean_price,embedding_reranker_comparable,40431860.3013916,1021.0
9,emb_730d_count,embedding_reranker_comparable,0.0,0.0
9,emb_730d_max_reranker_score,embedding_reranker_comparable,1153126.9106063843,894.0
9,emb_730d_max_similarity,embedding_reranker_comparable,567631.9867858887,647.0
9,emb_730d_mean_price,embedding_reranker_comparable,416836.3902130127,483.0
9,emb_730d_mean_reranker_score,embedding_reranker_comparable,798780.8946533203,683.0
9,emb_730d_mean_similarity,embedding_reranker_comparable,564516.2681350708,566.0
9,emb_730d_median_age_diff,embedding_reranker_comparable,1155405.6930389404,947.0
9,emb_730d_median_area_diff_pct,embedding_reranker_comparable,970873.6348876953,1003.0
9,emb_730d_median_days_diff,embedding_reranker_comparable,886301.1689376831,978.0
9,emb_730d_median_price,embedding_reranker_comparable,658747.2666397095,683.0
9,emb_730d_median_similarity,embedding_reranker_comparable,514147.06672668457,552.0
9,emb_730d_nearest_price,embedding_reranker_comparable,1243317.842300415,951.0
9,emb_730d_std_price,embedding_reranker_comparable,1263778.5228118896,1094.0
9,emb_730d_weighted_mean_price,embedding_reranker_comparable,20806247.49784851,796.0
9,floor,basic_housing,3339281.5278778076,896.0
9,floor_ratio,basic_housing,839600.1006317139,729.0
9,has_elevator,basic_housing,61462.66647338867,22.0
9,has_management,basic_housing,160355.91352844238,118.0
9,has_parking,basic_housing,722146.9498596191,188.0
9,is_basement,basic_housing,0.0,0.0
9,land_area_m2,basic_housing,2418462.499633789,1839.0
9,living_rooms,basic_housing,400303.50562286377,266.0
9,main_building_area_m2,basic_housing,1685477.5920944214,1397.0
9,main_building_area_ping,basic_housing,409673.950592041,318.0
9,main_use_missing,note_or_quality_flags,15215.956115722656,14.0
9,material,location_time,550210.1158294678,265.0
9,multi_floor,basic_housing,186882.38208007812,111.0
9,parking_area_m2,basic_housing,2033468.4029464722,1010.0
9,physical_condition_flag,note_or_quality_flags,276304.13066101074,183.0
9,renovation_flag,note_or_quality_flags,28128.59423828125,50.0
9,rooms,basic_housing,1104078.022140503,460.0
9,total_floor,basic_housing,1302409.6060638428,961.0
9,trade_month,location_time,246921.01792144775,314.0
9,trade_quarter,location_time,101732.7621459961,128.0
9,trade_year,location_time,106592.20802307129,119.0
9,trade_yq,location_time,210524.5555114746,239.0
10,auxiliary_area_m2,basic_housing,1639318.9374542236,1162.0
10,balcony_area_m2,basic_housing,1554534.3893737793,1340.0
10,bathrooms,basic_housing,341138.41481018066,245.0
10,broad_note_flag,note_or_quality_flags,77877.34501647949,81.0
10,building_age,basic_housing,4584435.285079956,2423.0
10,building_age_missing,basic_housing,85269.02322387695,47.0
10,building_area_m2,basic_housing,2018022.1925811768,1406.0
10,building_area_ping,basic_housing,379422.1552886963,307.0
10,building_type,location_time,85225.061668396,90.0
10,comp_365d_count,rule_based_comparable,0.0,0.0
10,comp_365d_mean_price,rule_based_comparable,663446.3157653809,530.0
10,comp_365d_median_age_diff,rule_based_comparable,1176234.9680252075,1064.0
10,comp_365d_median_area_diff_pct,rule_based_comparable,705022.3906555176,808.0
10,comp_365d_median_days_diff,rule_based_comparable,873925.7614822388,916.0
10,comp_365d_median_distance,rule_based_comparable,732281.8350219727,693.0
10,comp_365d_median_price,rule_based_comparable,803426.0332641602,623.0
10,comp_365d_nearest_distance,rule_based_comparable,799091.4928588867,818.0
10,comp_365d_nearest_price,rule_based_comparable,1074674.8007583618,913.0
10,comp_365d_std_price,rule_based_comparable,1246424.0162506104,1111.0
10,comp_365d_weighted_mean_price,rule_based_comparable,16814740.11882782,482.0
10,comp_730d_count,rule_based_comparable,0.0,0.0
10,comp_730d_mean_price,rule_based_comparable,48139381.60596466,610.0
10,comp_730d_median_age_diff,rule_based_comparable,1489700.6724853516,1165.0
10,comp_730d_median_area_diff_pct,rule_based_comparable,915301.5983886719,909.0
10,comp_730d_median_days_diff,rule_based_comparable,902820.4135284424,949.0
10,comp_730d_median_distance,rule_based_comparable,694960.8717498779,666.0
10,comp_730d_median_price,rule_based_comparable,2541447.8504486084,692.0
10,comp_730d_nearest_distance,rule_based_comparable,791201.2546081543,797.0
10,comp_730d_nearest_price,rule_based_comparable,2316362.5386657715,1015.0
10,comp_730d_std_price,rule_based_comparable,1705438.3247528076,1378.0
10,comp_730d_weighted_mean_price,rule_based_comparable,109856415.68418884,868.0
10,district,location_time,553387.468963623,417.0
10,district_count_180d,time_aware_market,1017090.4214401245,995.0
10,district_median_price_180d,time_aware_market,1365949.8671417236,891.0
10,district_median_price_365d,time_aware_market,1318788.2104949951,864.0
10,district_price_change_180_365,time_aware_market,846626.3822479248,973.0
10,district_type_count_180d,time_aware_market,777649.7280273438,784.0
10,district_type_median_price_180d,time_aware_market,934367.0123062134,710.0
10,district_type_median_price_365d,time_aware_market,990270.4411849976,657.0
10,district_type_price_change_180_365,time_aware_market,909628.6989593506,987.0
10,emb_1095d_count,embedding_reranker_comparable,0.0,0.0
10,emb_1095d_max_reranker_score,embedding_reranker_comparable,1274592.8650512695,970.0
10,emb_1095d_max_similarity,embedding_reranker_comparable,640686.6942138672,665.0
10,emb_1095d_mean_price,embedding_reranker_comparable,1028395.7925491333,594.0
10,emb_1095d_mean_reranker_score,embedding_reranker_comparable,801846.1534881592,718.0
10,emb_1095d_mean_similarity,embedding_reranker_comparable,518406.9276275635,525.0
10,emb_1095d_median_age_diff,embedding_reranker_comparable,1244800.6004867554,997.0
10,emb_1095d_median_area_diff_pct,embedding_reranker_comparable,963413.3661193848,962.0
10,emb_1095d_median_days_diff,embedding_reranker_comparable,1140613.023147583,1073.0
10,emb_1095d_median_price,embedding_reranker_comparable,705182.0875167847,697.0
10,emb_1095d_median_similarity,embedding_reranker_comparable,495622.37184906006,542.0
10,emb_1095d_nearest_price,embedding_reranker_comparable,1478745.0606384277,967.0
10,emb_1095d_std_price,embedding_reranker_comparable,1209044.923980713,1109.0
10,emb_1095d_weighted_mean_price,embedding_reranker_comparable,33445845.87536621,973.0
10,emb_730d_count,embedding_reranker_comparable,0.0,0.0
10,emb_730d_max_reranker_score,embedding_reranker_comparable,1127271.1504364014,850.0
10,emb_730d_max_similarity,embedding_reranker_comparable,529776.3527832031,544.0
10,emb_730d_mean_price,embedding_reranker_comparable,553498.8489074707,500.0
10,emb_730d_mean_reranker_score,embedding_reranker_comparable,766086.2972259521,686.0
10,emb_730d_mean_similarity,embedding_reranker_comparable,585114.4171829224,556.0
10,emb_730d_median_age_diff,embedding_reranker_comparable,1274150.8510665894,1053.0
10,emb_730d_median_area_diff_pct,embedding_reranker_comparable,907950.9482955933,910.0
10,emb_730d_median_days_diff,embedding_reranker_comparable,866883.3242340088,972.0
10,emb_730d_median_price,embedding_reranker_comparable,664506.7843399048,615.0
10,emb_730d_median_similarity,embedding_reranker_comparable,602709.8588867188,618.0
10,emb_730d_nearest_price,embedding_reranker_comparable,1262761.0376739502,918.0
10,emb_730d_std_price,embedding_reranker_comparable,1313690.0404968262,1136.0
10,emb_730d_weighted_mean_price,embedding_reranker_comparable,27350195.956878662,857.0
10,floor,basic_housing,3320155.838294983,917.0
10,floor_ratio,basic_housing,809481.0391616821,754.0
10,has_elevator,basic_housing,37945.39791870117,19.0
10,has_management,basic_housing,158158.5121459961,107.0
10,has_parking,basic_housing,771742.8279876709,184.0
10,is_basement,basic_housing,0.0,0.0
10,land_area_m2,basic_housing,2295658.537322998,1788.0
10,living_rooms,basic_housing,438788.0300140381,279.0
10,main_building_area_m2,basic_housing,1741798.0752868652,1382.0
10,main_building_area_ping,basic_housing,367823.8000946045,294.0
10,main_use_missing,note_or_quality_flags,86949.6781616211,54.0
10,material,location_time,557751.811882019,279.0
10,multi_floor,basic_housing,216847.01025390625,97.0
10,parking_area_m2,basic_housing,2014766.1550674438,979.0
10,physical_condition_flag,note_or_quality_flags,329320.20403289795,187.0
10,renovation_flag,note_or_quality_flags,20349.316131591797,46.0
10,rooms,basic_housing,1137905.2951812744,473.0
10,total_floor,basic_housing,1384150.3809661865,943.0
10,trade_month,location_time,232984.4690322876,314.0
10,trade_quarter,location_time,112352.54832458496,143.0
10,trade_year,location_time,168929.67881774902,168.0
10,trade_yq,location_time,196691.012550354,200.0
11,auxiliary_area_m2,basic_housing,1743577.2006454468,1137.0
11,balcony_area_m2,basic_housing,1650971.9764709473,1300.0
11,bathrooms,basic_housing,276320.0217895508,224.0
11,broad_note_flag,note_or_quality_flags,124476.91989135742,87.0
11,building_age,basic_housing,5037450.719779968,2386.0
11,building_age_missing,basic_housing,90851.22192382812,55.0
11,building_area_m2,basic_housing,2046562.588760376,1410.0
11,building_area_ping,basic_housing,435753.06092071533,350.0
11,building_type,location_time,120591.28966522217,112.0
11,comp_365d_count,rule_based_comparable,0.0,0.0
11,comp_365d_mean_price,rule_based_comparable,636275.0541992188,530.0
11,comp_365d_median_age_diff,rule_based_comparable,1179861.972366333,1019.0
11,comp_365d_median_area_diff_pct,rule_based_comparable,692925.4850921631,740.0
11,comp_365d_median_days_diff,rule_based_comparable,929724.1034164429,936.0
11,comp_365d_median_distance,rule_based_comparable,711869.9124908447,654.0
11,comp_365d_median_price,rule_based_comparable,698129.6430206299,631.0
11,comp_365d_nearest_distance,rule_based_comparable,813324.3653564453,813.0
11,comp_365d_nearest_price,rule_based_comparable,1060937.9930343628,928.0
11,comp_365d_std_price,rule_based_comparable,1296931.7854232788,1069.0
11,comp_365d_weighted_mean_price,rule_based_comparable,19058435.403282166,545.0
11,comp_730d_count,rule_based_comparable,0.0,0.0
11,comp_730d_mean_price,rule_based_comparable,50810393.4417038,598.0
11,comp_730d_median_age_diff,rule_based_comparable,1433224.6058654785,1129.0
11,comp_730d_median_area_diff_pct,rule_based_comparable,908302.0408935547,896.0
11,comp_730d_median_days_diff,rule_based_comparable,903153.5220794678,966.0
11,comp_730d_median_distance,rule_based_comparable,781921.1957397461,705.0
11,comp_730d_median_price,rule_based_comparable,2957474.559234619,641.0
11,comp_730d_nearest_distance,rule_based_comparable,923467.3760910034,834.0
11,comp_730d_nearest_price,rule_based_comparable,2309675.5027008057,959.0
11,comp_730d_std_price,rule_based_comparable,1808851.536895752,1426.0
11,comp_730d_weighted_mean_price,rule_based_comparable,115755802.06124878,803.0
11,district,location_time,553678.262840271,426.0
11,district_count_180d,time_aware_market,1141237.1821289062,974.0
11,district_median_price_180d,time_aware_market,1415243.6657791138,910.0
11,district_median_price_365d,time_aware_market,1393110.9477767944,849.0
11,district_price_change_180_365,time_aware_market,940315.7360916138,998.0
11,district_type_count_180d,time_aware_market,819119.0007171631,740.0
11,district_type_median_price_180d,time_aware_market,1075035.4587097168,708.0
11,district_type_median_price_365d,time_aware_market,976444.3469161987,638.0
11,district_type_price_change_180_365,time_aware_market,1022578.5761260986,1070.0
11,emb_1095d_count,embedding_reranker_comparable,0.0,0.0
11,emb_1095d_max_reranker_score,embedding_reranker_comparable,1326782.4609146118,945.0
11,emb_1095d_max_similarity,embedding_reranker_comparable,671256.4467468262,677.0
11,emb_1095d_mean_price,embedding_reranker_comparable,927010.5826339722,540.0
11,emb_1095d_mean_reranker_score,embedding_reranker_comparable,782683.7965698242,713.0
11,emb_1095d_mean_similarity,embedding_reranker_comparable,483889.5893859863,493.0
11,emb_1095d_median_age_diff,embedding_reranker_comparable,1311888.9259490967,1005.0
11,emb_1095d_median_area_diff_pct,embedding_reranker_comparable,959935.5814208984,918.0
11,emb_1095d_median_days_diff,embedding_reranker_comparable,1007706.3924560547,1017.0
11,emb_1095d_median_price,embedding_reranker_comparable,696145.6029815674,649.0
11,emb_1095d_median_similarity,embedding_reranker_comparable,537803.5724487305,546.0
11,emb_1095d_nearest_price,embedding_reranker_comparable,1497237.4938354492,1019.0
11,emb_1095d_std_price,embedding_reranker_comparable,1300187.3494415283,1202.0
11,emb_1095d_weighted_mean_price,embedding_reranker_comparable,37077444.584198,979.0
11,emb_730d_count,embedding_reranker_comparable,0.0,0.0
11,emb_730d_max_reranker_score,embedding_reranker_comparable,1096227.784942627,858.0
11,emb_730d_max_similarity,embedding_reranker_comparable,600879.8692321777,655.0
11,emb_730d_mean_price,embedding_reranker_comparable,619584.9823913574,489.0
11,emb_730d_mean_reranker_score,embedding_reranker_comparable,689527.4198913574,657.0
11,emb_730d_mean_similarity,embedding_reranker_comparable,537217.946685791,559.0
11,emb_730d_median_age_diff,embedding_reranker_comparable,1399365.4051818848,1011.0
11,emb_730d_median_area_diff_pct,embedding_reranker_comparable,1002146.068145752,946.0
11,emb_730d_median_days_diff,embedding_reranker_comparable,1049525.2128677368,1080.0
11,emb_730d_median_price,embedding_reranker_comparable,660773.5871047974,623.0
11,emb_730d_median_similarity,embedding_reranker_comparable,609544.420211792,625.0
11,emb_730d_nearest_price,embedding_reranker_comparable,1411999.0458450317,905.0
11,emb_730d_std_price,embedding_reranker_comparable,1534342.4115142822,1253.0
11,emb_730d_weighted_mean_price,embedding_reranker_comparable,25041650.61012268,803.0
11,floor,basic_housing,3279159.813179016,934.0
11,floor_ratio,basic_housing,912780.2447662354,712.0
11,has_elevator,basic_housing,64829.229064941406,33.0
11,has_management,basic_housing,89069.3415222168,80.0
11,has_parking,basic_housing,770933.5991821289,160.0
11,is_basement,basic_housing,0.0,0.0
11,land_area_m2,basic_housing,2612816.9651870728,1890.0
11,living_rooms,basic_housing,526404.0300369263,292.0
11,main_building_area_m2,basic_housing,1832356.3139419556,1316.0
11,main_building_area_ping,basic_housing,436154.36053466797,324.0
11,main_use_missing,note_or_quality_flags,81312.20306396484,44.0
11,material,location_time,669097.323677063,287.0
11,multi_floor,basic_housing,237129.69732666016,120.0
11,parking_area_m2,basic_housing,2089604.353088379,956.0
11,physical_condition_flag,note_or_quality_flags,349727.49505615234,190.0
11,renovation_flag,note_or_quality_flags,30404.89887237549,54.0
11,rooms,basic_housing,1264628.0734100342,478.0
11,total_floor,basic_housing,1553593.1218032837,938.0
11,trade_month,location_time,223962.86083221436,271.0
11,trade_quarter,location_time,145337.68321228027,149.0
11,trade_year,location_time,220083.73905944824,177.0
11,trade_yq,location_time,229272.10243225098,232.0
12,auxiliary_area_m2,basic_housing,1633225.6730575562,1065.0
12,balcony_area_m2,basic_housing,1505365.3318023682,1221.0
12,bathrooms,basic_housing,267618.88677978516,219.0
12,broad_note_flag,note_or_quality_flags,171587.22247314453,103.0
12,building_age,basic_housing,5075948.267578125,2431.0
12,building_age_missing,basic_housing,49846.22546386719,22.0
12,building_area_m2,basic_housing,2115896.299674988,1347.0
12,building_area_ping,basic_housing,428026.1896209717,308.0
12,building_type,location_time,98650.98833465576,98.0
12,comp_365d_count,rule_based_comparable,0.0,0.0
12,comp_365d_mean_price,rule_based_comparable,848335.3120803833,586.0
12,comp_365d_median_age_diff,rule_based_comparable,1200000.7347106934,1086.0
12,comp_365d_median_area_diff_pct,rule_based_comparable,755454.3855895996,805.0
12,comp_365d_median_days_diff,rule_based_comparable,946732.2758331299,938.0
12,comp_365d_median_distance,rule_based_comparable,740229.0300292969,702.0
12,comp_365d_median_price,rule_based_comparable,743757.8226165771,574.0
12,comp_365d_nearest_distance,rule_based_comparable,839203.5963439941,772.0
12,comp_365d_nearest_price,rule_based_comparable,1153499.0273742676,969.0
12,comp_365d_std_price,rule_based_comparable,1243137.2715835571,1027.0
12,comp_365d_weighted_mean_price,rule_based_comparable,18735791.161224365,545.0
12,comp_730d_count,rule_based_comparable,0.0,0.0
12,comp_730d_mean_price,rule_based_comparable,50350112.63744354,645.0
12,comp_730d_median_age_diff,rule_based_comparable,1494011.5108642578,1223.0
12,comp_730d_median_area_diff_pct,rule_based_comparable,1020000.0360412598,918.0
12,comp_730d_median_days_diff,rule_based_comparable,856202.8044052124,884.0
12,comp_730d_median_distance,rule_based_comparable,794197.2114715576,688.0
12,comp_730d_median_price,rule_based_comparable,2449555.1722106934,623.0
12,comp_730d_nearest_distance,rule_based_comparable,915985.8918914795,813.0
12,comp_730d_nearest_price,rule_based_comparable,2899169.0445861816,1000.0
12,comp_730d_std_price,rule_based_comparable,1669506.6433105469,1368.0
12,comp_730d_weighted_mean_price,rule_based_comparable,117597006.62922668,782.0
12,district,location_time,562368.2926864624,463.0
12,district_count_180d,time_aware_market,1155201.483795166,984.0
12,district_median_price_180d,time_aware_market,1542666.9821243286,896.0
12,district_median_price_365d,time_aware_market,1447490.9468154907,897.0
12,district_price_change_180_365,time_aware_market,1034667.1033782959,1003.0
12,district_type_count_180d,time_aware_market,930689.8206634521,784.0
12,district_type_median_price_180d,time_aware_market,1031461.8098907471,748.0
12,district_type_median_price_365d,time_aware_market,983879.2370223999,662.0
12,district_type_price_change_180_365,time_aware_market,920855.230255127,1022.0
12,emb_1095d_count,embedding_reranker_comparable,0.0,0.0
12,emb_1095d_max_reranker_score,embedding_reranker_comparable,1232439.368461609,967.0
12,emb_1095d_max_similarity,embedding_reranker_comparable,707470.1212844849,689.0
12,emb_1095d_mean_price,embedding_reranker_comparable,1249312.8173828125,562.0
12,emb_1095d_mean_reranker_score,embedding_reranker_comparable,799238.8731994629,756.0
12,emb_1095d_mean_similarity,embedding_reranker_comparable,522271.7448577881,532.0
12,emb_1095d_median_age_diff,embedding_reranker_comparable,1379612.4831848145,1003.0
12,emb_1095d_median_area_diff_pct,embedding_reranker_comparable,1086209.5301742554,964.0
12,emb_1095d_median_days_diff,embedding_reranker_comparable,1015471.0782775879,998.0
12,emb_1095d_median_price,embedding_reranker_comparable,847956.1174621582,675.0
12,emb_1095d_median_similarity,embedding_reranker_comparable,579008.0305786133,568.0
12,emb_1095d_nearest_price,embedding_reranker_comparable,1339007.405052185,989.0
12,emb_1095d_std_price,embedding_reranker_comparable,1303706.2582855225,1186.0
12,emb_1095d_weighted_mean_price,embedding_reranker_comparable,34586519.03657532,932.0
12,emb_730d_count,embedding_reranker_comparable,0.0,0.0
12,emb_730d_max_reranker_score,embedding_reranker_comparable,1129797.7395477295,810.0
12,emb_730d_max_similarity,embedding_reranker_comparable,622404.2238006592,615.0
12,emb_730d_mean_price,embedding_reranker_comparable,626215.1770324707,535.0
12,emb_730d_mean_reranker_score,embedding_reranker_comparable,771302.8529815674,721.0
12,emb_730d_mean_similarity,embedding_reranker_comparable,597534.4083709717,566.0
12,emb_730d_median_age_diff,embedding_reranker_comparable,1451549.6053771973,1082.0
12,emb_730d_median_area_diff_pct,embedding_reranker_comparable,1008247.4169540405,938.0
12,emb_730d_median_days_diff,embedding_reranker_comparable,1081929.3343811035,1115.0
12,emb_730d_median_price,embedding_reranker_comparable,611208.7138137817,561.0
12,emb_730d_median_similarity,embedding_reranker_comparable,658716.2085113525,634.0
12,emb_730d_nearest_price,embedding_reranker_comparable,1391652.478881836,929.0
12,emb_730d_std_price,embedding_reranker_comparable,1487029.578552246,1156.0
12,emb_730d_weighted_mean_price,embedding_reranker_comparable,27883395.820770264,765.0
12,floor,basic_housing,3454152.548110962,974.0
12,floor_ratio,basic_housing,827598.3637084961,707.0
12,has_elevator,basic_housing,96496.13598632812,51.0
12,has_management,basic_housing,97895.18911743164,74.0
12,has_parking,basic_housing,809119.4566650391,169.0
12,is_basement,basic_housing,0.0,0.0
12,land_area_m2,basic_housing,2590474.5330429077,1791.0
12,living_rooms,basic_housing,534269.5372924805,298.0
12,main_building_area_m2,basic_housing,1906427.458480835,1374.0
12,main_building_area_ping,basic_housing,383888.9915008545,272.0
12,main_use_missing,note_or_quality_flags,128133.44665527344,66.0
12,material,location_time,662535.0124893188,264.0
12,multi_floor,basic_housing,196852.76358032227,100.0
12,parking_area_m2,basic_housing,2062472.189300537,995.0
12,physical_condition_flag,note_or_quality_flags,411489.41748046875,191.0
12,renovation_flag,note_or_quality_flags,37432.25154876709,57.0
12,rooms,basic_housing,1241912.691696167,451.0
12,total_floor,basic_housing,1513700.6494293213,846.0
12,trade_month,location_time,241970.5196533203,283.0
12,trade_quarter,location_time,134720.1099243164,143.0
12,trade_year,location_time,334123.16317749023,227.0
12,trade_yq,location_time,204813.09815979004,198.0
13,auxiliary_area_m2,basic_housing,1572403.871520996,1069.0
13,balcony_area_m2,basic_housing,1463846.4492797852,1180.0
13,bathrooms,basic_housing,308019.44815063477,206.0
13,broad_note_flag,note_or_quality_flags,143880.2501220703,98.0
13,building_age,basic_housing,5042295.644813538,2461.0
13,building_age_missing,basic_housing,49066.77722167969,25.0
13,building_area_m2,basic_housing,2168430.619529724,1455.0
13,building_area_ping,basic_housing,498440.023475647,352.0
13,building_type,location_time,99592.00448608398,109.0
13,comp_365d_count,rule_based_comparable,0.0,0.0
13,comp_365d_mean_price,rule_based_comparable,711800.5037765503,514.0
13,comp_365d_median_age_diff,rule_based_comparable,1136763.694343567,1050.0
13,comp_365d_median_area_diff_pct,rule_based_comparable,752448.1390228271,821.0
13,comp_365d_median_days_diff,rule_based_comparable,947839.4326019287,944.0
13,comp_365d_median_distance,rule_based_comparable,724889.4084777832,663.0
13,comp_365d_median_price,rule_based_comparable,631536.9023742676,577.0
13,comp_365d_nearest_distance,rule_based_comparable,937488.237411499,816.0
13,comp_365d_nearest_price,rule_based_comparable,1259935.244277954,1011.0
13,comp_365d_std_price,rule_based_comparable,1314466.1406402588,1062.0
13,comp_365d_weighted_mean_price,rule_based_comparable,18889771.50051117,524.0
13,comp_730d_count,rule_based_comparable,0.0,0.0
13,comp_730d_mean_price,rule_based_comparable,47505990.13071442,569.0
13,comp_730d_median_age_diff,rule_based_comparable,1385472.1593780518,1136.0
13,comp_730d_median_area_diff_pct,rule_based_comparable,892626.5771636963,851.0
13,comp_730d_median_days_diff,rule_based_comparable,898443.0911102295,916.0
13,comp_730d_median_distance,rule_based_comparable,759250.4818115234,670.0
13,comp_730d_median_price,rule_based_comparable,2821720.8359069824,704.0
13,comp_730d_nearest_distance,rule_based_comparable,978861.9354400635,852.0
13,comp_730d_nearest_price,rule_based_comparable,2471828.2640838623,1002.0
13,comp_730d_std_price,rule_based_comparable,1560626.924835205,1308.0
13,comp_730d_weighted_mean_price,rule_based_comparable,115308847.38944244,732.0
13,district,location_time,477727.0899505615,385.0
13,district_count_180d,time_aware_market,1205170.7424240112,995.0
13,district_median_price_180d,time_aware_market,1238100.6009521484,819.0
13,district_median_price_365d,time_aware_market,1625719.1154327393,920.0
13,district_price_change_180_365,time_aware_market,1041252.9072875977,1028.0
13,district_type_count_180d,time_aware_market,913715.9550628662,770.0
13,district_type_median_price_180d,time_aware_market,989460.7671279907,634.0
13,district_type_median_price_365d,time_aware_market,1136958.023979187,734.0
13,district_type_price_change_180_365,time_aware_market,909283.8341369629,958.0
13,emb_1095d_count,embedding_reranker_comparable,0.0,0.0
13,emb_1095d_max_reranker_score,embedding_reranker_comparable,1240406.1479110718,964.0
13,emb_1095d_max_similarity,embedding_reranker_comparable,757560.0450744629,684.0
13,emb_1095d_mean_price,embedding_reranker_comparable,988154.4404602051,533.0
13,emb_1095d_mean_reranker_score,embedding_reranker_comparable,817033.8132095337,745.0
13,emb_1095d_mean_similarity,embedding_reranker_comparable,550580.527633667,552.0
13,emb_1095d_median_age_diff,embedding_reranker_comparable,1344034.799911499,1082.0
13,emb_1095d_median_area_diff_pct,embedding_reranker_comparable,1017308.6790618896,956.0
13,emb_1095d_median_days_diff,embedding_reranker_comparable,1022870.356918335,1023.0
13,emb_1095d_median_price,embedding_reranker_comparable,759762.475769043,756.0
13,emb_1095d_median_similarity,embedding_reranker_comparable,552323.1748504639,575.0
13,emb_1095d_nearest_price,embedding_reranker_comparable,1343536.3937530518,1011.0
13,emb_1095d_std_price,embedding_reranker_comparable,1289207.794998169,1150.0
13,emb_1095d_weighted_mean_price,embedding_reranker_comparable,27634554.047439575,972.0
13,emb_730d_count,embedding_reranker_comparable,0.0,0.0
13,emb_730d_max_reranker_score,embedding_reranker_comparable,1054337.573348999,827.0
13,emb_730d_max_similarity,embedding_reranker_comparable,603961.4058074951,621.0
13,emb_730d_mean_price,embedding_reranker_comparable,705681.7820892334,529.0
13,emb_730d_mean_reranker_score,embedding_reranker_comparable,810786.9410705566,714.0
13,emb_730d_mean_similarity,embedding_reranker_comparable,545365.2642974854,557.0
13,emb_730d_median_age_diff,embedding_reranker_comparable,1413027.647567749,1128.0
13,emb_730d_median_area_diff_pct,embedding_reranker_comparable,1042757.3573608398,970.0
13,emb_730d_median_days_diff,embedding_reranker_comparable,1041285.8690872192,1109.0
13,emb_730d_median_price,embedding_reranker_comparable,686295.4682846069,620.0
13,emb_730d_median_similarity,embedding_reranker_comparable,672425.6977539062,623.0
13,emb_730d_nearest_price,embedding_reranker_comparable,1254255.4288787842,902.0
13,emb_730d_std_price,embedding_reranker_comparable,1500963.7048187256,1212.0
13,emb_730d_weighted_mean_price,embedding_reranker_comparable,28508032.970352173,808.0
13,floor,basic_housing,3242855.227836609,901.0
13,floor_ratio,basic_housing,861228.8578491211,743.0
13,has_elevator,basic_housing,91106.06405639648,31.0
13,has_management,basic_housing,104024.70761108398,65.0
13,has_parking,basic_housing,661594.8846130371,148.0
13,is_basement,basic_housing,0.0,0.0
13,land_area_m2,basic_housing,2558762.222137451,1838.0
13,living_rooms,basic_housing,557359.1910552979,298.0
13,main_building_area_m2,basic_housing,1823870.3220214844,1351.0
13,main_building_area_ping,basic_housing,429567.12928009033,314.0
13,main_use_missing,note_or_quality_flags,145517.18884277344,64.0
13,material,location_time,740236.7574310303,245.0
13,multi_floor,basic_housing,233790.99592590332,106.0
13,parking_area_m2,basic_housing,1993996.7940368652,1003.0
13,physical_condition_flag,note_or_quality_flags,436711.1501464844,207.0
13,renovation_flag,note_or_quality_flags,41923.56203460693,51.0
13,rooms,basic_housing,989358.9739685059,420.0
13,total_floor,basic_housing,1417262.3630599976,847.0
13,trade_month,location_time,237154.30172729492,266.0
13,trade_quarter,location_time,145397.2811279297,156.0
13,trade_year,location_time,199316.72470092773,153.0
13,trade_yq,location_time,295573.8961791992,250.0
14,auxiliary_area_m2,basic_housing,1579257.7160339355,1058.0
14,balcony_area_m2,basic_housing,1494507.6044921875,1209.0
14,bathrooms,basic_housing,326626.9240722656,228.0
14,broad_note_flag,note_or_quality_flags,134125.07426452637,91.0
14,building_age,basic_housing,4842439.979980469,2355.0
14,building_age_missing,basic_housing,73330.6650390625,26.0
14,building_area_m2,basic_housing,2205619.130104065,1441.0
14,building_area_ping,basic_housing,428869.37701416016,291.0
14,building_type,location_time,84976.19199371338,91.0
14,comp_365d_count,rule_based_comparable,0.0,0.0
14,comp_365d_mean_price,rule_based_comparable,801709.3053894043,505.0
14,comp_365d_median_age_diff,rule_based_comparable,1139701.8647766113,1046.0
14,comp_365d_median_area_diff_pct,rule_based_comparable,784734.12059021,808.0
14,comp_365d_median_days_diff,rule_based_comparable,887350.4681243896,914.0
14,comp_365d_median_distance,rule_based_comparable,771757.804107666,771.0
14,comp_365d_median_price,rule_based_comparable,742626.9446563721,620.0
14,comp_365d_nearest_distance,rule_based_comparable,854389.6095123291,834.0
14,comp_365d_nearest_price,rule_based_comparable,1146524.8320541382,924.0
14,comp_365d_std_price,rule_based_comparable,1311022.4396514893,1085.0
14,comp_365d_weighted_mean_price,rule_based_comparable,18673892.13534546,519.0
14,comp_730d_count,rule_based_comparable,0.0,0.0
14,comp_730d_mean_price,rule_based_comparable,46591655.16718292,590.0
14,comp_730d_median_age_diff,rule_based_comparable,1382519.6992874146,1129.0
14,comp_730d_median_area_diff_pct,rule_based_comparable,1005175.5724487305,893.0
14,comp_730d_median_days_diff,rule_based_comparable,958364.9821929932,968.0
14,comp_730d_median_distance,rule_based_comparable,778979.2592926025,690.0
14,comp_730d_median_price,rule_based_comparable,2078625.166999817,569.0
14,comp_730d_nearest_distance,rule_based_comparable,967237.3489685059,876.0
14,comp_730d_nearest_price,rule_based_comparable,2599319.8350372314,954.0
14,comp_730d_std_price,rule_based_comparable,1566744.2013015747,1239.0
14,comp_730d_weighted_mean_price,rule_based_comparable,114251669.02462006,739.0
14,district,location_time,552978.6672515869,400.0
14,district_count_180d,time_aware_market,1179354.8145980835,947.0
14,district_median_price_180d,time_aware_market,1301061.4235839844,866.0
14,district_median_price_365d,time_aware_market,1443440.740371704,855.0
14,district_price_change_180_365,time_aware_market,1068845.6328277588,982.0
14,district_type_count_180d,time_aware_market,854563.6783447266,761.0
14,district_type_median_price_180d,time_aware_market,1017877.5740127563,696.0
14,district_type_median_price_365d,time_aware_market,879238.173500061,645.0
14,district_type_price_change_180_365,time_aware_market,968331.1328125,1022.0
14,emb_1095d_count,embedding_reranker_comparable,0.0,0.0
14,emb_1095d_max_reranker_score,embedding_reranker_comparable,1218314.8404922485,991.0
14,emb_1095d_max_similarity,embedding_reranker_comparable,795148.5054473877,724.0
14,emb_1095d_mean_price,embedding_reranker_comparable,1096486.9794006348,553.0
14,emb_1095d_mean_reranker_score,embedding_reranker_comparable,920815.0477523804,807.0
14,emb_1095d_mean_similarity,embedding_reranker_comparable,584780.5179443359,564.0
14,emb_1095d_median_age_diff,embedding_reranker_comparable,1450489.293258667,1141.0
14,emb_1095d_median_area_diff_pct,embedding_reranker_comparable,1032581.8222351074,978.0
14,emb_1095d_median_days_diff,embedding_reranker_comparable,1109239.1832199097,1067.0
14,emb_1095d_median_price,embedding_reranker_comparable,735230.0585021973,678.0
14,emb_1095d_median_similarity,embedding_reranker_comparable,577421.5612335205,587.0
14,emb_1095d_nearest_price,embedding_reranker_comparable,1168809.538383484,961.0
14,emb_1095d_std_price,embedding_reranker_comparable,1232722.529220581,1182.0
14,emb_1095d_weighted_mean_price,embedding_reranker_comparable,28055924.654678345,1019.0
14,emb_730d_count,embedding_reranker_comparable,0.0,0.0
14,emb_730d_max_reranker_score,embedding_reranker_comparable,985882.7593765259,818.0
14,emb_730d_max_similarity,embedding_reranker_comparable,677016.0717926025,677.0
14,emb_730d_mean_price,embedding_reranker_comparable,660186.4238204956,547.0
14,emb_730d_mean_reranker_score,embedding_reranker_comparable,717853.8294219971,700.0
14,emb_730d_mean_similarity,embedding_reranker_comparable,584338.6522064209,593.0
14,emb_730d_median_age_diff,embedding_reranker_comparable,1540789.0992584229,1164.0
14,emb_730d_median_area_diff_pct,embedding_reranker_comparable,1076355.660522461,1005.0
14,emb_730d_median_days_diff,embedding_reranker_comparable,1036461.3112411499,1053.0
14,emb_730d_median_price,embedding_reranker_comparable,730176.236831665,684.0
14,emb_730d_median_similarity,embedding_reranker_comparable,648254.8474884033,632.0
14,emb_730d_nearest_price,embedding_reranker_comparable,1225874.6844024658,957.0
14,emb_730d_std_price,embedding_reranker_comparable,1412063.9510498047,1212.0
14,emb_730d_weighted_mean_price,embedding_reranker_comparable,25625570.70677185,832.0
14,floor,basic_housing,3169369.530433655,897.0
14,floor_ratio,basic_housing,877976.8477096558,710.0
14,has_elevator,basic_housing,72113.97079467773,25.0
14,has_management,basic_housing,104228.37088012695,74.0
14,has_parking,basic_housing,653723.8157958984,156.0
14,is_basement,basic_housing,0.0,0.0
14,land_area_m2,basic_housing,2574143.9359283447,1811.0
14,living_rooms,basic_housing,525544.5126419067,300.0
14,main_building_area_m2,basic_housing,1762961.2854309082,1298.0
14,main_building_area_ping,basic_housing,362073.28495025635,280.0
14,main_use_missing,note_or_quality_flags,214721.59259033203,87.0
14,material,location_time,722000.9391021729,249.0
14,multi_floor,basic_housing,215996.26202392578,119.0
14,parking_area_m2,basic_housing,1859366.591506958,905.0
14,physical_condition_flag,note_or_quality_flags,483616.40047454834,223.0
14,renovation_flag,note_or_quality_flags,30398.01636505127,48.0
14,rooms,basic_housing,796523.7957763672,377.0
14,total_floor,basic_housing,1401077.3116073608,878.0
14,trade_month,location_time,234257.1516265869,274.0
14,trade_quarter,location_time,137997.5039215088,134.0
14,trade_year,location_time,172798.53414916992,162.0
14,trade_yq,location_time,256525.8730316162,230.0
15,auxiliary_area_m2,basic_housing,1727689.757965088,1031.0
15,balcony_area_m2,basic_housing,1484052.3342819214,1203.0
15,bathrooms,basic_housing,339272.6721572876,243.0
15,broad_note_flag,note_or_quality_flags,156062.60162353516,91.0
15,building_age,basic_housing,4992110.269592285,2359.0
15,building_age_missing,basic_housing,93976.99526977539,43.0
15,building_area_m2,basic_housing,2258286.2441711426,1458.0
15,building_area_ping,basic_housing,592518.9308013916,382.0
15,building_type,location_time,103515.9935760498,101.0
15,comp_365d_count,rule_based_comparable,0.0,0.0
15,comp_365d_mean_price,rule_based_comparable,990651.7370834351,493.0
15,comp_365d_median_age_diff,rule_based_comparable,1147723.421508789,1067.0
15,comp_365d_median_area_diff_pct,rule_based_comparable,773663.5841827393,806.0
15,comp_365d_median_days_diff,rule_based_comparable,924979.9008407593,951.0
15,comp_365d_median_distance,rule_based_comparable,859999.1354217529,764.0
15,comp_365d_median_price,rule_based_comparable,773102.0762939453,643.0
15,comp_365d_nearest_distance,rule_based_comparable,750193.5443115234,788.0
15,comp_365d_nearest_price,rule_based_comparable,1001989.7951202393,910.0
15,comp_365d_std_price,rule_based_comparable,1354882.0055541992,1126.0
15,comp_365d_weighted_mean_price,rule_based_comparable,19057915.333503723,512.0
15,comp_730d_count,rule_based_comparable,0.0,0.0
15,comp_730d_mean_price,rule_based_comparable,48383413.5705719,568.0
15,comp_730d_median_age_diff,rule_based_comparable,1319379.8228683472,1096.0
15,comp_730d_median_area_diff_pct,rule_based_comparable,902204.0806274414,886.0
15,comp_730d_median_days_diff,rule_based_comparable,916282.1801681519,897.0
15,comp_730d_median_distance,rule_based_comparable,874220.9801330566,736.0
15,comp_730d_median_price,rule_based_comparable,1794596.0998077393,605.0
15,comp_730d_nearest_distance,rule_based_comparable,903204.0479125977,798.0
15,comp_730d_nearest_price,rule_based_comparable,2413105.8946533203,981.0
15,comp_730d_std_price,rule_based_comparable,1579135.6207504272,1301.0
15,comp_730d_weighted_mean_price,rule_based_comparable,118217720.97807312,722.0
15,district,location_time,482476.70093536377,398.0
15,district_count_180d,time_aware_market,1204296.8478469849,894.0
15,district_median_price_180d,time_aware_market,1194093.605682373,811.0
15,district_median_price_365d,time_aware_market,1426447.9338226318,872.0
15,district_price_change_180_365,time_aware_market,1093904.505859375,1075.0
15,district_type_count_180d,time_aware_market,955883.6885223389,770.0
15,district_type_median_price_180d,time_aware_market,1025909.4457321167,692.0
15,district_type_median_price_365d,time_aware_market,882455.6424560547,658.0
15,district_type_price_change_180_365,time_aware_market,941386.6204681396,1016.0
15,emb_1095d_count,embedding_reranker_comparable,0.0,0.0
15,emb_1095d_max_reranker_score,embedding_reranker_comparable,1164020.0669937134,998.0
15,emb_1095d_max_similarity,embedding_reranker_comparable,816844.9147262573,747.0
15,emb_1095d_mean_price,embedding_reranker_comparable,1011133.0747375488,589.0
15,emb_1095d_mean_reranker_score,embedding_reranker_comparable,794028.3580703735,783.0
15,emb_1095d_mean_similarity,embedding_reranker_comparable,603320.1857452393,584.0
15,emb_1095d_median_age_diff,embedding_reranker_comparable,1570003.5194473267,1190.0
15,emb_1095d_median_area_diff_pct,embedding_reranker_comparable,1013248.6788330078,947.0
15,emb_1095d_median_days_diff,embedding_reranker_comparable,1039295.8052368164,1040.0
15,emb_1095d_median_price,embedding_reranker_comparable,657136.0570678711,640.0
15,emb_1095d_median_similarity,embedding_reranker_comparable,578438.2183685303,595.0
15,emb_1095d_nearest_price,embedding_reranker_comparable,1251799.7087860107,951.0
15,emb_1095d_std_price,embedding_reranker_comparable,1252291.3301010132,1183.0
15,emb_1095d_weighted_mean_price,embedding_reranker_comparable,22881676.285110474,911.0
15,emb_730d_count,embedding_reranker_comparable,0.0,0.0
15,emb_730d_max_reranker_score,embedding_reranker_comparable,1013604.749420166,801.0
15,emb_730d_max_similarity,embedding_reranker_comparable,753344.2629394531,724.0
15,emb_730d_mean_price,embedding_reranker_comparable,614267.0612869263,509.0
15,emb_730d_mean_reranker_score,embedding_reranker_comparable,750077.7209625244,768.0
15,emb_730d_mean_similarity,embedding_reranker_comparable,545125.457107544,581.0
15,emb_730d_median_age_diff,embedding_reranker_comparable,1530890.9912338257,1144.0
15,emb_730d_median_area_diff_pct,embedding_reranker_comparable,1138441.4865570068,1013.0
15,emb_730d_median_days_diff,embedding_reranker_comparable,1020600.4915466309,1051.0
15,emb_730d_median_price,embedding_reranker_comparable,787304.266204834,722.0
15,emb_730d_median_similarity,embedding_reranker_comparable,640895.3319244385,644.0
15,emb_730d_nearest_price,embedding_reranker_comparable,1207983.6855697632,931.0
15,emb_730d_std_price,embedding_reranker_comparable,1356301.4075012207,1141.0
15,emb_730d_weighted_mean_price,embedding_reranker_comparable,24019404.812820435,884.0
15,floor,basic_housing,3158026.156517029,866.0
15,floor_ratio,basic_housing,802669.5235595703,683.0
15,has_elevator,basic_housing,42958.56103515625,16.0
15,has_management,basic_housing,73921.51947021484,49.0
15,has_parking,basic_housing,639923.725769043,136.0
15,is_basement,basic_housing,0.0,0.0
15,land_area_m2,basic_housing,2638747.7239837646,1795.0
15,living_rooms,basic_housing,496311.81547546387,314.0
15,main_building_area_m2,basic_housing,1747477.9358139038,1264.0
15,main_building_area_ping,basic_housing,435495.01374816895,310.0
15,main_use_missing,note_or_quality_flags,223855.79034423828,89.0
15,material,location_time,647813.197883606,199.0
15,multi_floor,basic_housing,189890.14129638672,119.0
15,parking_area_m2,basic_housing,1838430.0762939453,913.0
15,physical_condition_flag,note_or_quality_flags,515296.1831359863,211.0
15,renovation_flag,note_or_quality_flags,27189.81605529785,41.0
15,rooms,basic_housing,1091462.9262313843,410.0
15,total_floor,basic_housing,1487885.6789474487,914.0
15,trade_month,location_time,247014.4497833252,270.0
15,trade_quarter,location_time,173561.03607177734,161.0
15,trade_year,location_time,174174.71127319336,151.0
15,trade_yq,location_time,321909.5216064453,271.0
