feature,feature_group,mean_gain_importance,std_gain_importance,mean_split_importance,std_split_importance,rank_gain,rank_split
comp_730d_weighted_mean_price,comparable_sales,172817195.050177,20791941.52388104,810.4666666666667,43.92179196621889,1,11
comp_730d_mean_price,comparable_sales,33641188.99622498,12355862.764052883,583.7333333333333,37.11462296851793,2,22
comp_365d_weighted_mean_price,comparable_sales,11747729.652401734,5973493.327781573,400.2,36.1390173002611,3,39
building_age,basic_housing,6191285.451554362,414325.259703063,2028.4,64.03659667944346,4,1
floor,basic_housing,4613912.695616659,336025.62743087916,763.1333333333333,29.26935663958533,5,12
comp_730d_median_price,comparable_sales,3953243.2721740725,4645426.568650554,529.1333333333333,37.026759949811364,6,27
total_floor,basic_housing,3548937.0179931642,372651.61271680315,1050.3333333333333,80.4990387401939,7,3
land_area_m2,basic_housing,3113775.1763081867,182075.0525083462,1430.0,58.57717741822075,8,2
comp_730d_nearest_price,comparable_sales,3022060.109881592,567107.7445067465,648.1333333333333,30.898142955446993,9,16
parking_area_m2,basic_housing,2681490.9409810384,285537.09135425853,855.8666666666667,64.25270051763991,10,8
rooms,basic_housing,2469970.2484141034,191672.3922754682,512.5333333333333,30.511980472938028,11,29
district_type_median_price_365d,time_aware_market,2316406.494546509,399636.7825191165,609.7333333333333,34.50355399223736,12,18
district_median_price_365d,time_aware_market,2299010.1618052167,236291.2928970116,655.2,44.36890803254012,13,14
auxiliary_area_m2,basic_housing,2223320.143378703,158992.36145552425,929.3333333333334,67.08168439262977,14,6
main_building_area_m2,basic_housing,2128279.7121103923,211460.03419026537,991.9333333333333,41.71410632707676,15,4
comp_365d_mean_price,comparable_sales,2062730.8563771567,2608703.3028823785,407.3333333333333,42.89633128946153,16,38
building_area_m2,basic_housing,1935831.0239552816,309370.7076570294,971.9333333333333,96.37535745100779,17,5
district_median_price_180d,time_aware_market,1878959.7262379965,145218.95861784418,653.4666666666667,38.0091467688402,18,15
comp_730d_std_price,comparable_sales,1802688.8371775309,246067.56033950986,861.7333333333333,63.23478548424196,19,7
material_鋼筋混凝土造,other,1760731.5884297688,286660.7403030111,179.06666666666666,22.31100518535532,20,44
comp_730d_median_age_diff,comparable_sales,1693323.3546508788,152083.43508013317,819.2,50.78273047292469,21,10
district_type_median_price_180d,time_aware_market,1551055.4164581299,255281.87675637848,530.2,34.40971623580429,22,25
balcony_area_m2,basic_housing,1479384.9403798422,89593.57833124754,833.5333333333333,36.86242117981533,23,9
comp_365d_median_age_diff,comparable_sales,1235294.2935729981,88558.73817322285,670.4666666666667,30.172993285544667,24,13
comp_365d_std_price,comparable_sales,1200310.4931559244,56476.32138970101,646.6666666666666,31.781995502095814,25,17
district_count_180d,time_aware_market,1064963.774013265,143318.291541556,601.8666666666667,50.61319233258499,26,19
comp_730d_nearest_distance,comparable_sales,1059787.6742045085,104612.18627932857,529.2666666666667,26.93236679076649,27,26
floor_ratio,basic_housing,993735.3609690348,90294.82997403426,541.0666666666667,51.969038401542036,28,23
comp_365d_nearest_price,comparable_sales,956396.6503936767,85698.74858817642,593.4,44.027264280216144,29,21
has_parking,basic_housing,855251.5728088379,68260.63348899614,117.66666666666667,15.150043218545935,30,47
district_type_price_change_180_365,time_aware_market,845705.5691864013,71651.84603201103,594.6,36.62902830113998,31,20
comp_365d_median_price,comparable_sales,842824.3470967611,212979.90972081493,476.26666666666665,32.06570635132687,32,32
district_type_count_180d,time_aware_market,826474.2540242512,113721.41527612445,507.8,29.93135002444281,33,30
comp_365d_median_distance,comparable_sales,815860.4647521973,93825.40342187222,431.53333333333336,42.033773269099875,34,36
comp_730d_median_distance,comparable_sales,794029.8950297037,89142.32418514423,420.26666666666665,38.4957635269624,35,37
district_price_change_180_365,time_aware_market,786663.0679585774,108113.87684777082,521.7333333333333,50.35795676478355,36,28
comp_730d_median_area_diff_pct,comparable_sales,785076.9795196534,116413.14862724552,541.0,50.86255990411809,37,24
comp_365d_nearest_distance,comparable_sales,763159.6601552328,59985.886765159994,470.06666666666666,28.118287558777368,38,34
comp_730d_median_days_diff,comparable_sales,697146.4804677328,143425.6890009403,482.6,62.87038821484812,39,31
comp_365d_median_days_diff,comparable_sales,665037.4649586995,91291.05236919015,470.6666666666667,40.60025803342821,40,33
comp_365d_median_area_diff_pct,comparable_sales,653496.5560343425,86427.2385952733,460.8,42.2445262726427,41,35
living_rooms,basic_housing,631170.6959014892,152166.35734990664,248.73333333333332,30.62320937427938,42,40
bathrooms,basic_housing,444018.00963134767,40196.76751701426,206.33333333333334,17.556710831989434,43,41
main_building_area_ping,basic_housing,434395.249105835,25339.1271730079,205.4,13.308429122713381,44,42
physical_condition_flag,note_flags,413749.5902587891,123899.1903533492,127.26666666666667,13.43485162163089,45,45
building_area_ping,basic_housing,412581.3370015462,84603.6939646193,200.8,36.14099374078456,46,43
material_鋼骨造,other,336822.6792297363,48918.09475751495,66.0,10.79682493010925,47,57
building_age_missing,basic_housing,314002.20795898436,164660.17116415978,76.66666666666667,30.990013752513125,48,53
has_management,basic_housing,278921.86891886394,117757.87197861608,99.06666666666666,36.64787397198734,49,48
multi_floor,basic_housing,249349.69724324543,113151.28648279692,85.26666666666667,28.28544973421258,50,51
district_松山區,location_time,239091.042578125,68246.74933230013,85.06666666666666,16.24133468594723,51,52
district_信義區,location_time,212366.80330200196,53072.09859193899,92.46666666666667,13.804071173113421,52,50
building_type_華廈(10層含以下有電梯),basic_housing,199264.23985087077,86986.70749170073,95.26666666666667,11.64024218370211,53,49
trade_year,location_time,183328.71909586588,49945.87978550971,122.53333333333333,24.091689932620415,54,46
district_中正區,location_time,178765.25119018555,28446.118030092235,67.53333333333333,9.249453008280051,55,55
material_鋼骨鋼筋混凝土造,other,173938.9319152832,71405.6569986597,70.86666666666666,28.68764459451059,56,54
district_中山區,location_time,153152.6869486491,28157.13262122224,60.666666666666664,12.086986311535147,57,58
broad_note_flag,note_flags,112157.70119018554,43771.73320874126,52.6,13.788193707454422,58,59
district_士林區,location_time,112157.01187133789,27378.72448347389,67.33333333333333,14.529116906929962,59,56
district_大安區,location_time,91392.84083760579,52781.773671588606,17.733333333333334,8.9798716715828,60,84
material_見其他登記事項,other,90316.6131998698,124594.81820600349,33.111111111111114,27.360758598970005,61,65
renovation_flag,note_flags,72572.45827534994,31503.24934366378,48.6,6.566146945834043,62,60
has_elevator,basic_housing,72532.05674845378,31110.86897628225,16.0,5.916079783099616,63,88
main_use_missing,basic_housing,67626.90408732096,83625.58611172216,25.533333333333335,24.86784115699479,64,72
district_北投區,location_time,64622.67828572591,16237.030404270363,32.86666666666667,8.943207052336001,65,66
district_南港區,location_time,62731.584670003256,22128.460611960283,33.333333333333336,11.932348988399239,66,64
material_加強磚造,other,59877.00649617513,23913.073758272836,32.4,8.122279764415197,67,67
trade_yq_2024Q3,location_time,57619.17855834961,22491.48404604537,30.25,12.446552400832395,68,70
building_type_公寓(5樓含以下無電梯),basic_housing,52403.19180908203,26223.269245524138,9.4,5.3692244717995745,69,107
district_大同區,location_time,49815.300920613605,18660.895848848704,30.333333333333332,12.584949438950973,70,69
trade_yq_2024Q4,location_time,48152.43508911133,17494.772543224222,34.0,10.535653752852738,71,62
district_內湖區,location_time,46697.51645711263,16379.12946170195,23.133333333333333,7.189940062005948,72,76
material_鋼筋混凝土造，鋼骨鋼筋混凝土造,other,43378.16408589681,29012.716456132315,22.4,16.952875862224673,73,78
trade_yq_2021Q4,location_time,37670.06370162964,32365.550732465457,31.083333333333332,20.371362846958082,74,68
district_萬華區,location_time,34284.434725952146,9586.456577373443,40.2,4.930951806120773,75,61
building_type_住宅大樓(11層含以上有電梯),basic_housing,33336.081418863934,20339.12914338201,10.733333333333333,4.757950739351473,76,101
trade_yq_2024Q2,location_time,33305.91899414062,11033.381100532111,23.2,9.602083107326242,77,75
trade_yq_2020Q1,location_time,32654.68735656738,14466.624759775685,33.8,7.1902712048990205,78,63
trade_quarter_2.0,location_time,31892.553521728514,9135.2198279825,24.466666666666665,5.235410567426763,79,73
trade_quarter_1.0,location_time,29678.72982788086,10256.488731423724,20.933333333333334,6.4858821039752685,80,80
trade_month_5.0,location_time,28948.70078125,10147.544755860661,20.066666666666666,6.215954893505521,81,82
district_文山區,location_time,28349.799877929687,26654.246445573925,15.466666666666667,12.170612536918986,82,91
trade_yq_2025Q2,location_time,28319.772018432617,,23.0,,83,77
trade_month_2.0,location_time,27919.75672302246,13100.985297497364,23.533333333333335,9.920157448827302,84,74
trade_yq_2023Q3,location_time,26479.96755218506,8453.663214686117,17.25,3.693623849670827,85,85
trade_month_11.0,location_time,25260.53526204427,10303.68589438862,21.266666666666666,8.506020276979179,86,79
material_見使用執照,other,25213.08232727051,8066.489185604,26.4,5.315744807375807,87,71
trade_quarter_4.0,location_time,24607.490024820963,8715.16026491221,20.2,6.394193794819976,88,81
trade_month_6.0,location_time,23925.450064086916,8917.967342307942,18.533333333333335,5.475486497193868,89,83
trade_quarter_3.0,location_time,22085.61470336914,9184.639342629886,16.6,4.355620342893601,90,87
trade_month_3.0,location_time,21329.206294759115,9892.76143869365,14.866666666666667,6.501281924871945,91,92
trade_month_1.0,location_time,20199.841798909507,8883.844107193889,17.133333333333333,6.7492503992947945,92,86
trade_yq_2022Q1,location_time,19416.57997894287,5337.669106662622,15.5,4.83359455929398,93,89
trade_month_12.0,location_time,19215.971160888672,10426.461976659195,14.533333333333333,7.726269351714194,94,94
trade_yq_2025Q1,location_time,18733.916625976562,12729.384957564831,9.5,6.363961030678928,95,105
trade_yq_2020Q2,location_time,18604.90865834554,11080.302398635506,15.5,7.395944834840239,96,89
trade_yq_2021Q1,location_time,18519.118489583332,8025.855812900664,12.555555555555555,5.126185499743233,97,98
trade_month_8.0,location_time,18430.898634847006,11113.79560954971,10.133333333333333,3.4819261226811697,98,103
trade_yq_2020Q4,location_time,18254.08738708496,16497.983841658526,8.125,2.9489707647632883,99,111
trade_month_10.0,location_time,17374.94042561849,8333.244347430544,14.866666666666667,6.8333914050958695,100,92
trade_month_4.0,location_time,16397.83158976237,6131.456616847959,14.466666666666667,5.194319241339752,101,95
trade_yq_2024Q1,location_time,16078.143107096354,5584.231706366724,11.833333333333334,2.926886855802026,102,99
trade_month_9.0,location_time,15669.151403808593,6499.341668152644,13.733333333333333,4.6670067903263615,103,96
trade_yq_2021Q2,location_time,14423.052716064452,12832.863969942733,12.7,9.753062197188235,104,97
trade_yq_2019Q4,location_time,12621.460800170898,4599.863500696363,9.5,2.6457513110645907,105,105
trade_yq_2021Q3,location_time,12605.598541259766,9841.180253907443,11.636363636363637,8.902502201883774,106,100
trade_month_7.0,location_time,11915.80198771159,4789.035412047694,10.666666666666666,3.457221565416505,107,102
trade_yq_2022Q2,location_time,11694.049530029297,6935.0073034658035,8.75,5.172040216394301,108,109
trade_yq_2023Q4,location_time,11611.81577845982,4397.977127742945,8.428571428571429,2.699206232527312,109,110
trade_yq_2023Q2,location_time,9582.547292073568,6248.487708924245,8.11111111111111,4.702245326555295,110,112
trade_yq_2019Q1,location_time,9404.127014160156,,9.0,,111,108
trade_yq_2023Q1,location_time,7254.473522949219,4376.902094403523,5.2,3.0477678535099897,112,114
trade_yq_2019Q3,location_time,6713.1213785807295,5585.975905710456,10.0,7.211102550927978,113,104
trade_yq_2019Q2,location_time,5814.613922119141,3143.0102741264864,4.0,0.0,114,116
trade_yq_2020Q3,location_time,5734.261566162109,4269.053426843598,5.285714285714286,3.9880774697543058,115,113
trade_yq_2022Q3,location_time,5459.387908935547,3786.5897435383063,4.416666666666667,2.7455197664338145,116,115
trade_yq_2022Q4,location_time,3006.4738048206677,1381.2261605132232,2.8181818181818183,1.4709304414677002,117,117
building_type_套房(1房1廳1衛),basic_housing,1573.6985191932092,2747.2848611743852,1.0,1.6329931618554523,118,118
material_磚造,other,301.9042002360026,755.2731891776001,0.6,1.4040757000349273,119,119
comp_365d_count,comparable_sales,0.0,0.0,0.0,0.0,120,120
comp_730d_count,comparable_sales,0.0,0.0,0.0,0.0,120,120
is_basement,basic_housing,0.0,0.0,0.0,0.0,120,120
material_加強磚,other,0.0,0.0,0.0,0.0,120,120
material_壁式預鑄鋼筋混凝土造,other,0.0,0.0,0.0,0.0,120,120
material_混凝土造,other,0.0,0.0,0.0,0.0,120,120
material_磚石造,other,0.0,0.0,0.0,0.0,120,120
material_鋼構造,other,0.0,0.0,0.0,0.0,120,120
material_鋼筋混凝土加強磚造,other,0.0,0.0,0.0,0.0,120,120
material_鋼骨混凝土造,other,0.0,0.0,0.0,0.0,120,120
material_鋼骨鋼筋混凝土造；鋼骨造,other,0.0,0.0,0.0,0.0,120,120
material_鋼骨ＲＣ造,other,0.0,0.0,0.0,0.0,120,120
material_預力混凝土造,other,0.0,0.0,0.0,0.0,120,120
material_ＲＣ造,other,0.0,0.0,0.0,0.0,120,120
