fold_id,feature,gain_importance,split_importance,feature_group
1,trade_year,226935.89039611816,142.0,location_time
1,main_use_missing,2516.4309997558594,5.0,basic_housing
1,building_age,5855821.971893311,2137.0,basic_housing
1,building_age_missing,436990.04388427734,99.0,basic_housing
1,building_area_m2,1587516.9652862549,866.0,basic_housing
1,building_area_ping,388177.2663421631,225.0,basic_housing
1,main_building_area_m2,2170413.5059814453,1075.0,basic_housing
1,main_building_area_ping,427173.4281616211,202.0,basic_housing
1,auxiliary_area_m2,2298270.8092193604,1025.0,basic_housing
1,balcony_area_m2,1592851.9451904297,867.0,basic_housing
1,land_area_m2,3424973.1577453613,1514.0,basic_housing
1,floor,4112231.417694092,696.0,basic_housing
1,total_floor,4008568.736602783,1191.0,basic_housing
1,floor_ratio,1125646.3847503662,618.0,basic_housing
1,is_basement,0.0,0.0,basic_housing
1,multi_floor,120933.44403076172,73.0,basic_housing
1,rooms,2350510.4086914062,479.0,basic_housing
1,living_rooms,680173.5068206787,246.0,basic_housing
1,bathrooms,448228.03384399414,188.0,basic_housing
1,has_management,404771.9263305664,151.0,basic_housing
1,has_elevator,42268.61145019531,17.0,basic_housing
1,has_parking,819727.8096313477,138.0,basic_housing
1,parking_area_m2,2887412.863845825,876.0,basic_housing
1,physical_condition_flag,293521.50842285156,119.0,note_flags
1,renovation_flag,117073.79605102539,56.0,note_flags
1,broad_note_flag,76316.09957885742,41.0,note_flags
1,district_median_price_180d,1734349.7510375977,614.0,time_aware_market
1,district_median_price_365d,2706193.2221679688,742.0,time_aware_market
1,district_count_180d,1274499.5191345215,695.0,time_aware_market
1,district_type_median_price_180d,1305171.0227355957,542.0,time_aware_market
1,district_type_median_price_365d,2118641.8358154297,646.0,time_aware_market
1,district_type_count_180d,821475.7077026367,535.0,time_aware_market
1,district_price_change_180_365,692276.6558837891,470.0,time_aware_market
1,district_type_price_change_180_365,704349.3991394043,506.0,time_aware_market
1,comp_365d_count,0.0,0.0,comparable_sales
1,comp_365d_median_price,860201.3430480957,430.0,comparable_sales
1,comp_365d_mean_price,813298.492401123,331.0,comparable_sales
1,comp_365d_weighted_mean_price,9894339.735321045,377.0,comparable_sales
1,comp_365d_std_price,1228758.8257141113,635.0,comparable_sales
1,comp_365d_nearest_price,789344.0211639404,530.0,comparable_sales
1,comp_365d_nearest_distance,701266.4105072021,450.0,comparable_sales
1,comp_365d_median_distance,806918.8544921875,406.0,comparable_sales
1,comp_365d_median_days_diff,540794.9922485352,434.0,comparable_sales
1,comp_365d_median_area_diff_pct,570716.3436279297,420.0,comparable_sales
1,comp_365d_median_age_diff,1301594.6124572754,631.0,comparable_sales
1,comp_730d_count,0.0,0.0,comparable_sales
1,comp_730d_median_price,849292.8218536377,540.0,comparable_sales
1,comp_730d_mean_price,14810361.194732666,564.0,comparable_sales
1,comp_730d_weighted_mean_price,198881390.5838318,876.0,comparable_sales
1,comp_730d_std_price,1415257.9711608887,754.0,comparable_sales
1,comp_730d_nearest_price,2994417.496688843,588.0,comparable_sales
1,comp_730d_nearest_distance,1239836.0120697021,538.0,comparable_sales
1,comp_730d_median_distance,647207.8555603027,363.0,comparable_sales
1,comp_730d_median_days_diff,547345.2405700684,418.0,comparable_sales
1,comp_730d_median_area_diff_pct,591752.7755126953,440.0,comparable_sales
1,comp_730d_median_age_diff,1714008.3600158691,831.0,comparable_sales
1,district_中山區,148737.8667602539,68.0,location_time
1,district_中正區,187803.93029785156,71.0,location_time
1,district_信義區,202534.88885498047,87.0,location_time
1,district_內湖區,44663.37731933594,17.0,location_time
1,district_北投區,87056.6987915039,47.0,location_time
1,district_南港區,17794.421875,13.0,location_time
1,district_士林區,128598.31561279297,85.0,location_time
1,district_大同區,31665.084991455078,34.0,location_time
1,district_大安區,101810.24562072754,17.0,location_time
1,district_文山區,47546.743225097656,22.0,location_time
1,district_松山區,227788.2081298828,84.0,location_time
1,district_萬華區,35508.4874420166,38.0,location_time
1,trade_month_1.0,3531.235107421875,4.0,location_time
1,trade_month_2.0,5369.364929199219,6.0,location_time
1,trade_month_3.0,17641.88116455078,9.0,location_time
1,trade_month_4.0,13319.328918457031,13.0,location_time
1,trade_month_5.0,20088.7548828125,13.0,location_time
1,trade_month_6.0,19745.128173828125,20.0,location_time
1,trade_month_7.0,9476.096008300781,7.0,location_time
1,trade_month_8.0,11037.874084472656,8.0,location_time
1,trade_month_9.0,9079.90200805664,8.0,location_time
1,trade_month_10.0,20072.929168701172,15.0,location_time
1,trade_month_11.0,28029.807037353516,32.0,location_time
1,trade_month_12.0,47049.304626464844,36.0,location_time
1,trade_quarter_1.0,19128.80078125,12.0,location_time
1,trade_quarter_2.0,38005.61685180664,34.0,location_time
1,trade_quarter_3.0,15549.448059082031,13.0,location_time
1,trade_quarter_4.0,34467.775787353516,32.0,location_time
1,trade_yq_2019Q1,9404.127014160156,9.0,location_time
1,trade_yq_2019Q2,3592.1700439453125,4.0,location_time
1,trade_yq_2019Q3,2460.478057861328,4.0,location_time
1,trade_yq_2019Q4,9435.450073242188,10.0,location_time
1,trade_yq_2020Q1,18216.44204711914,27.0,location_time
1,trade_yq_2020Q2,13903.710205078125,10.0,location_time
1,trade_yq_2020Q3,9042.218017578125,10.0,location_time
1,trade_yq_2020Q4,22659.92822265625,13.0,location_time
1,trade_yq_2021Q1,10729.9150390625,7.0,location_time
1,trade_yq_2021Q2,4035.740966796875,4.0,location_time
1,trade_yq_2021Q3,11438.657897949219,12.0,location_time
1,trade_yq_2021Q4,118367.05099487305,57.0,location_time
1,building_type_住宅大樓(11層含以上有電梯),31497.808959960938,11.0,basic_housing
1,building_type_公寓(5樓含以下無電梯),77235.85260009766,21.0,basic_housing
1,building_type_套房(1房1廳1衛),1253.8599853515625,1.0,basic_housing
1,building_type_華廈(10層含以下有電梯),347153.79499816895,105.0,basic_housing
1,material_加強磚造,62741.19647216797,31.0,other
1,material_壁式預鑄鋼筋混凝土造,0.0,0.0,other
1,material_混凝土造,0.0,0.0,other
1,material_磚造,0.0,0.0,other
1,material_見使用執照,19089.72607421875,20.0,other
1,material_見其他登記事項,348585.78497314453,81.0,other
1,material_鋼構造,0.0,0.0,other
1,material_鋼筋混凝土加強磚造,0.0,0.0,other
1,material_鋼筋混凝土造,1959171.785583496,189.0,other
1,material_鋼筋混凝土造，鋼骨鋼筋混凝土造,59330.727767944336,20.0,other
1,material_鋼骨混凝土造,0.0,0.0,other
1,material_鋼骨造,281959.47312927246,55.0,other
1,material_鋼骨鋼筋混凝土造,265117.96295166016,102.0,other
1,material_鋼骨鋼筋混凝土造；鋼骨造,0.0,0.0,other
1,material_鋼骨ＲＣ造,0.0,0.0,other
1,material_預力混凝土造,0.0,0.0,other
2,trade_year,266114.2247314453,163.0,location_time
2,main_use_missing,6522.2930908203125,10.0,basic_housing
2,building_age,5825496.471420288,2098.0,basic_housing
2,building_age_missing,486680.84771728516,108.0,basic_housing
2,building_area_m2,1578648.7438964844,895.0,basic_housing
2,building_area_ping,319563.58599853516,173.0,basic_housing
2,main_building_area_m2,2027932.6484069824,959.0,basic_housing
2,main_building_area_ping,428247.23934936523,222.0,basic_housing
2,auxiliary_area_m2,2501587.077026367,1060.0,basic_housing
2,balcony_area_m2,1606649.7588806152,819.0,basic_housing
2,land_area_m2,3256333.341522217,1416.0,basic_housing
2,floor,4230660.968994141,754.0,basic_housing
2,total_floor,4146209.7269592285,1145.0,basic_housing
2,floor_ratio,1083028.0706481934,551.0,basic_housing
2,is_basement,0.0,0.0,basic_housing
2,multi_floor,136123.72216796875,60.0,basic_housing
2,rooms,2378367.1385498047,513.0,basic_housing
2,living_rooms,712195.9630737305,249.0,basic_housing
2,bathrooms,427290.3843078613,208.0,basic_housing
2,has_management,422509.1372680664,147.0,basic_housing
2,has_elevator,77671.2651977539,19.0,basic_housing
2,has_parking,820773.1072692871,117.0,basic_housing
2,parking_area_m2,2882377.5950164795,857.0,basic_housing
2,physical_condition_flag,330820.0798339844,117.0,note_flags
2,renovation_flag,118580.2073059082,55.0,note_flags
2,broad_note_flag,61275.6650390625,31.0,note_flags
2,district_median_price_180d,2134786.1851501465,648.0,time_aware_market
2,district_median_price_365d,2396510.897720337,689.0,time_aware_market
2,district_count_180d,1111665.5576629639,669.0,time_aware_market
2,district_type_median_price_180d,1391267.5364990234,516.0,time_aware_market
2,district_type_median_price_365d,2290684.871154785,653.0,time_aware_market
2,district_type_count_180d,827288.9961853027,469.0,time_aware_market
2,district_price_change_180_365,670091.2630615234,456.0,time_aware_market
2,district_type_price_change_180_365,849610.3646850586,633.0,time_aware_market
2,comp_365d_count,0.0,0.0,comparable_sales
2,comp_365d_median_price,696853.1477203369,481.0,comparable_sales
2,comp_365d_mean_price,891427.7592468262,333.0,comparable_sales
2,comp_365d_weighted_mean_price,8270195.736557007,358.0,comparable_sales
2,comp_365d_std_price,1174943.4115600586,636.0,comparable_sales
2,comp_365d_nearest_price,803800.5631713867,534.0,comparable_sales
2,comp_365d_nearest_distance,853162.1455688477,507.0,comparable_sales
2,comp_365d_median_distance,981603.9304199219,456.0,comparable_sales
2,comp_365d_median_days_diff,542550.5172729492,432.0,comparable_sales
2,comp_365d_median_area_diff_pct,615952.3324584961,475.0,comparable_sales
2,comp_365d_median_age_diff,1184705.8131713867,644.0,comparable_sales
2,comp_730d_count,0.0,0.0,comparable_sales
2,comp_730d_median_price,905912.2616729736,528.0,comparable_sales
2,comp_730d_mean_price,17802256.945465088,550.0,comparable_sales
2,comp_730d_weighted_mean_price,206785148.35412598,861.0,comparable_sales
2,comp_730d_std_price,1520297.0188598633,758.0,comparable_sales
2,comp_730d_nearest_price,3066844.0694885254,641.0,comparable_sales
2,comp_730d_nearest_distance,1178783.8255310059,546.0,comparable_sales
2,comp_730d_median_distance,730823.4428405762,375.0,comparable_sales
2,comp_730d_median_days_diff,511269.35510253906,410.0,comparable_sales
2,comp_730d_median_area_diff_pct,635335.2832641602,484.0,comparable_sales
2,comp_730d_median_age_diff,1729028.7987976074,883.0,comparable_sales
2,district_中山區,129998.83996582031,50.0,location_time
2,district_中正區,191814.08905029297,65.0,location_time
2,district_信義區,307748.32748413086,105.0,location_time
2,district_內湖區,54058.843994140625,26.0,location_time
2,district_北投區,71163.84802246094,41.0,location_time
2,district_南港區,40603.13165283203,27.0,location_time
2,district_士林區,98706.0530090332,49.0,location_time
2,district_大同區,51837.38684082031,41.0,location_time
2,district_大安區,68736.62976074219,19.0,location_time
2,district_文山區,66785.06555175781,26.0,location_time
2,district_松山區,315080.18072509766,102.0,location_time
2,district_萬華區,31516.062927246094,38.0,location_time
2,trade_month_1.0,18037.207977294922,19.0,location_time
2,trade_month_2.0,35940.26498413086,30.0,location_time
2,trade_month_3.0,16526.492065429688,12.0,location_time
2,trade_month_4.0,8613.444091796875,6.0,location_time
2,trade_month_5.0,6854.491149902344,8.0,location_time
2,trade_month_6.0,5379.241943359375,4.0,location_time
2,trade_month_7.0,11651.417907714844,11.0,location_time
2,trade_month_8.0,3578.261962890625,5.0,location_time
2,trade_month_9.0,7088.171936035156,9.0,location_time
2,trade_month_10.0,11240.503845214844,9.0,location_time
2,trade_month_11.0,32618.535919189453,25.0,location_time
2,trade_month_12.0,24269.647033691406,19.0,location_time
2,trade_quarter_1.0,21432.408325195312,13.0,location_time
2,trade_quarter_2.0,27821.26205444336,28.0,location_time
2,trade_quarter_3.0,13313.031982421875,11.0,location_time
2,trade_quarter_4.0,33734.45169067383,24.0,location_time
2,trade_yq_2019Q2,8037.057800292969,4.0,location_time
2,trade_yq_2019Q3,4639.5150146484375,8.0,location_time
2,trade_yq_2019Q4,15603.002075195312,13.0,location_time
2,trade_yq_2020Q1,25859.092041015625,31.0,location_time
2,trade_yq_2020Q2,8474.076965332031,8.0,location_time
2,trade_yq_2020Q3,6238.027984619141,7.0,location_time
2,trade_yq_2020Q4,21636.134765625,10.0,location_time
2,trade_yq_2021Q1,17397.618225097656,10.0,location_time
2,trade_yq_2021Q2,6515.2060546875,5.0,location_time
2,trade_yq_2021Q3,15054.059814453125,8.0,location_time
2,trade_yq_2021Q4,66007.76251220703,55.0,location_time
2,trade_yq_2022Q1,11120.855743408203,7.0,location_time
2,building_type_住宅大樓(11層含以上有電梯),6846.081726074219,4.0,basic_housing
2,building_type_公寓(5樓含以下無電梯),67862.60266113281,14.0,basic_housing
2,building_type_套房(1房1廳1衛),5075.2060546875,5.0,basic_housing
2,building_type_華廈(10層含以下有電梯),350515.00651550293,114.0,basic_housing
2,material_加強磚造,73503.12469482422,40.0,other
2,material_壁式預鑄鋼筋混凝土造,0.0,0.0,other
2,material_混凝土造,0.0,0.0,other
2,material_磚造,0.0,0.0,other
2,material_見使用執照,21053.047241210938,22.0,other
2,material_見其他登記事項,245448.45861816406,62.0,other
2,material_鋼構造,0.0,0.0,other
2,material_鋼筋混凝土加強磚造,0.0,0.0,other
2,material_鋼筋混凝土造,1985889.1082458496,188.0,other
2,material_鋼筋混凝土造，鋼骨鋼筋混凝土造,46349.52569580078,21.0,other
2,material_鋼骨混凝土造,0.0,0.0,other
2,material_鋼骨造,398197.3243865967,65.0,other
2,material_鋼骨鋼筋混凝土造,269703.17138671875,106.0,other
2,material_鋼骨鋼筋混凝土造；鋼骨造,0.0,0.0,other
2,material_鋼骨ＲＣ造,0.0,0.0,other
2,material_預力混凝土造,0.0,0.0,other
3,trade_year,243048.39222717285,150.0,location_time
3,main_use_missing,4381.335906982422,6.0,basic_housing
3,building_age,5850377.127456665,2072.0,basic_housing
3,building_age_missing,403777.9701538086,92.0,basic_housing
3,building_area_m2,1492464.926071167,756.0,basic_housing
3,building_area_ping,529360.4155273438,294.0,basic_housing
3,main_building_area_m2,2003454.5493774414,1002.0,basic_housing
3,main_building_area_ping,401741.27517700195,209.0,basic_housing
3,auxiliary_area_m2,2391299.112762451,1022.0,basic_housing
3,balcony_area_m2,1505328.7686462402,823.0,basic_housing
3,land_area_m2,3256868.0962524414,1464.0,basic_housing
3,floor,4215919.591018677,761.0,basic_housing
3,total_floor,3968646.599029541,1159.0,basic_housing
3,floor_ratio,1086585.5150909424,549.0,basic_housing
3,is_basement,0.0,0.0,basic_housing
3,multi_floor,126414.4888305664,57.0,basic_housing
3,rooms,2546621.886444092,527.0,basic_housing
3,living_rooms,530484.7990264893,239.0,basic_housing
3,bathrooms,444283.8726348877,188.0,basic_housing
3,has_management,446842.7258911133,138.0,basic_housing
3,has_elevator,111229.11755371094,20.0,basic_housing
3,has_parking,909761.9884643555,125.0,basic_housing
3,parking_area_m2,3078970.756958008,941.0,basic_housing
3,physical_condition_flag,307317.53356933594,118.0,note_flags
3,renovation_flag,84108.8930053711,48.0,note_flags
3,broad_note_flag,86093.04736328125,32.0,note_flags
3,district_median_price_180d,1798012.8852844238,589.0,time_aware_market
3,district_median_price_365d,2546555.6212921143,679.0,time_aware_market
3,district_count_180d,1295225.5364227295,675.0,time_aware_market
3,district_type_median_price_180d,1443478.8328857422,489.0,time_aware_market
3,district_type_median_price_365d,2315499.85798645,621.0,time_aware_market
3,district_type_count_180d,834107.8970031738,523.0,time_aware_market
3,district_price_change_180_365,721722.0788269043,485.0,time_aware_market
3,district_type_price_change_180_365,825966.8140258789,554.0,time_aware_market
3,comp_365d_count,0.0,0.0,comparable_sales
3,comp_365d_median_price,745676.0712280273,444.0,comparable_sales
3,comp_365d_mean_price,1217748.087524414,389.0,comparable_sales
3,comp_365d_weighted_mean_price,6009395.0625,310.0,comparable_sales
3,comp_365d_std_price,1105897.97555542,604.0,comparable_sales
3,comp_365d_nearest_price,906120.1089477539,602.0,comparable_sales
3,comp_365d_nearest_distance,751575.0504150391,446.0,comparable_sales
3,comp_365d_median_distance,827409.8701782227,395.0,comparable_sales
3,comp_365d_median_days_diff,584136.5151977539,420.0,comparable_sales
3,comp_365d_median_area_diff_pct,619318.6025085449,458.0,comparable_sales
3,comp_365d_median_age_diff,1325984.0879821777,646.0,comparable_sales
3,comp_730d_count,0.0,0.0,comparable_sales
3,comp_730d_median_price,2507220.647125244,554.0,comparable_sales
3,comp_730d_mean_price,18110095.133789062,554.0,comparable_sales
3,comp_730d_weighted_mean_price,207395293.1440735,827.0,comparable_sales
3,comp_730d_std_price,1499824.1635437012,794.0,comparable_sales
3,comp_730d_nearest_price,3902257.617248535,636.0,comparable_sales
3,comp_730d_nearest_distance,1194328.708618164,571.0,comparable_sales
3,comp_730d_median_distance,772704.2172851562,405.0,comparable_sales
3,comp_730d_median_days_diff,561511.2551269531,434.0,comparable_sales
3,comp_730d_median_area_diff_pct,712843.5454101562,538.0,comparable_sales
3,comp_730d_median_age_diff,1620353.6046447754,867.0,comparable_sales
3,district_中山區,149132.74884033203,48.0,location_time
3,district_中正區,175607.0118408203,64.0,location_time
3,district_信義區,259168.63372802734,99.0,location_time
3,district_內湖區,25237.65118408203,13.0,location_time
3,district_北投區,71287.25454711914,45.0,location_time
3,district_南港區,63545.847900390625,32.0,location_time
3,district_士林區,57949.308166503906,42.0,location_time
3,district_大同區,50931.656173706055,42.0,location_time
3,district_大安區,88080.96923828125,26.0,location_time
3,district_文山區,79720.38995361328,34.0,location_time
3,district_松山區,308710.6986694336,106.0,location_time
3,district_萬華區,18210.764053344727,33.0,location_time
3,trade_month_1.0,20996.173919677734,20.0,location_time
3,trade_month_2.0,28735.71305847168,28.0,location_time
3,trade_month_3.0,14882.28890991211,13.0,location_time
3,trade_month_4.0,18924.104919433594,16.0,location_time
3,trade_month_5.0,28618.52520751953,23.0,location_time
3,trade_month_6.0,22907.708923339844,18.0,location_time
3,trade_month_7.0,9306.134948730469,10.0,location_time
3,trade_month_8.0,12685.920104980469,10.0,location_time
3,trade_month_9.0,13017.734008789062,11.0,location_time
3,trade_month_10.0,10234.68505859375,8.0,location_time
3,trade_month_11.0,27519.304077148438,31.0,location_time
3,trade_month_12.0,34659.88723754883,25.0,location_time
3,trade_quarter_1.0,25745.201110839844,20.0,location_time
3,trade_quarter_2.0,24938.78887939453,22.0,location_time
3,trade_quarter_3.0,18569.72491455078,13.0,location_time
3,trade_quarter_4.0,16675.004943847656,14.0,location_time
3,trade_yq_2019Q3,13039.371063232422,18.0,location_time
3,trade_yq_2019Q4,17436.182983398438,8.0,location_time
3,trade_yq_2020Q1,30868.001922607422,32.0,location_time
3,trade_yq_2020Q2,18145.88299560547,15.0,location_time
3,trade_yq_2020Q3,10948.23388671875,9.0,location_time
3,trade_yq_2020Q4,5442.658020019531,5.0,location_time
3,trade_yq_2021Q1,14060.306823730469,13.0,location_time
3,trade_yq_2021Q2,5846.398132324219,5.0,location_time
3,trade_yq_2021Q3,8138.395935058594,7.0,location_time
3,trade_yq_2021Q4,59414.70620727539,58.0,location_time
3,trade_yq_2022Q1,27654.961853027344,17.0,location_time
3,trade_yq_2022Q2,16367.917053222656,9.0,location_time
3,building_type_住宅大樓(11層含以上有電梯),14908.738891601562,8.0,basic_housing
3,building_type_公寓(5樓含以下無電梯),102866.81433105469,15.0,basic_housing
3,building_type_套房(1房1廳1衛),5497.83984375,3.0,basic_housing
3,building_type_華廈(10層含以下有電梯),314228.58627319336,106.0,basic_housing
3,material_加強磚造,43272.718841552734,36.0,other
3,material_壁式預鑄鋼筋混凝土造,0.0,0.0,other
3,material_混凝土造,0.0,0.0,other
3,material_磚造,0.0,0.0,other
3,material_見使用執照,17803.027084350586,20.0,other
3,material_見其他登記事項,107559.77307128906,47.0,other
3,material_鋼構造,0.0,0.0,other
3,material_鋼筋混凝土加強磚造,0.0,0.0,other
3,material_鋼筋混凝土造,2222432.4878234863,194.0,other
3,material_鋼筋混凝土造，鋼骨鋼筋混凝土造,40602.66033935547,15.0,other
3,material_鋼骨混凝土造,0.0,0.0,other
3,material_鋼骨造,315505.18759155273,76.0,other
3,material_鋼骨鋼筋混凝土造,276346.0407104492,117.0,other
3,material_鋼骨鋼筋混凝土造；鋼骨造,0.0,0.0,other
3,material_鋼骨ＲＣ造,0.0,0.0,other
3,material_預力混凝土造,0.0,0.0,other
4,trade_year,214683.9434967041,139.0,location_time
4,main_use_missing,0.0,0.0,basic_housing
4,building_age,5694203.126373291,2075.0,basic_housing
4,building_age_missing,361223.2489013672,97.0,basic_housing
4,building_area_m2,1738753.7227172852,906.0,basic_housing
4,building_area_ping,267893.1477661133,156.0,basic_housing
4,main_building_area_m2,1978553.2259216309,992.0,basic_housing
4,main_building_area_ping,436402.63204956055,198.0,basic_housing
4,auxiliary_area_m2,2259434.3368530273,990.0,basic_housing
4,balcony_area_m2,1631849.009399414,905.0,basic_housing
4,land_area_m2,3119946.37739563,1469.0,basic_housing
4,floor,4341504.47505188,804.0,basic_housing
4,total_floor,3914785.240081787,1119.0,basic_housing
4,floor_ratio,960690.7656555176,589.0,basic_housing
4,is_basement,0.0,0.0,basic_housing
4,multi_floor,69718.44897460938,34.0,basic_housing
4,rooms,2502441.167694092,528.0,basic_housing
4,living_rooms,550001.1495666504,237.0,basic_housing
4,bathrooms,388652.1069641113,183.0,basic_housing
4,has_management,451137.2639160156,139.0,basic_housing
4,has_elevator,61472.49938964844,16.0,basic_housing
4,has_parking,823931.1782226562,118.0,basic_housing
4,parking_area_m2,2859572.2697143555,869.0,basic_housing
4,physical_condition_flag,314262.08712768555,120.0,note_flags
4,renovation_flag,90921.54086303711,49.0,note_flags
4,broad_note_flag,90021.7668762207,45.0,note_flags
4,district_median_price_180d,1739088.7999725342,594.0,time_aware_market
4,district_median_price_365d,2450267.219833374,672.0,time_aware_market
4,district_count_180d,1059265.3944702148,593.0,time_aware_market
4,district_type_median_price_180d,1266094.7007293701,475.0,time_aware_market
4,district_type_median_price_365d,2079853.8610229492,604.0,time_aware_market
4,district_type_count_180d,804181.5211334229,539.0,time_aware_market
4,district_price_change_180_365,822987.1006011963,520.0,time_aware_market
4,district_type_price_change_180_365,776934.9077148438,590.0,time_aware_market
4,comp_365d_count,0.0,0.0,comparable_sales
4,comp_365d_median_price,723235.081237793,464.0,comparable_sales
4,comp_365d_mean_price,680319.4225769043,392.0,comparable_sales
4,comp_365d_weighted_mean_price,19134849.814712524,408.0,comparable_sales
4,comp_365d_std_price,1276096.3013916016,675.0,comparable_sales
4,comp_365d_nearest_price,1005233.490524292,613.0,comparable_sales
4,comp_365d_nearest_distance,678931.8703918457,442.0,comparable_sales
4,comp_365d_median_distance,929612.7747497559,456.0,comparable_sales
4,comp_365d_median_days_diff,572119.8807678223,439.0,comparable_sales
4,comp_365d_median_area_diff_pct,614736.4858093262,467.0,comparable_sales
4,comp_365d_median_age_diff,1287375.799255371,676.0,comparable_sales
4,comp_730d_count,0.0,0.0,comparable_sales
4,comp_730d_median_price,1296876.4654388428,515.0,comparable_sales
4,comp_730d_mean_price,37991174.78375244,555.0,comparable_sales
4,comp_730d_weighted_mean_price,164560509.63494873,783.0,comparable_sales
4,comp_730d_std_price,1534721.2233581543,815.0,comparable_sales
4,comp_730d_nearest_price,3920311.564315796,661.0,comparable_sales
4,comp_730d_nearest_distance,1093970.024093628,544.0,comparable_sales
4,comp_730d_median_distance,790547.9249267578,428.0,comparable_sales
4,comp_730d_median_days_diff,522399.4316711426,410.0,comparable_sales
4,comp_730d_median_area_diff_pct,653513.6812133789,511.0,comparable_sales
4,comp_730d_median_age_diff,1438265.7494354248,775.0,comparable_sales
4,district_中山區,141110.30242919922,59.0,location_time
4,district_中正區,215160.6787109375,67.0,location_time
4,district_信義區,154237.51263427734,85.0,location_time
4,district_內湖區,63445.87634277344,25.0,location_time
4,district_北投區,86027.13745117188,36.0,location_time
4,district_南港區,69336.13671875,26.0,location_time
4,district_士林區,88361.21716308594,51.0,location_time
4,district_大同區,37235.3776550293,35.0,location_time
4,district_大安區,63110.33544921875,13.0,location_time
4,district_文山區,52969.666748046875,37.0,location_time
4,district_松山區,251889.68237304688,94.0,location_time
4,district_萬華區,21183.134063720703,37.0,location_time
4,trade_month_1.0,14980.532989501953,14.0,location_time
4,trade_month_2.0,40517.4475402832,29.0,location_time
4,trade_month_3.0,7703.925109863281,4.0,location_time
4,trade_month_4.0,23087.77911376953,20.0,location_time
4,trade_month_5.0,24066.153076171875,19.0,location_time
4,trade_month_6.0,20788.577758789062,18.0,location_time
4,trade_month_7.0,8817.143127441406,9.0,location_time
4,trade_month_8.0,11430.078979492188,8.0,location_time
4,trade_month_9.0,10475.188110351562,13.0,location_time
4,trade_month_10.0,12171.679992675781,10.0,location_time
4,trade_month_11.0,24630.263061523438,26.0,location_time
4,trade_month_12.0,17754.68408203125,11.0,location_time
4,trade_quarter_1.0,13514.15591430664,14.0,location_time
4,trade_quarter_2.0,19784.546020507812,18.0,location_time
4,trade_quarter_3.0,20637.125030517578,21.0,location_time
4,trade_quarter_4.0,17785.491088867188,18.0,location_time
4,trade_yq_2019Q4,8011.208068847656,7.0,location_time
4,trade_yq_2020Q1,31628.496948242188,33.0,location_time
4,trade_yq_2020Q2,18651.138885498047,17.0,location_time
4,trade_yq_2020Q3,0.0,0.0,location_time
4,trade_yq_2020Q4,10592.819946289062,9.0,location_time
4,trade_yq_2021Q1,29841.778869628906,17.0,location_time
4,trade_yq_2021Q2,8644.110046386719,9.0,location_time
4,trade_yq_2021Q3,5233.082946777344,6.0,location_time
4,trade_yq_2021Q4,46566.747955322266,46.0,location_time
4,trade_yq_2022Q1,19355.356079101562,15.0,location_time
4,trade_yq_2022Q2,18114.04281616211,13.0,location_time
4,trade_yq_2022Q3,8592.44091796875,8.0,location_time
4,building_type_住宅大樓(11層含以上有電梯),10773.693786621094,7.0,basic_housing
4,building_type_公寓(5樓含以下無電梯),84714.84216308594,17.0,basic_housing
4,building_type_套房(1房1廳1衛),576.5349731445312,1.0,basic_housing
4,building_type_華廈(10層含以下有電梯),318076.2538909912,115.0,basic_housing
4,material_加強磚造,36954.98303222656,27.0,other
4,material_壁式預鑄鋼筋混凝土造,0.0,0.0,other
4,material_磚造,0.0,0.0,other
4,material_見使用執照,24615.319869995117,25.0,other
4,material_見其他登記事項,51827.32391357422,36.0,other
4,material_鋼構造,0.0,0.0,other
4,material_鋼筋混凝土加強磚造,0.0,0.0,other
4,material_鋼筋混凝土造,2007277.3395996094,184.0,other
4,material_鋼筋混凝土造，鋼骨鋼筋混凝土造,46575.515533447266,24.0,other
4,material_鋼骨混凝土造,0.0,0.0,other
4,material_鋼骨造,345888.4721984863,65.0,other
4,material_鋼骨鋼筋混凝土造,259735.18600463867,109.0,other
4,material_鋼骨鋼筋混凝土造；鋼骨造,0.0,0.0,other
4,material_鋼骨ＲＣ造,0.0,0.0,other
4,material_預力混凝土造,0.0,0.0,other
5,trade_year,147304.37757873535,104.0,location_time
5,main_use_missing,1166.5999755859375,1.0,basic_housing
5,building_age,5697996.535720825,1999.0,basic_housing
5,building_age_missing,404410.81158447266,92.0,basic_housing
5,building_area_m2,1801277.6301879883,921.0,basic_housing
5,building_area_ping,286829.44384765625,160.0,basic_housing
5,main_building_area_m2,2000917.0149536133,981.0,basic_housing
5,main_building_area_ping,421544.302154541,209.0,basic_housing
5,auxiliary_area_m2,2213825.681274414,983.0,basic_housing
5,balcony_area_m2,1514378.0459594727,889.0,basic_housing
5,land_area_m2,2851184.651046753,1407.0,basic_housing
5,floor,4588565.889312744,820.0,basic_housing
5,total_floor,3483355.6238861084,1087.0,basic_housing
5,floor_ratio,998738.7766723633,594.0,basic_housing
5,is_basement,0.0,0.0,basic_housing
5,multi_floor,120887.29016113281,54.0,basic_housing
5,rooms,2369652.720397949,548.0,basic_housing
5,living_rooms,501398.94024658203,216.0,basic_housing
5,bathrooms,446488.1863555908,210.0,basic_housing
5,has_management,386260.0853881836,129.0,basic_housing
5,has_elevator,64478.991455078125,11.0,basic_housing
5,has_parking,912357.5249023438,128.0,basic_housing
5,parking_area_m2,2551393.0329589844,793.0,basic_housing
5,physical_condition_flag,300789.73275756836,122.0,note_flags
5,renovation_flag,118926.34245300293,57.0,note_flags
5,broad_note_flag,107580.72717285156,48.0,note_flags
5,district_median_price_180d,1850786.1259765625,666.0,time_aware_market
5,district_median_price_365d,2183352.433822632,644.0,time_aware_market
5,district_count_180d,900033.8857574463,564.0,time_aware_market
5,district_type_median_price_180d,1344033.77633667,505.0,time_aware_market
5,district_type_median_price_365d,2026485.0746917725,615.0,time_aware_market
5,district_type_count_180d,665623.1420593262,476.0,time_aware_market
5,district_price_change_180_365,752244.8388671875,519.0,time_aware_market
5,district_type_price_change_180_365,737220.777633667,580.0,time_aware_market
5,comp_365d_count,0.0,0.0,comparable_sales
5,comp_365d_median_price,735858.9976196289,482.0,comparable_sales
5,comp_365d_mean_price,585837.8555603027,372.0,comparable_sales
5,comp_365d_weighted_mean_price,18645395.411087036,395.0,comparable_sales
5,comp_365d_std_price,1115809.015411377,654.0,comparable_sales
5,comp_365d_nearest_price,1068492.8380889893,642.0,comparable_sales
5,comp_365d_nearest_distance,744872.9833984375,462.0,comparable_sales
5,comp_365d_median_distance,844016.5926513672,444.0,comparable_sales
5,comp_365d_median_days_diff,585431.9911499023,421.0,comparable_sales
5,comp_365d_median_area_diff_pct,555406.9227600098,448.0,comparable_sales
5,comp_365d_median_age_diff,1274704.0273132324,695.0,comparable_sales
5,comp_730d_count,0.0,0.0,comparable_sales
5,comp_730d_median_price,1318181.831817627,522.0,comparable_sales
5,comp_730d_mean_price,36843853.39172363,579.0,comparable_sales
5,comp_730d_weighted_mean_price,160269227.70500183,813.0,comparable_sales
5,comp_730d_std_price,1640867.139831543,826.0,comparable_sales
5,comp_730d_nearest_price,3737974.4982299805,647.0,comparable_sales
5,comp_730d_nearest_distance,987753.3082275391,524.0,comparable_sales
5,comp_730d_median_distance,888550.697052002,430.0,comparable_sales
5,comp_730d_median_days_diff,466527.6998138428,363.0,comparable_sales
5,comp_730d_median_area_diff_pct,789204.2308349609,604.0,comparable_sales
5,comp_730d_median_age_diff,1571794.9379730225,829.0,comparable_sales
5,district_中山區,166696.85620117188,75.0,location_time
5,district_中正區,243590.91302490234,83.0,location_time
5,district_信義區,208280.58041381836,103.0,location_time
5,district_內湖區,50079.314514160156,29.0,location_time
5,district_北投區,36919.01794433594,17.0,location_time
5,district_南港區,83788.67687988281,34.0,location_time
5,district_士林區,81967.86840820312,62.0,location_time
5,district_大同區,58197.789810180664,44.0,location_time
5,district_大安區,72691.46960449219,17.0,location_time
5,district_文山區,57119.18731689453,24.0,location_time
5,district_松山區,287736.2559814453,96.0,location_time
5,district_萬華區,29712.483978271484,43.0,location_time
5,trade_month_1.0,16570.89794921875,15.0,location_time
5,trade_month_2.0,41679.496170043945,34.0,location_time
5,trade_month_3.0,28101.338134765625,18.0,location_time
5,trade_month_4.0,26200.522888183594,21.0,location_time
5,trade_month_5.0,26470.342224121094,19.0,location_time
5,trade_month_6.0,27181.75698852539,20.0,location_time
5,trade_month_7.0,15017.291900634766,13.0,location_time
5,trade_month_8.0,9395.755981445312,11.0,location_time
5,trade_month_9.0,11416.838073730469,13.0,location_time
5,trade_month_10.0,21289.18701171875,20.0,location_time
5,trade_month_11.0,49522.341552734375,34.0,location_time
5,trade_month_12.0,10350.223815917969,9.0,location_time
5,trade_quarter_1.0,26815.521850585938,25.0,location_time
5,trade_quarter_2.0,28509.65478515625,25.0,location_time
5,trade_quarter_3.0,15372.778991699219,15.0,location_time
5,trade_quarter_4.0,44077.528869628906,31.0,location_time
5,trade_yq_2020Q1,56701.40382385254,46.0,location_time
5,trade_yq_2020Q2,12576.034088134766,14.0,location_time
5,trade_yq_2020Q3,0.0,0.0,location_time
5,trade_yq_2020Q4,11574.70703125,7.0,location_time
5,trade_yq_2021Q1,16500.37094116211,12.0,location_time
5,trade_yq_2021Q2,11518.151000976562,8.0,location_time
5,trade_yq_2021Q3,5415.640075683594,5.0,location_time
5,trade_yq_2021Q4,29158.606903076172,33.0,location_time
5,trade_yq_2022Q1,20608.93081665039,16.0,location_time
5,trade_yq_2022Q2,19112.518920898438,17.0,location_time
5,trade_yq_2022Q3,3254.0869750976562,4.0,location_time
5,trade_yq_2022Q4,2806.8789672851562,3.0,location_time
5,building_type_住宅大樓(11層含以上有電梯),49480.794006347656,7.0,basic_housing
5,building_type_公寓(5樓含以下無電梯),44722.25817871094,8.0,basic_housing
5,building_type_套房(1房1廳1衛),8054.639892578125,3.0,basic_housing
5,building_type_華廈(10層含以下有電梯),212883.53713989258,108.0,basic_housing
5,material_加強磚造,56512.947692871094,41.0,other
5,material_壁式預鑄鋼筋混凝土造,0.0,0.0,other
5,material_磚造,0.0,0.0,other
5,material_見使用執照,16787.8787689209,22.0,other
5,material_見其他登記事項,32556.114059448242,31.0,other
5,material_鋼構造,0.0,0.0,other
5,material_鋼筋混凝土加強磚造,0.0,0.0,other
5,material_鋼筋混凝土造,2073952.4419555664,209.0,other
5,material_鋼筋混凝土造，鋼骨鋼筋混凝土造,61080.51168823242,33.0,other
5,material_鋼骨混凝土造,0.0,0.0,other
5,material_鋼骨造,300040.6362915039,67.0,other
5,material_鋼骨鋼筋混凝土造,183901.49951171875,72.0,other
5,material_鋼骨鋼筋混凝土造；鋼骨造,0.0,0.0,other
5,material_鋼骨ＲＣ造,0.0,0.0,other
5,material_預力混凝土造,0.0,0.0,other
5,material_ＲＣ造,0.0,0.0,other
6,trade_year,146883.72885131836,111.0,location_time
6,main_use_missing,2312.6749267578125,3.0,basic_housing
6,building_age,6046734.7658081055,2051.0,basic_housing
6,building_age_missing,584483.7409667969,124.0,basic_housing
6,building_area_m2,1881237.769165039,984.0,basic_housing
6,building_area_ping,364678.2821044922,194.0,basic_housing
6,main_building_area_m2,1980141.1806030273,992.0,basic_housing
6,main_building_area_ping,389131.25079345703,186.0,basic_housing
6,auxiliary_area_m2,2121805.1598205566,919.0,basic_housing
6,balcony_area_m2,1373782.6222839355,873.0,basic_housing
6,land_area_m2,2870142.116317749,1357.0,basic_housing
6,floor,4266784.603973389,737.0,basic_housing
6,total_floor,3674958.8613586426,1066.0,basic_housing
6,floor_ratio,1115448.1054382324,616.0,basic_housing
6,is_basement,0.0,0.0,basic_housing
6,multi_floor,160128.63458251953,65.0,basic_housing
6,rooms,2462599.587249756,553.0,basic_housing
6,living_rooms,483659.12771606445,210.0,basic_housing
6,bathrooms,465355.2240753174,210.0,basic_housing
6,has_management,262874.97177124023,101.0,basic_housing
6,has_elevator,109747.67993164062,20.0,basic_housing
6,has_parking,872416.6901855469,124.0,basic_housing
6,parking_area_m2,2715742.901199341,873.0,basic_housing
6,physical_condition_flag,325226.5047302246,116.0,note_flags
6,renovation_flag,102096.97399902344,59.0,note_flags
6,broad_note_flag,81808.96533203125,55.0,note_flags
6,district_median_price_180d,1699630.5390014648,656.0,time_aware_market
6,district_median_price_365d,2305813.117919922,643.0,time_aware_market
6,district_count_180d,916554.0341796875,573.0,time_aware_market
6,district_type_median_price_180d,1287186.0307312012,512.0,time_aware_market
6,district_type_median_price_365d,2011603.85446167,662.0,time_aware_market
6,district_type_count_180d,619775.1429901123,447.0,time_aware_market
6,district_price_change_180_365,642838.4334106445,459.0,time_aware_market
6,district_type_price_change_180_365,807506.603515625,611.0,time_aware_market
6,comp_365d_count,0.0,0.0,comparable_sales
6,comp_365d_median_price,788015.179107666,452.0,comparable_sales
6,comp_365d_mean_price,841193.7355651855,382.0,comparable_sales
6,comp_365d_weighted_mean_price,5934631.160858154,393.0,comparable_sales
6,comp_365d_std_price,1171581.2539367676,709.0,comparable_sales
6,comp_365d_nearest_price,943325.3905944824,593.0,comparable_sales
6,comp_365d_nearest_distance,729655.9609680176,431.0,comparable_sales
6,comp_365d_median_distance,802340.6676635742,422.0,comparable_sales
6,comp_365d_median_days_diff,635132.6904296875,448.0,comparable_sales
6,comp_365d_median_area_diff_pct,600141.7661437988,454.0,comparable_sales
6,comp_365d_median_age_diff,1180916.900543213,637.0,comparable_sales
6,comp_730d_count,0.0,0.0,comparable_sales
6,comp_730d_median_price,1362014.7454528809,474.0,comparable_sales
6,comp_730d_mean_price,17472811.987701416,501.0,comparable_sales
6,comp_730d_weighted_mean_price,191298858.06391907,885.0,comparable_sales
6,comp_730d_std_price,1752538.4249267578,860.0,comparable_sales
6,comp_730d_nearest_price,3497989.1443634033,650.0,comparable_sales
6,comp_730d_nearest_distance,1042204.5942077637,530.0,comparable_sales
6,comp_730d_median_distance,766083.4653930664,376.0,comparable_sales
6,comp_730d_median_days_diff,713830.399230957,537.0,comparable_sales
6,comp_730d_median_area_diff_pct,740771.2750854492,562.0,comparable_sales
6,comp_730d_median_age_diff,1888315.0786590576,912.0,comparable_sales
6,district_中山區,207356.8623046875,90.0,location_time
6,district_中正區,199959.68280029297,67.0,location_time
6,district_信義區,215494.53448486328,84.0,location_time
6,district_內湖區,30799.282196044922,19.0,location_time
6,district_北投區,48943.54113769531,28.0,location_time
6,district_南港區,48498.98114013672,19.0,location_time
6,district_士林區,107884.10369873047,72.0,location_time
6,district_大同區,86661.42147827148,49.0,location_time
6,district_大安區,189247.4259033203,35.0,location_time
6,district_文山區,42906.974548339844,26.0,location_time
6,district_松山區,247399.18029785156,101.0,location_time
6,district_萬華區,22912.305099487305,39.0,location_time
6,trade_month_1.0,40850.51495361328,29.0,location_time
6,trade_month_2.0,25280.607025146484,22.0,location_time
6,trade_month_3.0,34733.49932861328,25.0,location_time
6,trade_month_4.0,26601.220947265625,24.0,location_time
6,trade_month_5.0,24144.278076171875,19.0,location_time
6,trade_month_6.0,16975.144958496094,16.0,location_time
6,trade_month_7.0,7167.888031005859,7.0,location_time
6,trade_month_8.0,3859.31396484375,5.0,location_time
6,trade_month_9.0,11838.753784179688,10.0,location_time
6,trade_month_10.0,6179.303955078125,7.0,location_time
6,trade_month_11.0,29713.947998046875,25.0,location_time
6,trade_month_12.0,17361.773986816406,13.0,location_time
6,trade_quarter_1.0,29126.557037353516,23.0,location_time
6,trade_quarter_2.0,33605.42398071289,26.0,location_time
6,trade_quarter_3.0,9661.36703491211,12.0,location_time
6,trade_quarter_4.0,18381.07403564453,17.0,location_time
6,trade_yq_2020Q2,39878.608810424805,29.0,location_time
6,trade_yq_2020Q3,5902.152038574219,5.0,location_time
6,trade_yq_2020Q4,13235.837890625,7.0,location_time
6,trade_yq_2021Q1,17642.463317871094,12.0,location_time
6,trade_yq_2021Q2,9259.843994140625,9.0,location_time
6,trade_yq_2021Q3,16048.198944091797,18.0,location_time
6,trade_yq_2021Q4,38680.34014892578,35.0,location_time
6,trade_yq_2022Q1,14150.007080078125,19.0,location_time
6,trade_yq_2022Q2,22161.74203491211,17.0,location_time
6,trade_yq_2022Q3,9909.872009277344,8.0,location_time
6,trade_yq_2022Q4,4118.262023925781,4.0,location_time
6,trade_yq_2023Q1,2091.7050170898438,2.0,location_time
6,building_type_住宅大樓(11層含以上有電梯),45267.24435424805,12.0,basic_housing
6,building_type_公寓(5樓含以下無電梯),18819.134155273438,10.0,basic_housing
6,building_type_套房(1房1廳1衛),0.0,0.0,basic_housing
6,building_type_華廈(10層含以下有電梯),148997.90754699707,88.0,basic_housing
6,material_加強磚造,60569.2568359375,42.0,other
6,material_壁式預鑄鋼筋混凝土造,0.0,0.0,other
6,material_磚造,0.0,0.0,other
6,material_見使用執照,21442.169982910156,21.0,other
6,material_見其他登記事項,22699.921112060547,29.0,other
6,material_鋼構造,0.0,0.0,other
6,material_鋼筋混凝土加強磚造,0.0,0.0,other
6,material_鋼筋混凝土造,1934798.166015625,204.0,other
6,material_鋼筋混凝土造，鋼骨鋼筋混凝土造,68411.04998779297,26.0,other
6,material_鋼骨混凝土造,0.0,0.0,other
6,material_鋼骨造,321055.96449279785,56.0,other
6,material_鋼骨鋼筋混凝土造,183674.2169189453,68.0,other
6,material_鋼骨鋼筋混凝土造；鋼骨造,0.0,0.0,other
6,material_鋼骨ＲＣ造,0.0,0.0,other
6,material_預力混凝土造,0.0,0.0,other
6,material_ＲＣ造,0.0,0.0,other
7,trade_year,115555.18515014648,105.0,location_time
7,main_use_missing,2760.5210571289062,3.0,basic_housing
7,building_age,6146994.527938843,2044.0,basic_housing
7,building_age_missing,418419.78717041016,95.0,basic_housing
7,building_area_m2,1813282.8123168945,977.0,basic_housing
7,building_area_ping,447758.1378479004,210.0,basic_housing
7,main_building_area_m2,1980683.216369629,976.0,basic_housing
7,main_building_area_ping,446900.2420349121,209.0,basic_housing
7,auxiliary_area_m2,2008247.3562927246,856.0,basic_housing
7,balcony_area_m2,1350462.7633361816,810.0,basic_housing
7,land_area_m2,3144513.4621124268,1502.0,basic_housing
7,floor,4482182.632064819,748.0,basic_housing
7,total_floor,3546015.1167907715,1036.0,basic_housing
7,floor_ratio,1096490.5927886963,583.0,basic_housing
7,is_basement,0.0,0.0,basic_housing
7,multi_floor,239043.203125,73.0,basic_housing
7,rooms,2533779.790222168,516.0,basic_housing
7,living_rooms,444425.2936553955,209.0,basic_housing
7,bathrooms,361627.8034210205,200.0,basic_housing
7,has_management,327977.2156982422,111.0,basic_housing
7,has_elevator,28678.00604248047,7.0,basic_housing
7,has_parking,916950.6068115234,128.0,basic_housing
7,parking_area_m2,2940521.342391968,885.0,basic_housing
7,physical_condition_flag,326403.5058898926,121.0,note_flags
7,renovation_flag,72718.65280151367,52.0,note_flags
7,broad_note_flag,55772.61428833008,46.0,note_flags
7,district_median_price_180d,1704710.4442901611,646.0,time_aware_market
7,district_median_price_365d,2085275.8997039795,594.0,time_aware_market
7,district_count_180d,811861.0963897705,510.0,time_aware_market
7,district_type_median_price_180d,1642458.4707489014,584.0,time_aware_market
7,district_type_median_price_365d,1983872.6737976074,588.0,time_aware_market
7,district_type_count_180d,698194.6645355225,471.0,time_aware_market
7,district_price_change_180_365,756308.1981048584,543.0,time_aware_market
7,district_type_price_change_180_365,776224.4469451904,576.0,time_aware_market
7,comp_365d_count,0.0,0.0,comparable_sales
7,comp_365d_median_price,748437.9146728516,488.0,comparable_sales
7,comp_365d_mean_price,750401.6810150146,394.0,comparable_sales
7,comp_365d_weighted_mean_price,17339970.150405884,463.0,comparable_sales
7,comp_365d_std_price,1225561.8030395508,670.0,comparable_sales
7,comp_365d_nearest_price,968285.0061340332,578.0,comparable_sales
7,comp_365d_nearest_distance,815795.6687011719,480.0,comparable_sales
7,comp_365d_median_distance,765966.8628845215,412.0,comparable_sales
7,comp_365d_median_days_diff,580229.9832458496,422.0,comparable_sales
7,comp_365d_median_area_diff_pct,606411.1181335449,445.0,comparable_sales
7,comp_365d_median_age_diff,1442871.0120239258,742.0,comparable_sales
7,comp_730d_count,0.0,0.0,comparable_sales
7,comp_730d_median_price,1541910.3115234375,548.0,comparable_sales
7,comp_730d_mean_price,37895192.56965637,567.0,comparable_sales
7,comp_730d_weighted_mean_price,159227826.31661987,756.0,comparable_sales
7,comp_730d_std_price,1790954.5328674316,871.0,comparable_sales
7,comp_730d_nearest_price,3556612.0144958496,653.0,comparable_sales
7,comp_730d_nearest_distance,1128182.0017700195,547.0,comparable_sales
7,comp_730d_median_distance,1008497.822845459,445.0,comparable_sales
7,comp_730d_median_days_diff,656454.9075317383,478.0,comparable_sales
7,comp_730d_median_area_diff_pct,781972.3140258789,580.0,comparable_sales
7,comp_730d_median_age_diff,1820719.721496582,873.0,comparable_sales
7,district_中山區,216910.25421142578,68.0,location_time
7,district_中正區,180980.06085205078,66.0,location_time
7,district_信義區,221766.14520263672,105.0,location_time
7,district_內湖區,40306.98937988281,23.0,location_time
7,district_北投區,45449.732360839844,20.0,location_time
7,district_南港區,57619.62078857422,25.0,location_time
7,district_士林區,153763.69525146484,87.0,location_time
7,district_大同區,78130.94523620605,47.0,location_time
7,district_大安區,225236.73388671875,38.0,location_time
7,district_文山區,24711.570068359375,22.0,location_time
7,district_松山區,251572.1854095459,83.0,location_time
7,district_萬華區,37564.22911071777,39.0,location_time
7,trade_month_1.0,9679.514099121094,9.0,location_time
7,trade_month_2.0,21647.468048095703,21.0,location_time
7,trade_month_3.0,29991.951049804688,19.0,location_time
7,trade_month_4.0,15421.679931640625,17.0,location_time
7,trade_month_5.0,34238.60626220703,21.0,location_time
7,trade_month_6.0,20024.175903320312,22.0,location_time
7,trade_month_7.0,10767.954895019531,17.0,location_time
7,trade_month_8.0,10992.181030273438,12.0,location_time
7,trade_month_9.0,13254.113861083984,10.0,location_time
7,trade_month_10.0,13764.135864257812,11.0,location_time
7,trade_month_11.0,37082.315673828125,28.0,location_time
7,trade_month_12.0,23635.399963378906,18.0,location_time
7,trade_quarter_1.0,39656.254302978516,25.0,location_time
7,trade_quarter_2.0,34545.60095214844,26.0,location_time
7,trade_quarter_3.0,19594.71893310547,15.0,location_time
7,trade_quarter_4.0,14564.55990600586,12.0,location_time
7,trade_yq_2020Q3,8009.199035644531,6.0,location_time
7,trade_yq_2020Q4,55788.533264160156,10.0,location_time
7,trade_yq_2021Q1,7162.087951660156,6.0,location_time
7,trade_yq_2021Q2,12660.811157226562,12.0,location_time
7,trade_yq_2021Q3,7474.51513671875,5.0,location_time
7,trade_yq_2021Q4,31425.68116760254,34.0,location_time
7,trade_yq_2022Q1,25096.993896484375,20.0,location_time
7,trade_yq_2022Q2,14456.44384765625,11.0,location_time
7,trade_yq_2022Q3,7496.721984863281,5.0,location_time
7,trade_yq_2022Q4,5680.5919189453125,6.0,location_time
7,trade_yq_2023Q1,16017.843994140625,13.0,location_time
7,trade_yq_2023Q2,13643.974029541016,12.0,location_time
7,building_type_住宅大樓(11層含以上有電梯),68974.50866699219,18.0,basic_housing
7,building_type_公寓(5樓含以下無電梯),43522.89892578125,5.0,basic_housing
7,building_type_套房(1房1廳1衛),0.0,0.0,basic_housing
7,building_type_華廈(10層含以下有電梯),171493.68620300293,89.0,basic_housing
7,material_加強磚,0.0,0.0,other
7,material_加強磚造,38892.117431640625,23.0,other
7,material_壁式預鑄鋼筋混凝土造,0.0,0.0,other
7,material_磚造,0.0,0.0,other
7,material_見使用執照,25981.68197631836,29.0,other
7,material_見其他登記事項,4172.143051147461,12.0,other
7,material_鋼構造,0.0,0.0,other
7,material_鋼筋混凝土加強磚造,0.0,0.0,other
7,material_鋼筋混凝土造,1933881.146057129,200.0,other
7,material_鋼筋混凝土造，鋼骨鋼筋混凝土造,45814.39619445801,27.0,other
7,material_鋼骨混凝土造,0.0,0.0,other
7,material_鋼骨造,291380.7407531738,61.0,other
7,material_鋼骨鋼筋混凝土造,142056.91897583008,64.0,other
7,material_鋼骨鋼筋混凝土造；鋼骨造,0.0,0.0,other
7,material_鋼骨ＲＣ造,0.0,0.0,other
7,material_預力混凝土造,0.0,0.0,other
7,material_ＲＣ造,0.0,0.0,other
8,trade_year,188769.45361328125,137.0,location_time
8,main_use_missing,19524.81689453125,15.0,basic_housing
8,building_age,5866946.0728302,2036.0,basic_housing
8,building_age_missing,460550.17736816406,96.0,basic_housing
8,building_area_m2,1732399.069076538,943.0,basic_housing
8,building_area_ping,401675.4803009033,180.0,basic_housing
8,main_building_area_m2,1815132.6671905518,888.0,basic_housing
8,main_building_area_ping,417134.50129699707,208.0,basic_housing
8,auxiliary_area_m2,2049320.2422180176,904.0,basic_housing
8,balcony_area_m2,1421284.5362854004,822.0,basic_housing
8,land_area_m2,3265866.4738311768,1508.0,basic_housing
8,floor,4635712.986831665,772.0,basic_housing
8,total_floor,3515311.2241973877,1071.0,basic_housing
8,floor_ratio,953364.9757080078,573.0,basic_housing
8,is_basement,0.0,0.0,basic_housing
8,multi_floor,324780.37939453125,82.0,basic_housing
8,rooms,2870070.3823242188,566.0,basic_housing
8,living_rooms,478157.7431640625,223.0,basic_housing
8,bathrooms,476297.291885376,238.0,basic_housing
8,has_management,288397.8562927246,115.0,basic_housing
8,has_elevator,57102.44512939453,12.0,basic_housing
8,has_parking,903536.8221435547,140.0,basic_housing
8,parking_area_m2,2801547.9455566406,837.0,basic_housing
8,physical_condition_flag,359650.27951049805,121.0,note_flags
8,renovation_flag,69536.56619262695,47.0,note_flags
8,broad_note_flag,80231.9302368164,43.0,note_flags
8,district_median_price_180d,1825804.8756408691,676.0,time_aware_market
8,district_median_price_365d,1917215.413269043,590.0,time_aware_market
8,district_count_180d,866016.7842559814,550.0,time_aware_market
8,district_type_median_price_180d,1610216.431564331,500.0,time_aware_market
8,district_type_median_price_365d,2262440.8129882812,602.0,time_aware_market
8,district_type_count_180d,784930.4009399414,503.0,time_aware_market
8,district_price_change_180_365,681181.8063659668,501.0,time_aware_market
8,district_type_price_change_180_365,885833.1324462891,642.0,time_aware_market
8,comp_365d_count,0.0,0.0,comparable_sales
8,comp_365d_median_price,706515.1062164307,466.0,comparable_sales
8,comp_365d_mean_price,862377.4405670166,455.0,comparable_sales
8,comp_365d_weighted_mean_price,16817026.124969482,452.0,comparable_sales
8,comp_365d_std_price,1236347.7208251953,659.0,comparable_sales
8,comp_365d_nearest_price,1053454.8542633057,586.0,comparable_sales
8,comp_365d_nearest_distance,717116.0424194336,433.0,comparable_sales
8,comp_365d_median_distance,792942.1469421387,429.0,comparable_sales
8,comp_365d_median_days_diff,704761.3683776855,495.0,comparable_sales
8,comp_365d_median_area_diff_pct,577254.4158630371,416.0,comparable_sales
8,comp_365d_median_age_diff,1231841.6972961426,667.0,comparable_sales
8,comp_730d_count,0.0,0.0,comparable_sales
8,comp_730d_median_price,1634522.016998291,550.0,comparable_sales
8,comp_730d_mean_price,38566689.82304382,610.0,comparable_sales
8,comp_730d_weighted_mean_price,158825941.7558899,750.0,comparable_sales
8,comp_730d_std_price,1881917.570159912,886.0,comparable_sales
8,comp_730d_nearest_price,2430198.9216766357,665.0,comparable_sales
8,comp_730d_nearest_distance,1008504.890411377,534.0,comparable_sales
8,comp_730d_median_distance,833707.2372436523,404.0,comparable_sales
8,comp_730d_median_days_diff,754016.5376281738,478.0,comparable_sales
8,comp_730d_median_area_diff_pct,874581.7445983887,571.0,comparable_sales
8,comp_730d_median_age_diff,1870246.0413208008,825.0,comparable_sales
8,district_中山區,154293.76983642578,57.0,location_time
8,district_中正區,166384.83065795898,74.0,location_time
8,district_信義區,232698.69506835938,98.0,location_time
8,district_內湖區,30136.774047851562,17.0,location_time
8,district_北投區,90617.23718261719,38.0,location_time
8,district_南港區,65509.347076416016,34.0,location_time
8,district_士林區,97193.9326171875,55.0,location_time
8,district_大同區,75863.0414428711,34.0,location_time
8,district_大安區,113348.5503540039,20.0,location_time
8,district_文山區,9977.37890625,10.0,location_time
8,district_松山區,267389.35525512695,86.0,location_time
8,district_萬華區,43131.15003967285,43.0,location_time
8,trade_month_1.0,17573.505859375,13.0,location_time
8,trade_month_2.0,28458.65802001953,27.0,location_time
8,trade_month_3.0,25649.255249023438,17.0,location_time
8,trade_month_4.0,14049.291015625,14.0,location_time
8,trade_month_5.0,41986.569580078125,31.0,location_time
8,trade_month_6.0,38750.978088378906,28.0,location_time
8,trade_month_7.0,1759.56103515625,3.0,location_time
8,trade_month_8.0,15572.360168457031,8.0,location_time
8,trade_month_9.0,14122.39697265625,14.0,location_time
8,trade_month_10.0,8376.134155273438,7.0,location_time
8,trade_month_11.0,31262.908081054688,27.0,location_time
8,trade_month_12.0,16836.258056640625,10.0,location_time
8,trade_quarter_1.0,33953.48522949219,20.0,location_time
8,trade_quarter_2.0,32177.637939453125,24.0,location_time
8,trade_quarter_3.0,11240.70703125,14.0,location_time
8,trade_quarter_4.0,17013.43081665039,14.0,location_time
8,trade_yq_2020Q4,5102.0799560546875,4.0,location_time
8,trade_yq_2021Q1,22273.174377441406,13.0,location_time
8,trade_yq_2021Q2,21183.840850830078,22.0,location_time
8,trade_yq_2021Q3,4632.140075683594,5.0,location_time
8,trade_yq_2021Q4,25004.896057128906,25.0,location_time
8,trade_yq_2022Q1,28035.671112060547,25.0,location_time
8,trade_yq_2022Q2,6847.8359375,8.0,location_time
8,trade_yq_2022Q3,9581.737976074219,6.0,location_time
8,trade_yq_2022Q4,3634.634033203125,3.0,location_time
8,trade_yq_2023Q1,5779.945007324219,5.0,location_time
8,trade_yq_2023Q2,16135.333068847656,14.0,location_time
8,trade_yq_2023Q3,25716.191772460938,20.0,location_time
8,building_type_住宅大樓(11層含以上有電梯),61676.66827392578,18.0,basic_housing
8,building_type_公寓(5樓含以下無電梯),16299.4755859375,5.0,basic_housing
8,building_type_套房(1房1廳1衛),0.0,0.0,basic_housing
8,building_type_華廈(10層含以下有電梯),126931.18830871582,78.0,basic_housing
8,material_加強磚,0.0,0.0,other
8,material_加強磚造,58733.91540527344,32.0,other
8,material_壁式預鑄鋼筋混凝土造,0.0,0.0,other
8,material_磚石造,0.0,0.0,other
8,material_磚造,0.0,0.0,other
8,material_見使用執照,16420.250915527344,23.0,other
8,material_見其他登記事項,0.0,0.0,other
8,material_鋼構造,0.0,0.0,other
8,material_鋼筋混凝土加強磚造,0.0,0.0,other
8,material_鋼筋混凝土造,1874654.3296203613,193.0,other
8,material_鋼筋混凝土造，鋼骨鋼筋混凝土造,66044.5853881836,31.0,other
8,material_鋼骨混凝土造,0.0,0.0,other
8,material_鋼骨造,301187.40493774414,62.0,other
8,material_鋼骨鋼筋混凝土造,244220.2654724121,99.0,other
8,material_鋼骨鋼筋混凝土造；鋼骨造,0.0,0.0,other
8,material_鋼骨ＲＣ造,0.0,0.0,other
8,material_預力混凝土造,0.0,0.0,other
8,material_ＲＣ造,0.0,0.0,other
9,trade_year,108164.7960357666,92.0,location_time
9,main_use_missing,31982.301879882812,22.0,basic_housing
9,building_age,6368750.31137085,1947.0,basic_housing
9,building_age_missing,337252.53747558594,87.0,basic_housing
9,building_area_m2,1780206.1875610352,984.0,basic_housing
9,building_area_ping,353395.37815856934,192.0,basic_housing
9,main_building_area_m2,2005957.8517913818,983.0,basic_housing
9,main_building_area_ping,447900.57482910156,221.0,basic_housing
9,auxiliary_area_m2,1955547.7788085938,879.0,basic_housing
9,balcony_area_m2,1568122.2216186523,867.0,basic_housing
9,land_area_m2,2806784.693359375,1309.0,basic_housing
9,floor,4751512.219802856,756.0,basic_housing
9,total_floor,3604725.9008636475,1015.0,basic_housing
9,floor_ratio,1031116.9005737305,514.0,basic_housing
9,is_basement,0.0,0.0,basic_housing
9,multi_floor,329567.66876220703,96.0,basic_housing
9,rooms,2533081.0799560547,517.0,basic_housing
9,living_rooms,478274.9725189209,233.0,basic_housing
9,bathrooms,499127.3838043213,229.0,basic_housing
9,has_management,176131.994140625,90.0,basic_housing
9,has_elevator,60051.36260986328,10.0,basic_housing
9,has_parking,853781.0059814453,127.0,basic_housing
9,parking_area_m2,2674481.2160339355,882.0,basic_housing
9,physical_condition_flag,380394.2599182129,134.0,note_flags
9,renovation_flag,69122.75337219238,48.0,note_flags
9,broad_note_flag,89441.74438476562,49.0,note_flags
9,district_median_price_180d,1928741.1066894531,661.0,time_aware_market
9,district_median_price_365d,2172464.5540618896,667.0,time_aware_market
9,district_count_180d,1030729.0627746582,581.0,time_aware_market
9,district_type_median_price_180d,1454787.1982421875,518.0,time_aware_market
9,district_type_median_price_365d,2769367.5173797607,627.0,time_aware_market
9,district_type_count_180d,809657.807434082,512.0,time_aware_market
9,district_price_change_180_365,733595.6216430664,495.0,time_aware_market
9,district_type_price_change_180_365,887708.53465271,594.0,time_aware_market
9,comp_365d_count,0.0,0.0,comparable_sales
9,comp_365d_median_price,877183.7394714355,496.0,comparable_sales
9,comp_365d_mean_price,10213747.47479248,425.0,comparable_sales
9,comp_365d_weighted_mean_price,5497484.728179932,399.0,comparable_sales
9,comp_365d_std_price,1309456.9592590332,694.0,comparable_sales
9,comp_365d_nearest_price,960663.7777557373,563.0,comparable_sales
9,comp_365d_nearest_distance,683454.6148681641,452.0,comparable_sales
9,comp_365d_median_distance,913767.1489257812,487.0,comparable_sales
9,comp_365d_median_days_diff,704210.7536010742,510.0,comparable_sales
9,comp_365d_median_area_diff_pct,688861.9154052734,464.0,comparable_sales
9,comp_365d_median_age_diff,1208647.1278076172,673.0,comparable_sales
9,comp_730d_count,0.0,0.0,comparable_sales
9,comp_730d_median_price,7184498.052352905,574.0,comparable_sales
9,comp_730d_mean_price,49714518.05397034,600.0,comparable_sales
9,comp_730d_weighted_mean_price,142029105.78302002,806.0,comparable_sales
9,comp_730d_std_price,1837198.8772735596,872.0,comparable_sales
9,comp_730d_nearest_price,2751607.064163208,709.0,comparable_sales
9,comp_730d_nearest_distance,1184237.1323547363,525.0,comparable_sales
9,comp_730d_median_distance,809720.5738525391,406.0,comparable_sales
9,comp_730d_median_days_diff,824051.0828857422,554.0,comparable_sales
9,comp_730d_median_area_diff_pct,783238.7481689453,536.0,comparable_sales
9,comp_730d_median_age_diff,1760765.6148986816,776.0,comparable_sales
9,district_中山區,142326.59545898438,64.0,location_time
9,district_中正區,174887.42028808594,74.0,location_time
9,district_信義區,323236.477935791,127.0,location_time
9,district_內湖區,39893.32977294922,24.0,location_time
9,district_北投區,72517.56079101562,33.0,location_time
9,district_南港區,65608.72229003906,39.0,location_time
9,district_士林區,122408.1948852539,64.0,location_time
9,district_大同區,53445.384826660156,21.0,location_time
9,district_大安區,73145.693359375,14.0,location_time
9,district_文山區,8281.389892578125,5.0,location_time
9,district_松山區,334170.0552062988,93.0,location_time
9,district_萬華區,41123.549865722656,50.0,location_time
9,trade_month_1.0,16300.054107666016,13.0,location_time
9,trade_month_2.0,20850.677856445312,22.0,location_time
9,trade_month_3.0,38805.443115234375,23.0,location_time
9,trade_month_4.0,12327.484924316406,12.0,location_time
9,trade_month_5.0,26057.890991210938,20.0,location_time
9,trade_month_6.0,17268.8009185791,17.0,location_time
9,trade_month_7.0,8304.299865722656,8.0,location_time
9,trade_month_8.0,28549.02618408203,10.0,location_time
9,trade_month_9.0,19974.02294921875,19.0,location_time
9,trade_month_10.0,25464.567138671875,22.0,location_time
9,trade_month_11.0,15570.083923339844,13.0,location_time
9,trade_month_12.0,12401.412963867188,6.0,location_time
9,trade_quarter_1.0,14099.428100585938,10.0,location_time
9,trade_quarter_2.0,29889.891082763672,27.0,location_time
9,trade_quarter_3.0,35560.451904296875,26.0,location_time
9,trade_quarter_4.0,34349.243072509766,28.0,location_time
9,trade_yq_2021Q1,31064.350860595703,23.0,location_time
9,trade_yq_2021Q2,16744.960174560547,18.0,location_time
9,trade_yq_2021Q3,14082.454956054688,14.0,location_time
9,trade_yq_2021Q4,18132.752380371094,13.0,location_time
9,trade_yq_2022Q1,15784.571044921875,10.0,location_time
9,trade_yq_2022Q2,15331.119873046875,8.0,location_time
9,trade_yq_2022Q3,11419.622131347656,8.0,location_time
9,trade_yq_2022Q4,2739.5280151367188,3.0,location_time
9,trade_yq_2023Q1,4496.6190185546875,4.0,location_time
9,trade_yq_2023Q2,18131.417846679688,13.0,location_time
9,trade_yq_2023Q3,27045.789184570312,21.0,location_time
9,trade_yq_2023Q4,12417.701110839844,9.0,location_time
9,building_type_住宅大樓(11層含以上有電梯),34091.993103027344,11.0,basic_housing
9,building_type_公寓(5樓含以下無電梯),32737.5,3.0,basic_housing
9,building_type_套房(1房1廳1衛),0.0,0.0,basic_housing
9,building_type_華廈(10層含以下有電梯),121219.7815246582,85.0,basic_housing
9,material_加強磚,0.0,0.0,other
9,material_加強磚造,26283.324768066406,16.0,other
9,material_壁式預鑄鋼筋混凝土造,0.0,0.0,other
9,material_磚石造,0.0,0.0,other
9,material_磚造,0.0,0.0,other
9,material_見使用執照,24049.57289123535,30.0,other
9,material_見其他登記事項,0.0,0.0,other
9,material_鋼構造,0.0,0.0,other
9,material_鋼筋混凝土加強磚造,0.0,0.0,other
9,material_鋼筋混凝土造,1332296.2003173828,194.0,other
9,material_鋼筋混凝土造，鋼骨鋼筋混凝土造,74035.19667053223,44.0,other
9,material_鋼骨混凝土造,0.0,0.0,other
9,material_鋼骨造,330501.4485321045,79.0,other
9,material_鋼骨鋼筋混凝土造,134874.16802978516,51.0,other
9,material_鋼骨鋼筋混凝土造；鋼骨造,0.0,0.0,other
9,material_鋼骨ＲＣ造,0.0,0.0,other
9,material_預力混凝土造,0.0,0.0,other
9,material_ＲＣ造,0.0,0.0,other
10,trade_year,197783.11950683594,151.0,location_time
10,main_use_missing,74901.26318359375,41.0,basic_housing
10,building_age,6846466.3224487305,1966.0,basic_housing
10,building_age_missing,233355.31610107422,62.0,basic_housing
10,building_area_m2,2230640.003311157,1106.0,basic_housing
10,building_area_ping,451743.4187774658,215.0,basic_housing
10,main_building_area_m2,2038932.8903503418,966.0,basic_housing
10,main_building_area_ping,455054.4787902832,198.0,basic_housing
10,auxiliary_area_m2,2185098.437484741,890.0,basic_housing
10,balcony_area_m2,1474572.2125549316,821.0,basic_housing
10,land_area_m2,2890102.8858184814,1381.0,basic_housing
10,floor,4962946.342788696,755.0,basic_housing
10,total_floor,3412274.100769043,999.0,basic_housing
10,floor_ratio,887030.3493652344,509.0,basic_housing
10,is_basement,0.0,0.0,basic_housing
10,multi_floor,340412.5268249512,110.0,basic_housing
10,rooms,2580540.752471924,508.0,basic_housing
10,living_rooms,562879.4329071045,236.0,basic_housing
10,bathrooms,504281.96673583984,214.0,basic_housing
10,has_management,199603.33908081055,80.0,basic_housing
10,has_elevator,10102.143188476562,6.0,basic_housing
10,has_parking,984474.9897460938,117.0,basic_housing
10,parking_area_m2,2572625.5508117676,890.0,basic_housing
10,physical_condition_flag,414465.81689453125,118.0,note_flags
10,renovation_flag,34156.64108276367,38.0,note_flags
10,broad_note_flag,120243.50772094727,70.0,note_flags
10,district_median_price_180d,1827737.3149719238,613.0,time_aware_market
10,district_median_price_365d,2143927.8266296387,694.0,time_aware_market
10,district_count_180d,1110747.7319793701,601.0,time_aware_market
10,district_type_median_price_180d,1248886.4595947266,530.0,time_aware_market
10,district_type_median_price_365d,3305680.831970215,647.0,time_aware_market
10,district_type_count_180d,758581.1524047852,493.0,time_aware_market
10,district_price_change_180_365,820805.5909423828,570.0,time_aware_market
10,district_type_price_change_180_365,951501.3758544922,631.0,time_aware_market
10,comp_365d_count,0.0,0.0,comparable_sales
10,comp_365d_median_price,816312.4920959473,487.0,comparable_sales
10,comp_365d_mean_price,4972076.527114868,449.0,comparable_sales
10,comp_365d_weighted_mean_price,4931688.66065979,415.0,comparable_sales
10,comp_365d_std_price,1191375.5174865723,640.0,comparable_sales
10,comp_365d_nearest_price,867076.9474487305,549.0,comparable_sales
10,comp_365d_nearest_distance,734490.0477600098,476.0,comparable_sales
10,comp_365d_median_distance,716745.5342712402,397.0,comparable_sales
10,comp_365d_median_days_diff,753796.5876464844,504.0,comparable_sales
10,comp_365d_median_area_diff_pct,620761.4437255859,427.0,comparable_sales
10,comp_365d_median_age_diff,1097280.9401855469,638.0,comparable_sales
10,comp_730d_count,0.0,0.0,comparable_sales
10,comp_730d_median_price,13477360.643981934,601.0,comparable_sales
10,comp_730d_mean_price,51831609.92767334,609.0,comparable_sales
10,comp_730d_weighted_mean_price,146536991.4144287,788.0,comparable_sales
10,comp_730d_std_price,2150232.3973083496,963.0,comparable_sales
10,comp_730d_nearest_price,2764988.74659729,704.0,comparable_sales
10,comp_730d_nearest_distance,949822.5987854004,492.0,comparable_sales
10,comp_730d_median_distance,660521.7329101562,391.0,comparable_sales
10,comp_730d_median_days_diff,803638.0743713379,548.0,comparable_sales
10,comp_730d_median_area_diff_pct,707249.2608642578,465.0,comparable_sales
10,comp_730d_median_age_diff,1821166.7236480713,824.0,comparable_sales
10,district_中山區,140673.0054321289,52.0,location_time
10,district_中正區,144996.83953857422,72.0,location_time
10,district_信義區,188030.69470214844,81.0,location_time
10,district_內湖區,55508.93981933594,24.0,location_time
10,district_北投區,54057.25109863281,26.0,location_time
10,district_南港區,53818.51446533203,35.0,location_time
10,district_士林區,94509.73034667969,58.0,location_time
10,district_大同區,33976.17706298828,14.0,location_time
10,district_大安區,61943.05383300781,15.0,location_time
10,district_文山區,6323.217987060547,5.0,location_time
10,district_松山區,236938.83981323242,85.0,location_time
10,district_萬華區,31143.335861206055,43.0,location_time
10,trade_month_1.0,30705.42401123047,24.0,location_time
10,trade_month_2.0,37146.702056884766,33.0,location_time
10,trade_month_3.0,14245.76107788086,14.0,location_time
10,trade_month_4.0,23189.694274902344,20.0,location_time
10,trade_month_5.0,45250.28790283203,26.0,location_time
10,trade_month_6.0,26308.33709716797,17.0,location_time
10,trade_month_7.0,17722.382843017578,13.0,location_time
10,trade_month_8.0,17509.144958496094,8.0,location_time
10,trade_month_9.0,23262.483154296875,20.0,location_time
10,trade_month_10.0,34468.646911621094,19.0,location_time
10,trade_month_11.0,9091.033874511719,9.0,location_time
10,trade_month_12.0,8205.982055664062,8.0,location_time
10,trade_quarter_1.0,40319.32534790039,30.0,location_time
10,trade_quarter_2.0,22462.234985351562,19.0,location_time
10,trade_quarter_3.0,23059.955993652344,16.0,location_time
10,trade_quarter_4.0,28600.830017089844,22.0,location_time
10,trade_yq_2021Q2,47821.464782714844,35.0,location_time
10,trade_yq_2021Q3,11520.119049072266,13.0,location_time
10,trade_yq_2021Q4,13170.273132324219,11.0,location_time
10,trade_yq_2022Q1,18777.11688232422,16.0,location_time
10,trade_yq_2022Q2,522.5079956054688,1.0,location_time
10,trade_yq_2022Q3,3148.1650390625,3.0,location_time
10,trade_yq_2022Q4,3281.6929931640625,3.0,location_time
10,trade_yq_2023Q1,9910.650146484375,6.0,location_time
10,trade_yq_2023Q2,1609.1640014648438,2.0,location_time
10,trade_yq_2023Q3,30790.00128173828,16.0,location_time
10,trade_yq_2023Q4,7210.5660400390625,7.0,location_time
10,trade_yq_2024Q1,9626.900939941406,9.0,location_time
10,building_type_住宅大樓(11層含以上有電梯),53077.81774902344,17.0,basic_housing
10,building_type_公寓(5樓含以下無電梯),15073.210083007812,5.0,basic_housing
10,building_type_套房(1房1廳1衛),0.0,0.0,basic_housing
10,building_type_華廈(10層含以下有電梯),115660.81134033203,84.0,basic_housing
10,material_加強磚,0.0,0.0,other
10,material_加強磚造,25126.96014404297,18.0,other
10,material_壁式預鑄鋼筋混凝土造,0.0,0.0,other
10,material_磚石造,0.0,0.0,other
10,material_磚造,0.0,0.0,other
10,material_見使用執照,21736.98600769043,23.0,other
10,material_鋼構造,0.0,0.0,other
10,material_鋼筋混凝土加強磚造,0.0,0.0,other
10,material_鋼筋混凝土造,1523865.2745361328,172.0,other
10,material_鋼筋混凝土造，鋼骨鋼筋混凝土造,74899.92938232422,49.0,other
10,material_鋼骨混凝土造,0.0,0.0,other
10,material_鋼骨造,294632.78427124023,66.0,other
10,material_鋼骨鋼筋混凝土造,120366.9751586914,43.0,other
10,material_鋼骨鋼筋混凝土造；鋼骨造,0.0,0.0,other
10,material_鋼骨ＲＣ造,0.0,0.0,other
10,material_預力混凝土造,0.0,0.0,other
10,material_ＲＣ造,0.0,0.0,other
11,trade_year,232363.4411315918,138.0,location_time
11,main_use_missing,139365.62377929688,60.0,basic_housing
11,building_age,6830498.70425415,2024.0,basic_housing
11,building_age_missing,175502.23333740234,56.0,basic_housing
11,building_area_m2,2170706.29536438,969.0,basic_housing
11,building_area_ping,441971.03771972656,222.0,basic_housing
11,main_building_area_m2,2229191.0657958984,1018.0,basic_housing
11,main_building_area_ping,412971.35676574707,184.0,basic_housing
11,auxiliary_area_m2,2316413.8956451416,881.0,basic_housing
11,balcony_area_m2,1477506.9480895996,815.0,basic_housing
11,land_area_m2,3116731.647491455,1384.0,basic_housing
11,floor,5134496.397369385,774.0,basic_housing
11,total_floor,3626940.5487365723,1029.0,basic_housing
11,floor_ratio,944365.1548461914,489.0,basic_housing
11,is_basement,0.0,0.0,basic_housing
11,multi_floor,319623.16513061523,109.0,basic_housing
11,rooms,2746748.33013916,527.0,basic_housing
11,living_rooms,773769.8751831055,293.0,basic_housing
11,bathrooms,478281.80531311035,237.0,basic_housing
11,has_management,166234.29907226562,60.0,basic_housing
11,has_elevator,91420.09387207031,27.0,basic_housing
11,has_parking,832773.6061401367,111.0,basic_housing
11,parking_area_m2,2781406.9968414307,913.0,basic_housing
11,physical_condition_flag,474263.4572753906,124.0,note_flags
11,renovation_flag,42683.05599975586,46.0,note_flags
11,broad_note_flag,141439.90313720703,59.0,note_flags
11,district_median_price_180d,2116697.144668579,693.0,time_aware_market
11,district_median_price_365d,1940811.0735321045,600.0,time_aware_market
11,district_count_180d,1159691.7949371338,633.0,time_aware_market
11,district_type_median_price_180d,1808233.1378326416,558.0,time_aware_market
11,district_type_median_price_365d,2257190.7672576904,571.0,time_aware_market
11,district_type_count_180d,905107.4318695068,524.0,time_aware_market
11,district_price_change_180_365,775441.0118713379,492.0,time_aware_market
11,district_type_price_change_180_365,879847.9695739746,620.0,time_aware_market
11,comp_365d_count,0.0,0.0,comparable_sales
11,comp_365d_median_price,767906.6191711426,462.0,comparable_sales
11,comp_365d_mean_price,4266000.280502319,448.0,comparable_sales
11,comp_365d_weighted_mean_price,8985385.579483032,392.0,comparable_sales
11,comp_365d_std_price,1189857.701965332,595.0,comparable_sales
11,comp_365d_nearest_price,980965.0904541016,568.0,comparable_sales
11,comp_365d_nearest_distance,879958.5864562988,512.0,comparable_sales
11,comp_365d_median_distance,687209.773223877,371.0,comparable_sales
11,comp_365d_median_days_diff,730437.5934448242,504.0,comparable_sales
11,comp_365d_median_area_diff_pct,670742.2769470215,430.0,comparable_sales
11,comp_365d_median_age_diff,1164633.8842468262,667.0,comparable_sales
11,comp_730d_count,0.0,0.0,comparable_sales
11,comp_730d_median_price,15900479.797302246,547.0,comparable_sales
11,comp_730d_mean_price,50526181.31642151,590.0,comparable_sales
11,comp_730d_weighted_mean_price,155047059.5956421,750.0,comparable_sales
11,comp_730d_std_price,2259904.260360718,951.0,comparable_sales
11,comp_730d_nearest_price,2735573.818725586,637.0,comparable_sales
11,comp_730d_nearest_distance,915905.6510314941,474.0,comparable_sales
11,comp_730d_median_distance,786183.1629638672,435.0,comparable_sales
11,comp_730d_median_days_diff,744210.6730651855,478.0,comparable_sales
11,comp_730d_median_area_diff_pct,841333.362197876,560.0,comparable_sales
11,comp_730d_median_age_diff,1890252.025390625,836.0,comparable_sales
11,district_中山區,176391.3988647461,70.0,location_time
11,district_中正區,151899.7504272461,59.0,location_time
11,district_信義區,210462.4744873047,89.0,location_time
11,district_內湖區,92308.50598144531,44.0,location_time
11,district_北投區,65337.09777832031,30.0,location_time
11,district_南港區,103094.55319213867,62.0,location_time
11,district_士林區,155745.42584228516,84.0,location_time
11,district_大同區,57594.51336669922,25.0,location_time
11,district_大安區,24599.700073242188,8.0,location_time
11,district_文山區,5654.401916503906,4.0,location_time
11,district_松山區,265472.6505126953,91.0,location_time
11,district_萬華區,44667.52680969238,44.0,location_time
11,trade_month_1.0,23432.97412109375,19.0,location_time
11,trade_month_2.0,43977.64764404297,28.0,location_time
11,trade_month_3.0,10767.336791992188,8.0,location_time
11,trade_month_4.0,11057.948913574219,8.0,location_time
11,trade_month_5.0,40627.635986328125,29.0,location_time
11,trade_month_6.0,30948.82110595703,24.0,location_time
11,trade_month_7.0,11410.995086669922,11.0,location_time
11,trade_month_8.0,35063.610260009766,19.0,location_time
11,trade_month_9.0,13980.432037353516,12.0,location_time
11,trade_month_10.0,7313.514892578125,7.0,location_time
11,trade_month_11.0,14738.404968261719,13.0,location_time
11,trade_month_12.0,17790.288940429688,13.0,location_time
11,trade_quarter_1.0,36428.261138916016,27.0,location_time
11,trade_quarter_2.0,58670.846923828125,35.0,location_time
11,trade_quarter_3.0,29006.216857910156,20.0,location_time
11,trade_quarter_4.0,19729.275115966797,17.0,location_time
11,trade_yq_2021Q3,39624.31912231445,35.0,location_time
11,trade_yq_2021Q4,4593.3609619140625,4.0,location_time
11,trade_yq_2022Q1,15468.566223144531,11.0,location_time
11,trade_yq_2022Q2,2862.5460205078125,3.0,location_time
11,trade_yq_2022Q3,5251.682922363281,5.0,location_time
11,trade_yq_2022Q4,2326.699951171875,2.0,location_time
11,trade_yq_2023Q1,3729.1320190429688,3.0,location_time
11,trade_yq_2023Q2,14408.357727050781,11.0,location_time
11,trade_yq_2023Q3,21919.39208984375,14.0,location_time
11,trade_yq_2023Q4,7543.832092285156,6.0,location_time
11,trade_yq_2024Q1,16841.932250976562,11.0,location_time
11,trade_yq_2024Q2,18489.101989746094,11.0,location_time
11,building_type_住宅大樓(11層含以上有電梯),52204.036682128906,17.0,basic_housing
11,building_type_公寓(5樓含以下無電梯),51457.01403808594,6.0,basic_housing
11,building_type_套房(1房1廳1衛),0.0,0.0,basic_housing
11,building_type_華廈(10層含以下有電梯),163953.98739624023,94.0,basic_housing
11,material_加強磚,0.0,0.0,other
11,material_加強磚造,75453.86987304688,35.0,other
11,material_壁式預鑄鋼筋混凝土造,0.0,0.0,other
11,material_磚石造,0.0,0.0,other
11,material_磚造,982.9179840087891,4.0,other
11,material_見使用執照,22380.084060668945,28.0,other
11,material_鋼筋混凝土加強磚造,0.0,0.0,other
11,material_鋼筋混凝土造,1325063.508239746,164.0,other
11,material_鋼筋混凝土造，鋼骨鋼筋混凝土造,67528.36264038086,46.0,other
11,material_鋼骨混凝土造,0.0,0.0,other
11,material_鋼骨造,426320.6042480469,86.0,other
11,material_鋼骨鋼筋混凝土造,114722.73901367188,57.0,other
11,material_鋼骨鋼筋混凝土造；鋼骨造,0.0,0.0,other
11,material_鋼骨ＲＣ造,0.0,0.0,other
11,material_預力混凝土造,0.0,0.0,other
11,material_ＲＣ造,0.0,0.0,other
12,trade_year,224031.37380981445,115.0,location_time
12,main_use_missing,127412.82696533203,44.0,basic_housing
12,building_age,6830657.143173218,2107.0,basic_housing
12,building_age_missing,106320.1478881836,41.0,basic_housing
12,building_area_m2,2173894.033203125,1022.0,basic_housing
12,building_area_ping,527727.2147521973,228.0,basic_housing
12,main_building_area_m2,2415607.9575042725,1006.0,basic_housing
12,main_building_area_ping,489439.19204711914,232.0,basic_housing
12,auxiliary_area_m2,2310983.8377075195,883.0,basic_housing
12,balcony_area_m2,1408943.9186706543,816.0,basic_housing
12,land_area_m2,3241406.951751709,1434.0,basic_housing
12,floor,5091005.6504974365,775.0,basic_housing
12,total_floor,3360690.2746124268,930.0,basic_housing
12,floor_ratio,941348.2981262207,484.0,basic_housing
12,is_basement,0.0,0.0,basic_housing
12,multi_floor,364760.61444091797,104.0,basic_housing
12,rooms,2548081.4247131348,487.0,basic_housing
12,living_rooms,757454.2163543701,271.0,basic_housing
12,bathrooms,471653.95639038086,203.0,basic_housing
12,has_management,159749.09539794922,58.0,basic_housing
12,has_elevator,123499.3628540039,22.0,basic_housing
12,has_parking,893193.5571899414,112.0,basic_housing
12,parking_area_m2,2812072.297439575,933.0,basic_housing
12,physical_condition_flag,551253.826385498,128.0,note_flags
12,renovation_flag,45512.017028808594,46.0,note_flags
12,broad_note_flag,187597.12954711914,66.0,note_flags
12,district_median_price_180d,2093347.5938415527,668.0,time_aware_market
12,district_median_price_365d,2186687.831008911,630.0,time_aware_market
12,district_count_180d,1160906.8717041016,615.0,time_aware_market
12,district_type_median_price_180d,1746029.1140899658,573.0,time_aware_market
12,district_type_median_price_365d,2785092.5685577393,562.0,time_aware_market
12,district_type_count_180d,943736.3731689453,529.0,time_aware_market
12,district_price_change_180_365,943124.1050720215,568.0,time_aware_market
12,district_type_price_change_180_365,892030.9555664062,616.0,time_aware_market
12,comp_365d_count,0.0,0.0,comparable_sales
12,comp_365d_median_price,790890.6118774414,448.0,comparable_sales
12,comp_365d_mean_price,1150926.1719055176,439.0,comparable_sales
12,comp_365d_weighted_mean_price,20353301.14375305,395.0,comparable_sales
12,comp_365d_std_price,1243156.2963867188,649.0,comparable_sales
12,comp_365d_nearest_price,963132.8787078857,572.0,comparable_sales
12,comp_365d_nearest_distance,767712.4118041992,468.0,comparable_sales
12,comp_365d_median_distance,757252.7393798828,405.0,comparable_sales
12,comp_365d_median_days_diff,811575.1541137695,514.0,comparable_sales
12,comp_365d_median_area_diff_pct,713948.0470275879,440.0,comparable_sales
12,comp_365d_median_age_diff,1312306.9991607666,693.0,comparable_sales
12,comp_730d_count,0.0,0.0,comparable_sales
12,comp_730d_median_price,3149502.7796325684,536.0,comparable_sales
12,comp_730d_mean_price,29564636.60809326,638.0,comparable_sales
12,comp_730d_weighted_mean_price,182516294.78128052,800.0,comparable_sales
12,comp_730d_std_price,2017160.0329589844,918.0,comparable_sales
12,comp_730d_nearest_price,2592870.6865844727,637.0,comparable_sales
12,comp_730d_nearest_distance,1037835.8661804199,535.0,comparable_sales
12,comp_730d_median_distance,734264.8614501953,413.0,comparable_sales
12,comp_730d_median_days_diff,764936.1887512207,518.0,comparable_sales
12,comp_730d_median_area_diff_pct,934660.1897888184,586.0,comparable_sales
12,comp_730d_median_age_diff,1687287.339477539,767.0,comparable_sales
12,district_中山區,123092.23962402344,48.0,location_time
12,district_中正區,131232.07513427734,41.0,location_time
12,district_信義區,206614.50201416016,89.0,location_time
12,district_內湖區,52909.65905761719,25.0,location_time
12,district_北投區,53805.56311035156,25.0,location_time
12,district_南港區,50585.59924316406,28.0,location_time
12,district_士林區,129572.99920654297,80.0,location_time
12,district_大同區,31083.39013671875,12.0,location_time
12,district_大安區,62836.380126953125,13.0,location_time
12,district_文山區,4161.520965576172,3.0,location_time
12,district_松山區,221021.62460327148,80.0,location_time
12,district_萬華區,54740.678131103516,48.0,location_time
12,trade_month_1.0,26895.065887451172,26.0,location_time
12,trade_month_2.0,43476.08923339844,34.0,location_time
12,trade_month_3.0,8072.5599365234375,8.0,location_time
12,trade_month_4.0,7491.613037109375,9.0,location_time
12,trade_month_5.0,18044.789184570312,14.0,location_time
12,trade_month_6.0,39940.68408203125,24.0,location_time
12,trade_month_7.0,16399.733917236328,13.0,location_time
12,trade_month_8.0,28023.135314941406,12.0,location_time
12,trade_month_9.0,30717.11196899414,21.0,location_time
12,trade_month_10.0,19358.71221923828,16.0,location_time
12,trade_month_11.0,17084.360961914062,12.0,location_time
12,trade_month_12.0,8610.598022460938,8.0,location_time
12,trade_quarter_1.0,23432.043090820312,16.0,location_time
12,trade_quarter_2.0,38647.35412597656,23.0,location_time
12,trade_quarter_3.0,21476.15020751953,18.0,location_time
12,trade_quarter_4.0,25178.51104736328,24.0,location_time
12,trade_yq_2021Q4,1518.5859985351562,2.0,location_time
12,trade_yq_2022Q1,16234.467041015625,13.0,location_time
12,trade_yq_2022Q2,7821.600036621094,6.0,location_time
12,trade_yq_2022Q3,2089.4380493164062,2.0,location_time
12,trade_yq_2022Q4,0.0,0.0,location_time
12,trade_yq_2023Q1,5097.359924316406,6.0,location_time
12,trade_yq_2023Q2,6399.302978515625,6.0,location_time
12,trade_yq_2023Q3,15265.912963867188,14.0,location_time
12,trade_yq_2023Q4,14249.433044433594,9.0,location_time
12,trade_yq_2024Q1,10657.597778320312,8.0,location_time
12,trade_yq_2024Q2,26877.4169921875,19.0,location_time
12,trade_yq_2024Q3,28200.68194580078,19.0,location_time
12,building_type_住宅大樓(11層含以上有電梯),17784.147888183594,7.0,basic_housing
12,building_type_公寓(5樓含以下無電梯),45036.9697265625,5.0,basic_housing
12,building_type_套房(1房1廳1衛),0.0,0.0,basic_housing
12,building_type_華廈(10層含以下有電梯),137909.4369506836,84.0,basic_housing
12,material_加強磚,0.0,0.0,other
12,material_加強磚造,105270.94812011719,36.0,other
12,material_壁式預鑄鋼筋混凝土造,0.0,0.0,other
12,material_磚石造,0.0,0.0,other
12,material_磚造,0.0,0.0,other
12,material_見使用執照,30538.51611328125,32.0,other
12,material_鋼筋混凝土加強磚造,0.0,0.0,other
12,material_鋼筋混凝土造,1533917.7763671875,155.0,other
12,material_鋼筋混凝土造，鋼骨鋼筋混凝土造,0.0,0.0,other
12,material_鋼骨混凝土造,0.0,0.0,other
12,material_鋼骨造,426076.008392334,83.0,other
12,material_鋼骨鋼筋混凝土造,104441.26708984375,45.0,other
12,material_鋼骨鋼筋混凝土造；鋼骨造,0.0,0.0,other
12,material_鋼骨ＲＣ造,0.0,0.0,other
12,material_預力混凝土造,0.0,0.0,other
12,material_ＲＣ造,0.0,0.0,other
13,trade_year,159686.40985107422,101.0,location_time
13,main_use_missing,156272.81719970703,43.0,basic_housing
13,building_age,6567665.019470215,1999.0,basic_housing
13,building_age_missing,72480.94329833984,23.0,basic_housing
13,building_area_m2,2478346.2888946533,1091.0,basic_housing
13,building_area_ping,420734.76832580566,174.0,basic_housing
13,main_building_area_m2,2524748.7601623535,1040.0,basic_housing
13,main_building_area_ping,431800.307220459,193.0,basic_housing
13,auxiliary_area_m2,2074319.0090942383,870.0,basic_housing
13,balcony_area_m2,1391359.6957855225,797.0,basic_housing
13,land_area_m2,3101631.148132324,1418.0,basic_housing
13,floor,5012965.0207977295,792.0,basic_housing
13,total_floor,2952554.7738342285,973.0,basic_housing
13,floor_ratio,899819.2110748291,472.0,basic_housing
13,is_basement,0.0,0.0,basic_housing
13,multi_floor,345189.2105102539,116.0,basic_housing
13,rooms,2176918.1300354004,481.0,basic_housing
13,living_rooms,914089.1367340088,300.0,basic_housing
13,bathrooms,414894.68811035156,190.0,basic_housing
13,has_management,150735.28427124023,61.0,basic_housing
13,has_elevator,84011.0746459961,18.0,basic_housing
13,has_parking,754962.4861450195,99.0,basic_housing
13,parking_area_m2,2462995.8748168945,834.0,basic_housing
13,physical_condition_flag,577437.7331237793,139.0,note_flags
13,renovation_flag,52249.66897583008,50.0,note_flags
13,broad_note_flag,174591.5365600586,58.0,note_flags
13,district_median_price_180d,1907376.9609069824,658.0,time_aware_market
13,district_median_price_365d,2419954.315109253,615.0,time_aware_market
13,district_count_180d,1154619.2197875977,611.0,time_aware_market
13,district_type_median_price_180d,1775125.504699707,512.0,time_aware_market
13,district_type_median_price_365d,2645608.634918213,604.0,time_aware_market
13,district_type_count_180d,1005122.3897399902,518.0,time_aware_market
13,district_price_change_180_365,845361.9755859375,534.0,time_aware_market
13,district_type_price_change_180_365,923671.9653778076,621.0,time_aware_market
13,comp_365d_count,0.0,0.0,comparable_sales
13,comp_365d_median_price,870960.7812194824,465.0,comparable_sales
13,comp_365d_mean_price,866482.4477539062,428.0,comparable_sales
13,comp_365d_weighted_mean_price,7080379.887390137,418.0,comparable_sales
13,comp_365d_std_price,1169332.018951416,637.0,comparable_sales
13,comp_365d_nearest_price,1077797.5982055664,669.0,comparable_sales
13,comp_365d_nearest_distance,791054.3512573242,509.0,comparable_sales
13,comp_365d_median_distance,643958.0690917969,388.0,comparable_sales
13,comp_365d_median_days_diff,726333.2565307617,476.0,comparable_sales
13,comp_365d_median_area_diff_pct,756851.4498901367,511.0,comparable_sales
13,comp_365d_median_age_diff,1197468.948272705,708.0,comparable_sales
13,comp_730d_count,0.0,0.0,comparable_sales
13,comp_730d_median_price,2829873.2959899902,475.0,comparable_sales
13,comp_730d_mean_price,38918009.68753052,616.0,comparable_sales
13,comp_730d_weighted_mean_price,176701200.81854248,816.0,comparable_sales
13,comp_730d_std_price,1964749.1949920654,915.0,comparable_sales
13,comp_730d_nearest_price,2107036.89743042,632.0,comparable_sales
13,comp_730d_nearest_distance,942254.8867797852,485.0,comparable_sales
13,comp_730d_median_distance,830375.3987426758,468.0,comparable_sales
13,comp_730d_median_days_diff,927658.2811584473,561.0,comparable_sales
13,comp_730d_median_area_diff_pct,1000013.9673461914,613.0,comparable_sales
13,comp_730d_median_age_diff,1585481.4416046143,791.0,comparable_sales
13,district_中山區,127369.1819152832,55.0,location_time
13,district_中正區,191086.0220336914,67.0,location_time
13,district_信義區,150982.5658569336,83.0,location_time
13,district_內湖區,42524.479064941406,21.0,location_time
13,district_北投區,59446.03741455078,34.0,location_time
13,district_南港區,76728.80474853516,45.0,location_time
13,district_士林區,126142.6527709961,81.0,location_time
13,district_大同區,32224.3876953125,20.0,location_time
13,district_大安區,110616.69610595703,13.0,location_time
13,district_文山區,5270.4140625,5.0,location_time
13,district_松山區,120761.82312011719,52.0,location_time
13,district_萬華區,33765.95687866211,33.0,location_time
13,trade_month_1.0,19804.86602783203,13.0,location_time
13,trade_month_2.0,29762.42515563965,27.0,location_time
13,trade_month_3.0,18352.791259765625,12.0,location_time
13,trade_month_4.0,11380.48080444336,10.0,location_time
13,trade_month_5.0,35493.52264404297,17.0,location_time
13,trade_month_6.0,25694.197875976562,18.0,location_time
13,trade_month_7.0,20362.054138183594,14.0,location_time
13,trade_month_8.0,23431.559936523438,13.0,location_time
13,trade_month_9.0,24384.476989746094,20.0,location_time
13,trade_month_10.0,20321.556030273438,23.0,location_time
13,trade_month_11.0,24879.963989257812,17.0,location_time
13,trade_month_12.0,12456.8388671875,13.0,location_time
13,trade_quarter_1.0,32535.951049804688,24.0,location_time
13,trade_quarter_2.0,25988.74203491211,17.0,location_time
13,trade_quarter_3.0,35987.70184326172,22.0,location_time
13,trade_quarter_4.0,18498.480834960938,15.0,location_time
13,trade_yq_2022Q1,20711.461975097656,17.0,location_time
13,trade_yq_2022Q2,5443.909973144531,3.0,location_time
13,trade_yq_2022Q3,1639.8399658203125,1.0,location_time
13,trade_yq_2022Q4,2397.5799560546875,2.0,location_time
13,trade_yq_2023Q1,8137.1400146484375,5.0,location_time
13,trade_yq_2023Q2,9620.021057128906,9.0,location_time
13,trade_yq_2023Q3,43833.86599731445,23.0,location_time
13,trade_yq_2023Q4,19186.244140625,13.0,location_time
13,trade_yq_2024Q1,17742.314208984375,14.0,location_time
13,trade_yq_2024Q2,33287.65496826172,21.0,location_time
13,trade_yq_2024Q3,59954.468200683594,26.0,location_time
13,trade_yq_2024Q4,65523.052963256836,44.0,location_time
13,building_type_住宅大樓(11層含以上有電梯),19169.585876464844,9.0,basic_housing
13,building_type_公寓(5樓含以下無電梯),43874.490234375,5.0,basic_housing
13,building_type_套房(1房1廳1衛),0.0,0.0,basic_housing
13,building_type_華廈(10層含以下有電梯),169067.3695678711,96.0,basic_housing
13,material_加強磚,0.0,0.0,other
13,material_加強磚造,66169.47869873047,33.0,other
13,material_壁式預鑄鋼筋混凝土造,0.0,0.0,other
13,material_磚石造,0.0,0.0,other
13,material_磚造,0.0,0.0,other
13,material_見使用執照,43725.98678588867,36.0,other
13,material_鋼筋混凝土加強磚造,0.0,0.0,other
13,material_鋼筋混凝土造,1669322.8088989258,148.0,other
13,material_鋼筋混凝土造，鋼骨鋼筋混凝土造,0.0,0.0,other
13,material_鋼骨混凝土造,0.0,0.0,other
13,material_鋼骨造,351103.9945526123,64.0,other
13,material_鋼骨鋼筋混凝土造,132451.38409423828,61.0,other
13,material_鋼骨鋼筋混凝土造；鋼骨造,0.0,0.0,other
13,material_鋼骨ＲＣ造,0.0,0.0,other
13,material_預力混凝土造,0.0,0.0,other
13,material_ＲＣ造,0.0,0.0,other
14,trade_year,142106.0626220703,101.0,location_time
14,main_use_missing,232457.46026611328,69.0,basic_housing
14,building_age,6240181.642166138,1945.0,basic_housing
14,building_age_missing,74443.26239013672,25.0,basic_housing
14,building_area_m2,2364296.0456085205,1093.0,basic_housing
14,building_area_ping,445809.8148956299,165.0,basic_housing
14,main_building_area_m2,2481838.79296875,1023.0,basic_housing
14,main_building_area_ping,445590.9723968506,198.0,basic_housing
14,auxiliary_area_m2,2234001.1351013184,898.0,basic_housing
14,balcony_area_m2,1399529.1011047363,787.0,basic_housing
14,land_area_m2,3132418.870788574,1469.0,basic_housing
14,floor,4683894.215423584,748.0,basic_housing
14,total_floor,2861348.0109405518,919.0,basic_housing
14,floor_ratio,937052.3691711426,487.0,basic_housing
14,is_basement,0.0,0.0,basic_housing
14,multi_floor,357821.4703063965,122.0,basic_housing
14,rooms,2171557.244277954,471.0,basic_housing
14,living_rooms,797971.3527984619,281.0,basic_housing
14,bathrooms,412355.352935791,206.0,basic_housing
14,has_management,200000.62283325195,58.0,basic_housing
14,has_elevator,85712.59878540039,21.0,basic_housing
14,has_parking,719427.6853637695,92.0,basic_housing
14,parking_area_m2,2037873.0215454102,731.0,basic_housing
14,physical_condition_flag,599826.9878845215,151.0,note_flags
14,renovation_flag,32676.626037597656,38.0,note_flags
14,broad_note_flag,160935.07586669922,70.0,note_flags
14,district_median_price_180d,1966860.3524017334,723.0,time_aware_market
14,district_median_price_365d,2395972.1609802246,661.0,time_aware_market
14,district_count_180d,1116288.7710113525,603.0,time_aware_market
14,district_type_median_price_180d,1992517.2821044922,586.0,time_aware_market
14,district_type_median_price_365d,2122395.638885498,601.0,time_aware_market
14,district_type_count_180d,932509.1901855469,541.0,time_aware_market
14,district_price_change_180_365,941772.7465515137,579.0,time_aware_market
14,district_type_price_change_180_365,884614.9783630371,555.0,time_aware_market
14,comp_365d_count,0.0,0.0,comparable_sales
14,comp_365d_median_price,1568150.3978881836,523.0,comparable_sales
14,comp_365d_mean_price,1513928.869506836,473.0,comparable_sales
14,comp_365d_weighted_mean_price,8098837.997741699,409.0,comparable_sales
14,comp_365d_std_price,1143481.5758361816,609.0,comparable_sales
14,comp_365d_nearest_price,979014.0677337646,659.0,comparable_sales
14,comp_365d_nearest_distance,817330.5232849121,504.0,comparable_sales
14,comp_365d_median_distance,870351.141418457,515.0,comparable_sales
14,comp_365d_median_days_diff,729629.7963867188,514.0,comparable_sales
14,comp_365d_median_area_diff_pct,706902.8592529297,472.0,comparable_sales
14,comp_365d_median_age_diff,1140758.2109222412,673.0,comparable_sales
14,comp_730d_count,0.0,0.0,comparable_sales
14,comp_730d_median_price,2427878.6761779785,475.0,comparable_sales
14,comp_730d_mean_price,36481437.447769165,641.0,comparable_sales
14,comp_730d_weighted_mean_price,172878890.87280273,857.0,comparable_sales
14,comp_730d_std_price,1915374.4998168945,858.0,comparable_sales
14,comp_730d_nearest_price,2601434.105102539,607.0,comparable_sales
14,comp_730d_nearest_distance,1041291.8829345703,561.0,comparable_sales
14,comp_730d_median_distance,787406.1800842285,462.0,comparable_sales
14,comp_730d_median_days_diff,854137.600982666,540.0,comparable_sales
14,comp_730d_median_area_diff_pct,806187.2138061523,505.0,comparable_sales
14,comp_730d_median_age_diff,1556554.7163543701,767.0,comparable_sales
14,district_中山區,125077.89642333984,46.0,location_time
14,district_中正區,171675.10595703125,74.0,location_time
14,district_信義區,161957.27514648438,80.0,location_time
14,district_內湖區,41206.74932861328,23.0,location_time
14,district_北投區,74849.69696044922,43.0,location_time
14,district_南港區,98505.89556884766,47.0,location_time
14,district_士林區,100772.66918945312,64.0,location_time
14,district_大同區,33513.427734375,18.0,location_time
14,district_大安區,66038.40063476562,7.0,location_time
14,district_文山區,10441.659973144531,5.0,location_time
14,district_松山區,104021.17036437988,52.0,location_time
14,district_萬華區,38070.04025268555,39.0,location_time
14,trade_month_1.0,26872.99090576172,24.0,location_time
14,trade_month_2.0,8670.750122070312,6.0,location_time
14,trade_month_3.0,21504.998107910156,15.0,location_time
14,trade_month_4.0,16256.164001464844,14.0,location_time
14,trade_month_5.0,35724.440673828125,26.0,location_time
14,trade_month_6.0,16856.121826171875,13.0,location_time
14,trade_month_7.0,15933.480102539062,12.0,location_time
14,trade_month_8.0,40158.49011230469,12.0,location_time
14,trade_month_9.0,13270.801086425781,8.0,location_time
14,trade_month_10.0,28431.994018554688,25.0,location_time
14,trade_month_11.0,16082.306091308594,14.0,location_time
14,trade_month_12.0,23158.717651367188,16.0,location_time
14,trade_quarter_1.0,43375.48129272461,28.0,location_time
14,trade_quarter_2.0,33584.801208496094,23.0,location_time
14,trade_quarter_3.0,39375.545837402344,20.0,location_time
14,trade_quarter_4.0,26167.28042602539,20.0,location_time
14,trade_yq_2022Q2,11286.409851074219,9.0,location_time
14,trade_yq_2022Q3,0.0,0.0,location_time
14,trade_yq_2022Q4,3385.5260009765625,3.0,location_time
14,trade_yq_2023Q1,4742.3199462890625,3.0,location_time
14,trade_yq_2023Q2,3244.054931640625,3.0,location_time
14,trade_yq_2023Q3,20730.53109741211,13.0,location_time
14,trade_yq_2023Q4,7897.4510498046875,5.0,location_time
14,trade_yq_2024Q1,16500.544799804688,14.0,location_time
14,trade_yq_2024Q2,44000.85577392578,29.0,location_time
14,trade_yq_2024Q3,59329.70024108887,28.0,location_time
14,trade_yq_2024Q4,48398.15589904785,35.0,location_time
14,trade_yq_2025Q1,9732.882202148438,5.0,location_time
14,building_type_住宅大樓(11層含以上有電梯),12230.761291503906,5.0,basic_housing
14,building_type_公寓(5樓含以下無電梯),73945.19622802734,12.0,basic_housing
14,building_type_華廈(10層含以下有電梯),132427.1170654297,93.0,basic_housing
14,material_加強磚,0.0,0.0,other
14,material_加強磚造,102799.72137451172,40.0,other
14,material_壁式預鑄鋼筋混凝土造,0.0,0.0,other
14,material_磚石造,0.0,0.0,other
14,material_磚造,747.7880249023438,1.0,other
14,material_見使用執照,36356.34901428223,33.0,other
14,material_鋼筋混凝土加強磚造,0.0,0.0,other
14,material_鋼筋混凝土造,1577180.9048461914,155.0,other
14,material_鋼筋混凝土造，鋼骨鋼筋混凝土造,0.0,0.0,other
14,material_鋼骨混凝土造,0.0,0.0,other
14,material_鋼骨造,294003.91011047363,57.0,other
14,material_鋼骨鋼筋混凝土造,110269.97845458984,42.0,other
14,material_鋼骨鋼筋混凝土造；鋼骨造,0.0,0.0,other
14,material_鋼骨ＲＣ造,0.0,0.0,other
14,material_預力混凝土造,0.0,0.0,other
14,material_ＲＣ造,0.0,0.0,other
15,trade_year,136500.3874359131,89.0,location_time
15,main_use_missing,212826.59518432617,61.0,basic_housing
15,building_age,6200492.030990601,1926.0,basic_housing
15,building_age_missing,154142.05114746094,53.0,basic_housing
15,building_area_m2,2213794.866668701,1066.0,basic_housing
15,building_area_ping,541402.6626586914,224.0,basic_housing
15,main_building_area_m2,2270690.3542785645,978.0,basic_housing
15,main_building_area_ping,464896.9835205078,212.0,basic_housing
15,auxiliary_area_m2,2429648.2813720703,880.0,basic_housing
15,balcony_area_m2,1474152.5578918457,792.0,basic_housing
15,land_area_m2,3227723.771057129,1418.0,basic_housing
15,floor,4698308.022628784,755.0,basic_housing
15,total_floor,3157670.531234741,1016.0,basic_housing
15,floor_ratio,845304.9446258545,488.0,basic_housing
15,is_basement,0.0,0.0,basic_housing
15,multi_floor,384841.19140625,124.0,basic_housing
15,rooms,2278583.6830444336,467.0,basic_housing
15,living_rooms,802624.9287567139,288.0,basic_housing
15,bathrooms,421452.08769226074,191.0,basic_housing
15,has_management,140602.21643066406,48.0,basic_housing
15,has_elevator,80535.59912109375,14.0,basic_housing
15,has_parking,810704.5339355469,89.0,basic_housing
15,parking_area_m2,2163370.449584961,724.0,basic_housing
15,physical_condition_flag,650610.5405578613,161.0,note_flags
15,renovation_flag,38223.13896179199,40.0,note_flags
15,broad_note_flag,169015.80474853516,76.0,note_flags
15,district_median_price_180d,1856465.813735962,697.0,time_aware_market
15,district_median_price_365d,2634150.8400268555,708.0,time_aware_market
15,district_count_180d,1006351.3497314453,555.0,time_aware_market
15,district_type_median_price_180d,1950345.7480773926,553.0,time_aware_market
15,district_type_median_price_365d,1771678.6173095703,543.0,time_aware_market
15,district_type_count_180d,986821.9930114746,537.0,time_aware_market
15,district_price_change_180_365,1000194.592590332,635.0,time_aware_market
15,district_type_price_change_180_365,902561.3123016357,590.0,time_aware_market
15,comp_365d_count,0.0,0.0,comparable_sales
15,comp_365d_median_price,946167.7238769531,556.0,comparable_sales
15,comp_365d_mean_price,1315196.5996246338,400.0,comparable_sales
15,comp_365d_weighted_mean_price,19223063.592407227,419.0,comparable_sales
15,comp_365d_std_price,1223001.0200195312,634.0,comparable_sales
15,comp_365d_nearest_price,979243.1227111816,643.0,comparable_sales
15,comp_365d_nearest_distance,781018.2345275879,479.0,comparable_sales
15,comp_365d_median_distance,897810.8649902344,490.0,comparable_sales
15,comp_365d_median_days_diff,774420.8939666748,527.0,comparable_sales
15,comp_365d_median_area_diff_pct,884442.3609619141,585.0,comparable_sales
15,comp_365d_median_age_diff,1178324.342956543,667.0,comparable_sales
15,comp_730d_count,0.0,0.0,comparable_sales
15,comp_730d_median_price,2913124.7352905273,498.0,comparable_sales
15,comp_730d_mean_price,28089006.072052002,582.0,comparable_sales
15,comp_730d_weighted_mean_price,169304186.92852783,789.0,comparable_sales
15,comp_730d_std_price,1859335.2502441406,885.0,comparable_sales
15,comp_730d_nearest_price,2670785.003112793,655.0,comparable_sales
15,comp_730d_nearest_distance,951903.7300720215,533.0,comparable_sales
15,comp_730d_median_distance,863853.8522949219,503.0,comparable_sales
15,comp_730d_median_days_diff,805210.4791259766,512.0,comparable_sales
15,comp_730d_median_area_diff_pct,923497.1006774902,560.0,comparable_sales
15,comp_730d_median_age_diff,1445610.1660461426,732.0,comparable_sales
15,district_中山區,148122.48596191406,60.0,location_time
15,district_中正區,154400.35723876953,69.0,location_time
15,district_信義區,142288.74151611328,72.0,location_time
15,district_內湖區,37382.974853515625,17.0,location_time
15,district_北投區,51862.49969482422,30.0,location_time
15,district_南港區,45935.516510009766,34.0,location_time
15,district_士林區,138779.01190185547,76.0,location_time
15,district_大同區,34869.529357910156,19.0,location_time
15,district_大安區,49450.32861328125,11.0,location_time
15,district_文山區,3377.4170532226562,4.0,location_time
15,district_松山區,146413.72821044922,71.0,location_time
15,district_萬華區,31016.816375732422,36.0,location_time
15,trade_month_1.0,16766.669067382812,15.0,location_time
15,trade_month_2.0,7283.039001464844,6.0,location_time
15,trade_month_3.0,32958.57312011719,26.0,location_time
15,trade_month_4.0,18046.716064453125,13.0,location_time
15,trade_month_5.0,26564.223876953125,16.0,location_time
15,trade_month_6.0,30112.075317382812,19.0,location_time
15,trade_month_7.0,14640.596008300781,12.0,location_time
15,trade_month_8.0,25176.766479492188,11.0,location_time
15,trade_month_9.0,19154.844116210938,18.0,location_time
15,trade_month_10.0,21936.556121826172,24.0,location_time
15,trade_month_11.0,21082.451721191406,13.0,location_time
15,trade_month_12.0,13698.550109863281,13.0,location_time
15,trade_quarter_1.0,45618.072845458984,27.0,location_time
15,trade_quarter_2.0,29755.901000976562,20.0,location_time
15,trade_quarter_3.0,22879.295928955078,13.0,location_time
15,trade_quarter_4.0,19889.412719726562,15.0,location_time
15,trade_yq_2022Q3,3129.0469360351562,3.0,location_time
15,trade_yq_2022Q4,2699.8179931640625,2.0,location_time
15,trade_yq_2023Q1,12542.020141601562,5.0,location_time
15,trade_yq_2023Q2,3051.2999877929688,3.0,location_time
15,trade_yq_2023Q3,26538.056030273438,17.0,location_time
15,trade_yq_2023Q4,12777.482971191406,10.0,location_time
15,trade_yq_2024Q1,25099.56866455078,15.0,location_time
15,trade_yq_2024Q2,43874.56524658203,36.0,location_time
15,trade_yq_2024Q3,82991.8638458252,48.0,location_time
15,trade_yq_2024Q4,30536.096405029297,23.0,location_time
15,trade_yq_2025Q1,27734.951049804688,14.0,location_time
15,trade_yq_2025Q2,28319.772018432617,23.0,location_time
15,building_type_住宅大樓(11層含以上有電梯),22057.34002685547,10.0,basic_housing
15,building_type_公寓(5樓含以下無電梯),67879.61822509766,10.0,basic_housing
15,building_type_華廈(10層含以下有電梯),158445.13304138184,90.0,basic_housing
15,material_加強磚,0.0,0.0,other
15,material_加強磚造,65870.53405761719,36.0,other
15,material_壁式預鑄鋼筋混凝土造,0.0,0.0,other
15,material_磚石造,0.0,0.0,other
15,material_磚造,2797.8569946289062,4.0,other
15,material_見使用執照,36215.638122558594,32.0,other
15,material_鋼構造,0.0,0.0,other
15,material_鋼筋混凝土加強磚造,0.0,0.0,other
15,material_鋼筋混凝土造,1457270.5483398438,137.0,other
15,material_鋼筋混凝土造，鋼骨鋼筋混凝土造,0.0,0.0,other
15,material_鋼骨混凝土造,0.0,0.0,other
15,material_鋼骨造,374486.23455810547,48.0,other
15,material_鋼骨鋼筋混凝土造,67202.20495605469,27.0,other
15,material_鋼骨鋼筋混凝土造；鋼骨造,0.0,0.0,other
15,material_鋼骨ＲＣ造,0.0,0.0,other
15,material_預力混凝土造,0.0,0.0,other
15,material_ＲＣ造,0.0,0.0,other
