fold_id,original_feature,feature_group,gain_importance,split_importance
1,auxiliary_area_m2,basic_housing,1818538.0014038086,799.0
1,balcony_area_m2,basic_housing,1283247.465637207,701.0
1,bathrooms,basic_housing,297800.49462890625,145.0
1,broad_note_flag,note_or_quality_flags,69311.0747680664,23.0
1,building_age,basic_housing,4722422.9427948,1817.0
1,building_age_missing,basic_housing,303980.6904296875,74.0
1,building_area_m2,basic_housing,1315645.3728485107,711.0
1,building_area_ping,basic_housing,437485.67596435547,213.0
1,building_type,location_time,392419.91818237305,128.0
1,comp_365d_count,rule_based_comparable,0.0,0.0
1,comp_365d_mean_price,rule_based_comparable,393127.9499206543,237.0
1,comp_365d_median_age_diff,rule_based_comparable,1021510.0621948242,469.0
1,comp_365d_median_area_diff_pct,rule_based_comparable,426586.0630950928,339.0
1,comp_365d_median_days_diff,rule_based_comparable,391714.41271972656,310.0
1,comp_365d_median_distance,rule_based_comparable,588816.6254577637,305.0
1,comp_365d_median_price,rule_based_comparable,478133.9913330078,331.0
1,comp_365d_nearest_distance,rule_based_comparable,651630.6562957764,327.0
1,comp_365d_nearest_price,rule_based_comparable,750781.4211120605,459.0
1,comp_365d_std_price,rule_based_comparable,933526.4373474121,507.0
1,comp_365d_weighted_mean_price,rule_based_comparable,10328463.541564941,231.0
1,comp_730d_count,rule_based_comparable,0.0,0.0
1,comp_730d_mean_price,rule_based_comparable,20673190.181671143,401.0
1,comp_730d_median_age_diff,rule_based_comparable,1336938.637145996,604.0
1,comp_730d_median_area_diff_pct,rule_based_comparable,447371.22564697266,377.0
1,comp_730d_median_days_diff,rule_based_comparable,419356.8557739258,325.0
1,comp_730d_median_distance,rule_based_comparable,406744.4914550781,249.0
1,comp_730d_median_price,rule_based_comparable,628332.8947143555,401.0
1,comp_730d_nearest_distance,rule_based_comparable,898122.8184204102,442.0
1,comp_730d_nearest_price,rule_based_comparable,3273551.7200775146,546.0
1,comp_730d_std_price,rule_based_comparable,1074086.064880371,609.0
1,comp_730d_weighted_mean_price,rule_based_comparable,183700044.73713684,644.0
1,district,location_time,863641.4473114014,421.0
1,district_count_180d,time_aware_market,836401.4634399414,526.0
1,district_median_price_180d,time_aware_market,1210386.404876709,459.0
1,district_median_price_365d,time_aware_market,1502807.9752807617,556.0
1,district_price_change_180_365,time_aware_market,560074.9964141846,393.0
1,district_type_count_180d,time_aware_market,610893.1573486328,412.0
1,district_type_median_price_180d,time_aware_market,607536.23828125,361.0
1,district_type_median_price_365d,time_aware_market,598865.5181884766,359.0
1,district_type_price_change_180_365,time_aware_market,620146.4208679199,460.0
1,emb_1095d_count,embedding_comparable,0.0,0.0
1,emb_1095d_max_similarity,embedding_comparable,396418.2732849121,208.0
1,emb_1095d_mean_price,embedding_comparable,4091210.196685791,236.0
1,emb_1095d_mean_similarity,embedding_comparable,240881.08737182617,135.0
1,emb_1095d_median_age_diff,embedding_comparable,624011.2720947266,347.0
1,emb_1095d_median_area_diff_pct,embedding_comparable,605160.4576416016,359.0
1,emb_1095d_median_days_diff,embedding_comparable,719640.5603027344,271.0
1,emb_1095d_median_price,embedding_comparable,730054.1163330078,258.0
1,emb_1095d_median_similarity,embedding_comparable,302556.0560913086,174.0
1,emb_1095d_nearest_price,embedding_comparable,3073667.4341430664,426.0
1,emb_1095d_std_price,embedding_comparable,986655.7130126953,438.0
1,emb_1095d_weighted_mean_price,embedding_comparable,2225631.1381225586,104.0
1,emb_730d_count,embedding_comparable,0.0,0.0
1,emb_730d_max_similarity,embedding_comparable,612818.0051574707,323.0
1,emb_730d_mean_price,embedding_comparable,3322885.511779785,269.0
1,emb_730d_mean_similarity,embedding_comparable,455865.6572570801,235.0
1,emb_730d_median_age_diff,embedding_comparable,745401.0732574463,401.0
1,emb_730d_median_area_diff_pct,embedding_comparable,428471.0895996094,284.0
1,emb_730d_median_days_diff,embedding_comparable,452432.5953063965,300.0
1,emb_730d_median_price,embedding_comparable,926100.7333679199,350.0
1,emb_730d_median_similarity,embedding_comparable,461706.4875793457,247.0
1,emb_730d_nearest_price,embedding_comparable,2363717.8653411865,463.0
1,emb_730d_std_price,embedding_comparable,874931.2493286133,405.0
1,emb_730d_weighted_mean_price,embedding_comparable,2476004.5337524414,121.0
1,floor,basic_housing,3949659.2091674805,641.0
1,floor_ratio,basic_housing,867962.2380981445,498.0
1,has_elevator,basic_housing,76021.57122802734,18.0
1,has_management,basic_housing,368165.83892822266,139.0
1,has_parking,basic_housing,787754.1744384766,124.0
1,is_basement,basic_housing,0.0,0.0
1,land_area_m2,basic_housing,2791091.6228637695,1190.0
1,living_rooms,basic_housing,675614.5187683105,233.0
1,main_building_area_m2,basic_housing,1893889.3543395996,928.0
1,main_building_area_ping,basic_housing,402574.3187561035,169.0
1,main_use_missing,note_or_quality_flags,1110.81005859375,1.0
1,material,location_time,1990784.2683410645,389.0
1,multi_floor,basic_housing,96208.15789794922,57.0
1,parking_area_m2,basic_housing,2316535.1871032715,694.0
1,physical_condition_flag,note_or_quality_flags,234217.12258911133,100.0
1,renovation_flag,note_or_quality_flags,85308.46728515625,43.0
1,rooms,basic_housing,1641282.0399627686,403.0
1,total_floor,basic_housing,2490375.1676483154,896.0
1,trade_month,location_time,116590.71516418457,111.0
1,trade_quarter,location_time,108820.0153503418,89.0
1,trade_year,location_time,316460.7566680908,131.0
1,trade_yq,location_time,208639.27961730957,121.0
2,auxiliary_area_m2,basic_housing,1922558.7831115723,833.0
2,balcony_area_m2,basic_housing,1351304.764038086,657.0
2,bathrooms,basic_housing,329029.0487060547,166.0
2,broad_note_flag,note_or_quality_flags,62602.59927368164,31.0
2,building_age,basic_housing,4898212.536956787,1811.0
2,building_age_missing,basic_housing,238337.4434814453,63.0
2,building_area_m2,basic_housing,1362554.9927368164,728.0
2,building_area_ping,basic_housing,272863.38943481445,153.0
2,building_type,location_time,386685.0869445801,125.0
2,comp_365d_count,rule_based_comparable,0.0,0.0
2,comp_365d_mean_price,rule_based_comparable,427007.5185241699,226.0
2,comp_365d_median_age_diff,rule_based_comparable,1075333.5858154297,515.0
2,comp_365d_median_area_diff_pct,rule_based_comparable,426157.5563354492,332.0
2,comp_365d_median_days_diff,rule_based_comparable,499632.49407958984,378.0
2,comp_365d_median_distance,rule_based_comparable,640572.973236084,334.0
2,comp_365d_median_price,rule_based_comparable,464982.5751953125,310.0
2,comp_365d_nearest_distance,rule_based_comparable,699163.7324523926,365.0
2,comp_365d_nearest_price,rule_based_comparable,806067.4402008057,462.0
2,comp_365d_std_price,rule_based_comparable,952631.9831237793,499.0
2,comp_365d_weighted_mean_price,rule_based_comparable,8047062.975662231,249.0
2,comp_730d_count,rule_based_comparable,0.0,0.0
2,comp_730d_mean_price,rule_based_comparable,23575664.74092102,375.0
2,comp_730d_median_age_diff,rule_based_comparable,1274061.8033599854,615.0
2,comp_730d_median_area_diff_pct,rule_based_comparable,505265.33584594727,393.0
2,comp_730d_median_days_diff,rule_based_comparable,417159.9031982422,316.0
2,comp_730d_median_distance,rule_based_comparable,543244.5463256836,289.0
2,comp_730d_median_price,rule_based_comparable,746852.9329071045,412.0
2,comp_730d_nearest_distance,rule_based_comparable,917955.8851013184,422.0
2,comp_730d_nearest_price,rule_based_comparable,3148470.0612487793,556.0
2,comp_730d_std_price,rule_based_comparable,1174068.2192993164,622.0
2,comp_730d_weighted_mean_price,rule_based_comparable,190784003.05340576,568.0
2,district,location_time,860538.6347045898,401.0
2,district_count_180d,time_aware_market,756765.1820220947,508.0
2,district_median_price_180d,time_aware_market,1192167.208267212,467.0
2,district_median_price_365d,time_aware_market,1382080.3971710205,503.0
2,district_price_change_180_365,time_aware_market,544660.0637054443,380.0
2,district_type_count_180d,time_aware_market,549046.9796447754,357.0
2,district_type_median_price_180d,time_aware_market,627151.6326904297,346.0
2,district_type_median_price_365d,time_aware_market,605810.3263549805,315.0
2,district_type_price_change_180_365,time_aware_market,651400.9301147461,478.0
2,emb_1095d_count,embedding_comparable,0.0,0.0
2,emb_1095d_max_similarity,embedding_comparable,465764.8943786621,248.0
2,emb_1095d_mean_price,embedding_comparable,4501228.475952148,287.0
2,emb_1095d_mean_similarity,embedding_comparable,363240.2485961914,174.0
2,emb_1095d_median_age_diff,embedding_comparable,657518.6092224121,363.0
2,emb_1095d_median_area_diff_pct,embedding_comparable,622271.6924743652,377.0
2,emb_1095d_median_days_diff,embedding_comparable,817328.4694519043,359.0
2,emb_1095d_median_price,embedding_comparable,1901488.3158874512,283.0
2,emb_1095d_median_similarity,embedding_comparable,306639.2830505371,172.0
2,emb_1095d_nearest_price,embedding_comparable,2898539.1418304443,434.0
2,emb_1095d_std_price,embedding_comparable,865144.7644500732,437.0
2,emb_1095d_weighted_mean_price,embedding_comparable,3438107.6867980957,144.0
2,emb_730d_count,embedding_comparable,0.0,0.0
2,emb_730d_max_similarity,embedding_comparable,496858.41802978516,288.0
2,emb_730d_mean_price,embedding_comparable,3083937.053741455,278.0
2,emb_730d_mean_similarity,embedding_comparable,581108.0625457764,256.0
2,emb_730d_median_age_diff,embedding_comparable,776458.3297119141,428.0
2,emb_730d_median_area_diff_pct,embedding_comparable,437631.98849487305,296.0
2,emb_730d_median_days_diff,embedding_comparable,437356.4702453613,299.0
2,emb_730d_median_price,embedding_comparable,705175.0631103516,296.0
2,emb_730d_median_similarity,embedding_comparable,474844.36697387695,246.0
2,emb_730d_nearest_price,embedding_comparable,2977434.5423583984,497.0
2,emb_730d_std_price,embedding_comparable,940976.2346191406,481.0
2,emb_730d_weighted_mean_price,embedding_comparable,2317266.601715088,136.0
2,floor,basic_housing,4133805.013977051,659.0
2,floor_ratio,basic_housing,688076.1017608643,447.0
2,has_elevator,basic_housing,87168.76013183594,12.0
2,has_management,basic_housing,326622.41900634766,120.0
2,has_parking,basic_housing,815920.809967041,135.0
2,is_basement,basic_housing,0.0,0.0
2,land_area_m2,basic_housing,2546397.983734131,1124.0
2,living_rooms,basic_housing,557770.8993530273,219.0
2,main_building_area_m2,basic_housing,1742900.5091247559,858.0
2,main_building_area_ping,basic_housing,328690.98080444336,144.0
2,main_use_missing,note_or_quality_flags,3028.208953857422,9.0
2,material,location_time,1711138.135421753,365.0
2,multi_floor,basic_housing,114558.1148071289,47.0
2,parking_area_m2,basic_housing,2581498.0663146973,721.0
2,physical_condition_flag,note_or_quality_flags,280673.3258972168,103.0
2,renovation_flag,note_or_quality_flags,84992.28414916992,49.0
2,rooms,basic_housing,1571248.3072509766,375.0
2,total_floor,basic_housing,2237838.349914551,798.0
2,trade_month,location_time,127293.83348083496,126.0
2,trade_quarter,location_time,99454.29959106445,79.0
2,trade_year,location_time,358424.8627471924,149.0
2,trade_yq,location_time,152954.6288909912,122.0
3,auxiliary_area_m2,basic_housing,1718751.5144958496,765.0
3,balcony_area_m2,basic_housing,1283038.7370605469,674.0
3,bathrooms,basic_housing,306170.0182647705,143.0
3,broad_note_flag,note_or_quality_flags,74844.38934326172,27.0
3,building_age,basic_housing,4676149.754959106,1698.0
3,building_age_missing,basic_housing,272559.5022583008,83.0
3,building_area_m2,basic_housing,1204560.091506958,599.0
3,building_area_ping,basic_housing,501176.8499908447,256.0
3,building_type,location_time,419508.7106781006,115.0
3,comp_365d_count,rule_based_comparable,0.0,0.0
3,comp_365d_mean_price,rule_based_comparable,410093.9951477051,259.0
3,comp_365d_median_age_diff,rule_based_comparable,1165956.3179626465,540.0
3,comp_365d_median_area_diff_pct,rule_based_comparable,430419.43435668945,314.0
3,comp_365d_median_days_diff,rule_based_comparable,459493.88122558594,361.0
3,comp_365d_median_distance,rule_based_comparable,609199.8242492676,319.0
3,comp_365d_median_price,rule_based_comparable,556424.5263824463,363.0
3,comp_365d_nearest_distance,rule_based_comparable,646428.915435791,370.0
3,comp_365d_nearest_price,rule_based_comparable,1005777.0879058838,523.0
3,comp_365d_std_price,rule_based_comparable,1043900.809753418,557.0
3,comp_365d_weighted_mean_price,rule_based_comparable,5689400.198608398,253.0
3,comp_730d_count,rule_based_comparable,0.0,0.0
3,comp_730d_mean_price,rule_based_comparable,25499153.042114258,366.0
3,comp_730d_median_age_diff,rule_based_comparable,1284488.9452972412,640.0
3,comp_730d_median_area_diff_pct,rule_based_comparable,589233.0309143066,435.0
3,comp_730d_median_days_diff,rule_based_comparable,423686.0725097656,318.0
3,comp_730d_median_distance,rule_based_comparable,547092.3788452148,284.0
3,comp_730d_median_price,rule_based_comparable,715083.0751342773,372.0
3,comp_730d_nearest_distance,rule_based_comparable,760824.4002380371,399.0
3,comp_730d_nearest_price,rule_based_comparable,4084906.627319336,619.0
3,comp_730d_std_price,rule_based_comparable,1095929.8806762695,581.0
3,comp_730d_weighted_mean_price,rule_based_comparable,188728846.8284912,564.0
3,district,location_time,837138.6497039795,410.0
3,district_count_180d,time_aware_market,748975.1823730469,464.0
3,district_median_price_180d,time_aware_market,1180276.1727905273,465.0
3,district_median_price_365d,time_aware_market,1264387.1399383545,459.0
3,district_price_change_180_365,time_aware_market,543269.4104309082,365.0
3,district_type_count_180d,time_aware_market,536684.0428314209,375.0
3,district_type_median_price_180d,time_aware_market,577604.6071472168,308.0
3,district_type_median_price_365d,time_aware_market,625677.9634399414,361.0
3,district_type_price_change_180_365,time_aware_market,662338.0021972656,471.0
3,emb_1095d_count,embedding_comparable,0.0,0.0
3,emb_1095d_max_similarity,embedding_comparable,473738.9112548828,210.0
3,emb_1095d_mean_price,embedding_comparable,2744659.2922668457,272.0
3,emb_1095d_mean_similarity,embedding_comparable,317850.2406311035,173.0
3,emb_1095d_median_age_diff,embedding_comparable,791943.6359558105,402.0
3,emb_1095d_median_area_diff_pct,embedding_comparable,520385.2015533447,286.0
3,emb_1095d_median_days_diff,embedding_comparable,720055.6154174805,355.0
3,emb_1095d_median_price,embedding_comparable,1775743.3298034668,275.0
3,emb_1095d_median_similarity,embedding_comparable,329825.5529785156,173.0
3,emb_1095d_nearest_price,embedding_comparable,3711759.8672332764,466.0
3,emb_1095d_std_price,embedding_comparable,842973.2108459473,424.0
3,emb_1095d_weighted_mean_price,embedding_comparable,8554173.55255127,147.0
3,emb_730d_count,embedding_comparable,0.0,0.0
3,emb_730d_max_similarity,embedding_comparable,602787.480255127,313.0
3,emb_730d_mean_price,embedding_comparable,2398180.5267944336,269.0
3,emb_730d_mean_similarity,embedding_comparable,557917.3875427246,269.0
3,emb_730d_median_age_diff,embedding_comparable,868615.2525939941,448.0
3,emb_730d_median_area_diff_pct,embedding_comparable,507318.3519744873,352.0
3,emb_730d_median_days_diff,embedding_comparable,601682.2591247559,370.0
3,emb_730d_median_price,embedding_comparable,659247.7718811035,309.0
3,emb_730d_median_similarity,embedding_comparable,549415.6686401367,236.0
3,emb_730d_nearest_price,embedding_comparable,2597095.4167785645,444.0
3,emb_730d_std_price,embedding_comparable,918753.9301452637,500.0
3,emb_730d_weighted_mean_price,embedding_comparable,2950856.9655151367,137.0
3,floor,basic_housing,4054053.681716919,649.0
3,floor_ratio,basic_housing,694862.6650695801,436.0
3,has_elevator,basic_housing,72159.47088623047,14.0
3,has_management,basic_housing,288427.84704589844,92.0
3,has_parking,basic_housing,875056.1165161133,132.0
3,is_basement,basic_housing,0.0,0.0
3,land_area_m2,basic_housing,2768526.3682250977,1218.0
3,living_rooms,basic_housing,495342.9200286865,182.0
3,main_building_area_m2,basic_housing,1681616.9136047363,835.0
3,main_building_area_ping,basic_housing,247363.0821533203,153.0
3,main_use_missing,note_or_quality_flags,1170.5400390625,1.0
3,material,location_time,1585727.6405792236,324.0
3,multi_floor,basic_housing,86028.4857788086,38.0
3,parking_area_m2,basic_housing,2619168.7572631836,744.0
3,physical_condition_flag,note_or_quality_flags,280189.3454589844,111.0
3,renovation_flag,note_or_quality_flags,72462.84053039551,47.0
3,rooms,basic_housing,1666448.7112731934,406.0
3,total_floor,basic_housing,2343689.6725006104,794.0
3,trade_month,location_time,157902.38496398926,156.0
3,trade_quarter,location_time,86308.1990814209,76.0
3,trade_year,location_time,363399.8974304199,160.0
3,trade_yq,location_time,150968.45120239258,127.0
4,auxiliary_area_m2,basic_housing,1633001.3216552734,781.0
4,balcony_area_m2,basic_housing,1359018.3586730957,688.0
4,bathrooms,basic_housing,256076.99063110352,134.0
4,broad_note_flag,note_or_quality_flags,70369.76776123047,33.0
4,building_age,basic_housing,4416804.689041138,1621.0
4,building_age_missing,basic_housing,309406.5562133789,74.0
4,building_area_m2,basic_housing,1451033.4976348877,696.0
4,building_area_ping,basic_housing,299093.8517150879,160.0
4,building_type,location_time,396056.48585510254,111.0
4,comp_365d_count,rule_based_comparable,0.0,0.0
4,comp_365d_mean_price,rule_based_comparable,9562318.67791748,279.0
4,comp_365d_median_age_diff,rule_based_comparable,1179165.952178955,530.0
4,comp_365d_median_area_diff_pct,rule_based_comparable,530797.4505004883,378.0
4,comp_365d_median_days_diff,rule_based_comparable,417033.25604248047,304.0
4,comp_365d_median_distance,rule_based_comparable,543607.850402832,299.0
4,comp_365d_median_price,rule_based_comparable,537921.4142913818,358.0
4,comp_365d_nearest_distance,rule_based_comparable,568468.3862609863,365.0
4,comp_365d_nearest_price,rule_based_comparable,861492.262298584,484.0
4,comp_365d_std_price,rule_based_comparable,1045581.6220703125,553.0
4,comp_365d_weighted_mean_price,rule_based_comparable,14374378.459091187,259.0
4,comp_730d_count,rule_based_comparable,0.0,0.0
4,comp_730d_mean_price,rule_based_comparable,7020128.016647339,352.0
4,comp_730d_median_age_diff,rule_based_comparable,1142524.2210540771,643.0
4,comp_730d_median_area_diff_pct,rule_based_comparable,595001.0514373779,445.0
4,comp_730d_median_days_diff,rule_based_comparable,449273.040435791,327.0
4,comp_730d_median_distance,rule_based_comparable,538188.4108886719,272.0
4,comp_730d_median_price,rule_based_comparable,1636032.789642334,388.0
4,comp_730d_nearest_distance,rule_based_comparable,727566.7181549072,363.0
4,comp_730d_nearest_price,rule_based_comparable,4125025.6224975586,579.0
4,comp_730d_std_price,rule_based_comparable,1263266.391998291,725.0
4,comp_730d_weighted_mean_price,rule_based_comparable,177133594.94882202,589.0
4,district,location_time,789289.7715301514,372.0
4,district_count_180d,time_aware_market,732326.9996948242,496.0
4,district_median_price_180d,time_aware_market,1024505.9349975586,431.0
4,district_median_price_365d,time_aware_market,1188550.6421051025,489.0
4,district_price_change_180_365,time_aware_market,552058.3991851807,377.0
4,district_type_count_180d,time_aware_market,535245.8319854736,366.0
4,district_type_median_price_180d,time_aware_market,561219.080291748,270.0
4,district_type_median_price_365d,time_aware_market,469488.49295043945,286.0
4,district_type_price_change_180_365,time_aware_market,714636.3863983154,501.0
4,emb_1095d_count,embedding_comparable,0.0,0.0
4,emb_1095d_max_similarity,embedding_comparable,443529.9637451172,224.0
4,emb_1095d_mean_price,embedding_comparable,2231718.54095459,295.0
4,emb_1095d_mean_similarity,embedding_comparable,306962.96282958984,175.0
4,emb_1095d_median_age_diff,embedding_comparable,643030.3863830566,385.0
4,emb_1095d_median_area_diff_pct,embedding_comparable,507825.6279602051,313.0
4,emb_1095d_median_days_diff,embedding_comparable,673487.5659179688,373.0
4,emb_1095d_median_price,embedding_comparable,1512821.3034973145,303.0
4,emb_1095d_median_similarity,embedding_comparable,397997.87522888184,200.0
4,emb_1095d_nearest_price,embedding_comparable,3814168.534301758,455.0
4,emb_1095d_std_price,embedding_comparable,789360.4408569336,421.0
4,emb_1095d_weighted_mean_price,embedding_comparable,11314859.852172852,169.0
4,emb_730d_count,embedding_comparable,0.0,0.0
4,emb_730d_max_similarity,embedding_comparable,487853.5581665039,274.0
4,emb_730d_mean_price,embedding_comparable,1438604.5515441895,302.0
4,emb_730d_mean_similarity,embedding_comparable,577206.1585540771,283.0
4,emb_730d_median_age_diff,embedding_comparable,880347.6564025879,450.0
4,emb_730d_median_area_diff_pct,embedding_comparable,478807.7192687988,344.0
4,emb_730d_median_days_diff,embedding_comparable,559757.071685791,367.0
4,emb_730d_median_price,embedding_comparable,795646.6303710938,336.0
4,emb_730d_median_similarity,embedding_comparable,578049.1753692627,286.0
4,emb_730d_nearest_price,embedding_comparable,2243541.614440918,479.0
4,emb_730d_std_price,embedding_comparable,909485.1280822754,467.0
4,emb_730d_weighted_mean_price,embedding_comparable,2036233.8362121582,129.0
4,floor,basic_housing,3916167.0473632812,643.0
4,floor_ratio,basic_housing,744651.4108581543,457.0
4,has_elevator,basic_housing,104747.33483886719,20.0
4,has_management,basic_housing,346856.3374633789,103.0
4,has_parking,basic_housing,934029.349395752,135.0
4,is_basement,basic_housing,0.0,0.0
4,land_area_m2,basic_housing,2566459.721511841,1148.0
4,living_rooms,basic_housing,530143.0379180908,200.0
4,main_building_area_m2,basic_housing,1565684.0046691895,800.0
4,main_building_area_ping,basic_housing,298210.08877563477,147.0
4,main_use_missing,note_or_quality_flags,950.6099853515625,1.0
4,material,location_time,1224305.3799591064,299.0
4,multi_floor,basic_housing,90161.08560180664,50.0
4,parking_area_m2,basic_housing,2404149.778778076,743.0
4,physical_condition_flag,note_or_quality_flags,243747.85470581055,100.0
4,renovation_flag,note_or_quality_flags,79878.34326171875,48.0
4,rooms,basic_housing,1507947.8766479492,405.0
4,total_floor,basic_housing,2288547.6487579346,794.0
4,trade_month,location_time,159483.2660522461,138.0
4,trade_quarter,location_time,83367.49188232422,73.0
4,trade_year,location_time,323257.41983032227,137.0
4,trade_yq,location_time,170911.61950683594,151.0
5,auxiliary_area_m2,basic_housing,1644221.1133728027,748.0
5,balcony_area_m2,basic_housing,1167791.5588378906,649.0
5,bathrooms,basic_housing,209374.75102233887,131.0
5,broad_note_flag,note_or_quality_flags,76335.10043334961,37.0
5,building_age,basic_housing,4432855.68812561,1590.0
5,building_age_missing,basic_housing,279926.7983093262,66.0
5,building_area_m2,basic_housing,1382276.667388916,710.0
5,building_area_ping,basic_housing,242389.41160583496,151.0
5,building_type,location_time,224607.4839477539,84.0
5,comp_365d_count,rule_based_comparable,0.0,0.0
5,comp_365d_mean_price,rule_based_comparable,7632736.324249268,261.0
5,comp_365d_median_age_diff,rule_based_comparable,1164864.0050354004,570.0
5,comp_365d_median_area_diff_pct,rule_based_comparable,438689.1389465332,328.0
5,comp_365d_median_days_diff,rule_based_comparable,517826.8114929199,360.0
5,comp_365d_median_distance,rule_based_comparable,602718.6367492676,315.0
5,comp_365d_median_price,rule_based_comparable,561037.5631256104,358.0
5,comp_365d_nearest_distance,rule_based_comparable,620594.5327148438,395.0
5,comp_365d_nearest_price,rule_based_comparable,815195.9505310059,511.0
5,comp_365d_std_price,rule_based_comparable,1019790.5531921387,557.0
5,comp_365d_weighted_mean_price,rule_based_comparable,13562227.38671875,246.0
5,comp_730d_count,rule_based_comparable,0.0,0.0
5,comp_730d_mean_price,rule_based_comparable,7062885.050247192,329.0
5,comp_730d_median_age_diff,rule_based_comparable,1298063.0423583984,678.0
5,comp_730d_median_area_diff_pct,rule_based_comparable,584095.3094787598,438.0
5,comp_730d_median_days_diff,rule_based_comparable,451366.6925048828,340.0
5,comp_730d_median_distance,rule_based_comparable,565710.4042663574,276.0
5,comp_730d_median_price,rule_based_comparable,1600459.638305664,338.0
5,comp_730d_nearest_distance,rule_based_comparable,760884.9047241211,393.0
5,comp_730d_nearest_price,rule_based_comparable,3841899.9695739746,585.0
5,comp_730d_std_price,rule_based_comparable,1205038.3001708984,674.0
5,comp_730d_weighted_mean_price,rule_based_comparable,172344129.48132324,612.0
5,district,location_time,875209.7622070312,428.0
5,district_count_180d,time_aware_market,634854.4980926514,445.0
5,district_median_price_180d,time_aware_market,1018493.5996398926,447.0
5,district_median_price_365d,time_aware_market,1101418.390045166,512.0
5,district_price_change_180_365,time_aware_market,574405.7302856445,408.0
5,district_type_count_180d,time_aware_market,512091.1439819336,377.0
5,district_type_median_price_180d,time_aware_market,492080.94219970703,296.0
5,district_type_median_price_365d,time_aware_market,576075.3193969727,330.0
5,district_type_price_change_180_365,time_aware_market,635158.9902954102,478.0
5,emb_1095d_count,embedding_comparable,0.0,0.0
5,emb_1095d_max_similarity,embedding_comparable,321729.7314758301,214.0
5,emb_1095d_mean_price,embedding_comparable,2409127.5873413086,249.0
5,emb_1095d_mean_similarity,embedding_comparable,398142.4196777344,192.0
5,emb_1095d_median_age_diff,embedding_comparable,696330.3490905762,431.0
5,emb_1095d_median_area_diff_pct,embedding_comparable,554845.5566101074,317.0
5,emb_1095d_median_days_diff,embedding_comparable,574680.1268005371,338.0
5,emb_1095d_median_price,embedding_comparable,2482993.7851867676,309.0
5,emb_1095d_median_similarity,embedding_comparable,355210.26611328125,203.0
5,emb_1095d_nearest_price,embedding_comparable,3818215.9899902344,505.0
5,emb_1095d_std_price,embedding_comparable,958534.1314697266,501.0
5,emb_1095d_weighted_mean_price,embedding_comparable,9728692.869903564,175.0
5,emb_730d_count,embedding_comparable,0.0,0.0
5,emb_730d_max_similarity,embedding_comparable,436956.44369506836,266.0
5,emb_730d_mean_price,embedding_comparable,1563557.2131958008,283.0
5,emb_730d_mean_similarity,embedding_comparable,439782.2470550537,209.0
5,emb_730d_median_age_diff,embedding_comparable,860178.7926330566,481.0
5,emb_730d_median_area_diff_pct,embedding_comparable,445891.7756958008,337.0
5,emb_730d_median_days_diff,embedding_comparable,651295.8657836914,401.0
5,emb_730d_median_price,embedding_comparable,680714.7089233398,314.0
5,emb_730d_median_similarity,embedding_comparable,525482.5519104004,267.0
5,emb_730d_nearest_price,embedding_comparable,2319323.488800049,433.0
5,emb_730d_std_price,embedding_comparable,1044913.1883850098,481.0
5,emb_730d_weighted_mean_price,embedding_comparable,3706513.6370544434,141.0
5,floor,basic_housing,4091733.654067993,675.0
5,floor_ratio,basic_housing,788592.5862426758,482.0
5,has_elevator,basic_housing,136469.7608642578,17.0
5,has_management,basic_housing,348314.2384338379,99.0
5,has_parking,basic_housing,861658.8422241211,132.0
5,is_basement,basic_housing,0.0,0.0
5,land_area_m2,basic_housing,2522313.3748931885,1133.0
5,living_rooms,basic_housing,403398.6565551758,189.0
5,main_building_area_m2,basic_housing,1625692.6643218994,833.0
5,main_building_area_ping,basic_housing,251070.48126220703,135.0
5,main_use_missing,note_or_quality_flags,1086.3900146484375,1.0
5,material,location_time,1138125.3439483643,278.0
5,multi_floor,basic_housing,85835.96432495117,43.0
5,parking_area_m2,basic_housing,2261573.5168151855,680.0
5,physical_condition_flag,note_or_quality_flags,236974.8935546875,99.0
5,renovation_flag,note_or_quality_flags,98000.17276000977,50.0
5,rooms,basic_housing,1495266.8465576172,384.0
5,total_floor,basic_housing,2148812.4000091553,774.0
5,trade_month,location_time,194562.75044250488,173.0
5,trade_quarter,location_time,70253.8957824707,56.0
5,trade_year,location_time,246663.70039367676,109.0
5,trade_yq,location_time,192863.68006896973,160.0
6,auxiliary_area_m2,basic_housing,1404760.0399475098,653.0
6,balcony_area_m2,basic_housing,1211657.0477600098,685.0
6,bathrooms,basic_housing,262140.67738342285,150.0
6,broad_note_flag,note_or_quality_flags,61190.47521972656,37.0
6,building_age,basic_housing,4815927.687469482,1637.0
6,building_age_missing,basic_housing,343129.22399902344,81.0
6,building_area_m2,basic_housing,1487076.297012329,785.0
6,building_area_ping,basic_housing,366437.57640075684,174.0
6,building_type,location_time,163090.73260498047,78.0
6,comp_365d_count,rule_based_comparable,0.0,0.0
6,comp_365d_mean_price,rule_based_comparable,410309.1449432373,258.0
6,comp_365d_median_age_diff,rule_based_comparable,1060434.0821228027,513.0
6,comp_365d_median_area_diff_pct,rule_based_comparable,486758.0414733887,355.0
6,comp_365d_median_days_diff,rule_based_comparable,457121.2596130371,315.0
6,comp_365d_median_distance,rule_based_comparable,529610.0234680176,303.0
6,comp_365d_median_price,rule_based_comparable,484843.36141967773,309.0
6,comp_365d_nearest_distance,rule_based_comparable,634341.6936798096,317.0
6,comp_365d_nearest_price,rule_based_comparable,787617.3076324463,482.0
6,comp_365d_std_price,rule_based_comparable,809507.7149353027,513.0
6,comp_365d_weighted_mean_price,rule_based_comparable,4494533.936737061,281.0
6,comp_730d_count,rule_based_comparable,0.0,0.0
6,comp_730d_mean_price,rule_based_comparable,24056102.522201538,380.0
6,comp_730d_median_age_diff,rule_based_comparable,1222539.0615081787,620.0
6,comp_730d_median_area_diff_pct,rule_based_comparable,539938.6436157227,439.0
6,comp_730d_median_days_diff,rule_based_comparable,469492.9629058838,375.0
6,comp_730d_median_distance,rule_based_comparable,610111.5639953613,290.0
6,comp_730d_median_price,rule_based_comparable,668902.2732849121,351.0
6,comp_730d_nearest_distance,rule_based_comparable,783394.7178039551,393.0
6,comp_730d_nearest_price,rule_based_comparable,3772488.8518829346,581.0
6,comp_730d_std_price,rule_based_comparable,1368870.6364746094,726.0
6,comp_730d_weighted_mean_price,rule_based_comparable,173004005.34776306,595.0
6,district,location_time,924705.4861450195,437.0
6,district_count_180d,time_aware_market,614891.6641082764,443.0
6,district_median_price_180d,time_aware_market,1155097.829421997,505.0
6,district_median_price_365d,time_aware_market,1015990.7929840088,436.0
6,district_price_change_180_365,time_aware_market,552100.6140136719,392.0
6,district_type_count_180d,time_aware_market,500552.8826599121,357.0
6,district_type_median_price_180d,time_aware_market,569434.4588470459,326.0
6,district_type_median_price_365d,time_aware_market,599631.2827606201,323.0
6,district_type_price_change_180_365,time_aware_market,617243.6363830566,443.0
6,emb_1095d_count,embedding_comparable,0.0,0.0
6,emb_1095d_max_similarity,embedding_comparable,468303.54232788086,258.0
6,emb_1095d_mean_price,embedding_comparable,6000663.758239746,309.0
6,emb_1095d_mean_similarity,embedding_comparable,379148.23428344727,211.0
6,emb_1095d_median_age_diff,embedding_comparable,715360.6036834717,430.0
6,emb_1095d_median_area_diff_pct,embedding_comparable,577066.0082244873,361.0
6,emb_1095d_median_days_diff,embedding_comparable,475946.0308685303,305.0
6,emb_1095d_median_price,embedding_comparable,2934675.509185791,331.0
6,emb_1095d_median_similarity,embedding_comparable,371782.79959106445,226.0
6,emb_1095d_nearest_price,embedding_comparable,3882939.9145202637,456.0
6,emb_1095d_std_price,embedding_comparable,966157.8921508789,501.0
6,emb_1095d_weighted_mean_price,embedding_comparable,4897480.039306641,149.0
6,emb_730d_count,embedding_comparable,0.0,0.0
6,emb_730d_max_similarity,embedding_comparable,449583.2976989746,279.0
6,emb_730d_mean_price,embedding_comparable,1584587.5641479492,292.0
6,emb_730d_mean_similarity,embedding_comparable,381833.79205322266,250.0
6,emb_730d_median_age_diff,embedding_comparable,861109.2568359375,467.0
6,emb_730d_median_area_diff_pct,embedding_comparable,490590.4433898926,367.0
6,emb_730d_median_days_diff,embedding_comparable,621426.5755004883,390.0
6,emb_730d_median_price,embedding_comparable,649591.9915161133,331.0
6,emb_730d_median_similarity,embedding_comparable,515404.07147216797,248.0
6,emb_730d_nearest_price,embedding_comparable,3026013.963180542,505.0
6,emb_730d_std_price,embedding_comparable,1090447.5633850098,485.0
6,emb_730d_weighted_mean_price,embedding_comparable,2721132.243988037,118.0
6,floor,basic_housing,4076770.0329589844,691.0
6,floor_ratio,basic_housing,838296.7701568604,518.0
6,has_elevator,basic_housing,192464.91796875,29.0
6,has_management,basic_housing,196304.5239868164,62.0
6,has_parking,basic_housing,981936.0427856445,131.0
6,is_basement,basic_housing,0.0,0.0
6,land_area_m2,basic_housing,2340975.046875,1084.0
6,living_rooms,basic_housing,399628.0747833252,179.0
6,main_building_area_m2,basic_housing,1564044.177444458,830.0
6,main_building_area_ping,basic_housing,281875.9076843262,143.0
6,main_use_missing,note_or_quality_flags,2530.6870727539062,2.0
6,material,location_time,1104457.6394042969,274.0
6,multi_floor,basic_housing,99296.34307861328,48.0
6,parking_area_m2,basic_housing,2313815.810836792,728.0
6,physical_condition_flag,note_or_quality_flags,253675.30137634277,99.0
6,renovation_flag,note_or_quality_flags,73500.09791564941,48.0
6,rooms,basic_housing,1591125.628753662,375.0
6,total_floor,basic_housing,2044858.6856689453,719.0
6,trade_month,location_time,140115.50151062012,136.0
6,trade_quarter,location_time,63419.634674072266,49.0
6,trade_year,location_time,118683.07655334473,83.0
6,trade_yq,location_time,221973.9656982422,165.0
7,auxiliary_area_m2,basic_housing,1556092.3798828125,711.0
7,balcony_area_m2,basic_housing,1090292.526473999,605.0
7,bathrooms,basic_housing,240595.55474853516,150.0
7,broad_note_flag,note_or_quality_flags,31798.96514892578,26.0
7,building_age,basic_housing,4819255.070037842,1529.0
7,building_age_missing,basic_housing,265934.60244750977,54.0
7,building_area_m2,basic_housing,1478475.7430877686,761.0
7,building_area_ping,basic_housing,288740.5986328125,151.0
7,building_type,location_time,259172.19931030273,97.0
7,comp_365d_count,rule_based_comparable,0.0,0.0
7,comp_365d_mean_price,rule_based_comparable,4178817.174835205,268.0
7,comp_365d_median_age_diff,rule_based_comparable,1106571.386291504,563.0
7,comp_365d_median_area_diff_pct,rule_based_comparable,482128.8231201172,372.0
7,comp_365d_median_days_diff,rule_based_comparable,504656.9350280762,360.0
7,comp_365d_median_distance,rule_based_comparable,588363.7236022949,306.0
7,comp_365d_median_price,rule_based_comparable,526156.6568908691,313.0
7,comp_365d_nearest_distance,rule_based_comparable,638436.0689697266,334.0
7,comp_365d_nearest_price,rule_based_comparable,853268.437713623,498.0
7,comp_365d_std_price,rule_based_comparable,922693.8886413574,531.0
7,comp_365d_weighted_mean_price,rule_based_comparable,12942097.89730835,315.0
7,comp_730d_count,rule_based_comparable,0.0,0.0
7,comp_730d_mean_price,rule_based_comparable,7530870.483612061,303.0
7,comp_730d_median_age_diff,rule_based_comparable,1285491.3255004883,608.0
7,comp_730d_median_area_diff_pct,rule_based_comparable,446851.75775146484,365.0
7,comp_730d_median_days_diff,rule_based_comparable,498561.8022766113,380.0
7,comp_730d_median_distance,rule_based_comparable,652220.611541748,328.0
7,comp_730d_median_price,rule_based_comparable,5255392.43737793,385.0
7,comp_730d_nearest_distance,rule_based_comparable,715425.8954772949,362.0
7,comp_730d_nearest_price,rule_based_comparable,4020523.878601074,589.0
7,comp_730d_std_price,rule_based_comparable,1419870.1684265137,700.0
7,comp_730d_weighted_mean_price,rule_based_comparable,170429327.1966858,560.0
7,district,location_time,1057460.1153411865,443.0
7,district_count_180d,time_aware_market,590444.0600585938,434.0
7,district_median_price_180d,time_aware_market,1095781.370437622,484.0
7,district_median_price_365d,time_aware_market,952440.4249725342,457.0
7,district_price_change_180_365,time_aware_market,521695.4263000488,375.0
7,district_type_count_180d,time_aware_market,495081.4344329834,340.0
7,district_type_median_price_180d,time_aware_market,592723.2322235107,336.0
7,district_type_median_price_365d,time_aware_market,578858.060760498,307.0
7,district_type_price_change_180_365,time_aware_market,579124.3008117676,436.0
7,emb_1095d_count,embedding_comparable,0.0,0.0
7,emb_1095d_max_similarity,embedding_comparable,476319.33184814453,300.0
7,emb_1095d_mean_price,embedding_comparable,3705201.389968872,344.0
7,emb_1095d_mean_similarity,embedding_comparable,325079.1092224121,213.0
7,emb_1095d_median_age_diff,embedding_comparable,863020.8485565186,498.0
7,emb_1095d_median_area_diff_pct,embedding_comparable,668613.400314331,401.0
7,emb_1095d_median_days_diff,embedding_comparable,559004.872833252,346.0
7,emb_1095d_median_price,embedding_comparable,1975155.7226867676,364.0
7,emb_1095d_median_similarity,embedding_comparable,338238.7621765137,241.0
7,emb_1095d_nearest_price,embedding_comparable,4802120.939239502,523.0
7,emb_1095d_std_price,embedding_comparable,920664.888595581,506.0
7,emb_1095d_weighted_mean_price,embedding_comparable,10217732.889953613,154.0
7,emb_730d_count,embedding_comparable,0.0,0.0
7,emb_730d_max_similarity,embedding_comparable,559468.1113891602,326.0
7,emb_730d_mean_price,embedding_comparable,2475869.984649658,240.0
7,emb_730d_mean_similarity,embedding_comparable,400638.50274658203,216.0
7,emb_730d_median_age_diff,embedding_comparable,865635.7973022461,456.0
7,emb_730d_median_area_diff_pct,embedding_comparable,445341.2112426758,318.0
7,emb_730d_median_days_diff,embedding_comparable,761173.4153137207,447.0
7,emb_730d_median_price,embedding_comparable,608703.814239502,294.0
7,emb_730d_median_similarity,embedding_comparable,455114.90686035156,271.0
7,emb_730d_nearest_price,embedding_comparable,2343988.089538574,455.0
7,emb_730d_std_price,embedding_comparable,1003594.5755615234,530.0
7,emb_730d_weighted_mean_price,embedding_comparable,2327301.6074523926,120.0
7,floor,basic_housing,4187148.8544921875,710.0
7,floor_ratio,basic_housing,813130.8064727783,467.0
7,has_elevator,basic_housing,144725.19451904297,26.0
7,has_management,basic_housing,266853.2099609375,80.0
7,has_parking,basic_housing,953874.1947631836,131.0
7,is_basement,basic_housing,0.0,0.0
7,land_area_m2,basic_housing,2535904.025695801,1163.0
7,living_rooms,basic_housing,376459.95014953613,175.0
7,main_building_area_m2,basic_housing,1481607.2707824707,779.0
7,main_building_area_ping,basic_housing,259965.25897216797,118.0
7,main_use_missing,note_or_quality_flags,2534.343017578125,4.0
7,material,location_time,1037425.4899139404,300.0
7,multi_floor,basic_housing,174653.95733642578,70.0
7,parking_area_m2,basic_housing,2446956.8041534424,707.0
7,physical_condition_flag,note_or_quality_flags,273708.3224182129,107.0
7,renovation_flag,note_or_quality_flags,63341.090072631836,53.0
7,rooms,basic_housing,1460434.546661377,355.0
7,total_floor,basic_housing,2006224.2692718506,675.0
7,trade_month,location_time,179161.7564239502,166.0
7,trade_quarter,location_time,64016.70379638672,46.0
7,trade_year,location_time,58779.52087402344,39.0
7,trade_yq,location_time,154391.96180725098,130.0
8,auxiliary_area_m2,basic_housing,1463686.1275024414,697.0
8,balcony_area_m2,basic_housing,1171916.8845825195,650.0
8,bathrooms,basic_housing,329590.3083496094,169.0
8,broad_note_flag,note_or_quality_flags,38015.9892578125,29.0
8,building_age,basic_housing,4805601.208236694,1552.0
8,building_age_missing,basic_housing,250723.43518066406,57.0
8,building_area_m2,basic_housing,1436249.5738677979,716.0
8,building_area_ping,basic_housing,246274.4891357422,153.0
8,building_type,location_time,171005.06129455566,72.0
8,comp_365d_count,rule_based_comparable,0.0,0.0
8,comp_365d_mean_price,rule_based_comparable,7782584.067016602,310.0
8,comp_365d_median_age_diff,rule_based_comparable,1131003.544342041,516.0
8,comp_365d_median_area_diff_pct,rule_based_comparable,439287.35986328125,315.0
8,comp_365d_median_days_diff,rule_based_comparable,491271.78411865234,351.0
8,comp_365d_median_distance,rule_based_comparable,572326.4066162109,295.0
8,comp_365d_median_price,rule_based_comparable,683796.2727966309,334.0
8,comp_365d_nearest_distance,rule_based_comparable,526360.449432373,314.0
8,comp_365d_nearest_price,rule_based_comparable,882944.7298736572,517.0
8,comp_365d_std_price,rule_based_comparable,880753.2248840332,492.0
8,comp_365d_weighted_mean_price,rule_based_comparable,12025072.991333008,268.0
8,comp_730d_count,rule_based_comparable,0.0,0.0
8,comp_730d_mean_price,rule_based_comparable,8093446.41003418,340.0
8,comp_730d_median_age_diff,rule_based_comparable,1343208.9389953613,605.0
8,comp_730d_median_area_diff_pct,rule_based_comparable,628982.8115844727,430.0
8,comp_730d_median_days_diff,rule_based_comparable,581145.9854736328,371.0
8,comp_730d_median_distance,rule_based_comparable,722684.1744842529,339.0
8,comp_730d_median_price,rule_based_comparable,1610281.4394226074,381.0
8,comp_730d_nearest_distance,rule_based_comparable,616667.8814086914,360.0
8,comp_730d_nearest_price,rule_based_comparable,3353260.0527038574,564.0
8,comp_730d_std_price,rule_based_comparable,1281427.4719848633,638.0
8,comp_730d_weighted_mean_price,rule_based_comparable,168984013.87600708,567.0
8,district,location_time,927658.1386871338,431.0
8,district_count_180d,time_aware_market,589661.5085449219,405.0
8,district_median_price_180d,time_aware_market,997783.8437194824,476.0
8,district_median_price_365d,time_aware_market,1045893.8745727539,447.0
8,district_price_change_180_365,time_aware_market,581567.4228973389,408.0
8,district_type_count_180d,time_aware_market,510488.8717651367,351.0
8,district_type_median_price_180d,time_aware_market,591673.5111541748,327.0
8,district_type_median_price_365d,time_aware_market,584581.0706176758,339.0
8,district_type_price_change_180_365,time_aware_market,635966.402923584,499.0
8,emb_1095d_count,embedding_comparable,0.0,0.0
8,emb_1095d_max_similarity,embedding_comparable,460154.7296295166,279.0
8,emb_1095d_mean_price,embedding_comparable,5254798.123535156,316.0
8,emb_1095d_mean_similarity,embedding_comparable,349692.1977233887,204.0
8,emb_1095d_median_age_diff,embedding_comparable,991624.8246612549,490.0
8,emb_1095d_median_area_diff_pct,embedding_comparable,677740.8111877441,403.0
8,emb_1095d_median_days_diff,embedding_comparable,697792.2277526855,407.0
8,emb_1095d_median_price,embedding_comparable,1905633.1482543945,338.0
8,emb_1095d_median_similarity,embedding_comparable,354254.34635925293,251.0
8,emb_1095d_nearest_price,embedding_comparable,5255800.417449951,548.0
8,emb_1095d_std_price,embedding_comparable,924512.3719787598,501.0
8,emb_1095d_weighted_mean_price,embedding_comparable,10769780.164733887,169.0
8,emb_730d_count,embedding_comparable,0.0,0.0
8,emb_730d_max_similarity,embedding_comparable,416526.74114990234,291.0
8,emb_730d_mean_price,embedding_comparable,1313124.2475280762,276.0
8,emb_730d_mean_similarity,embedding_comparable,459433.36001586914,275.0
8,emb_730d_median_age_diff,embedding_comparable,865429.4524230957,436.0
8,emb_730d_median_area_diff_pct,embedding_comparable,501562.9538574219,340.0
8,emb_730d_median_days_diff,embedding_comparable,662665.8319091797,413.0
8,emb_730d_median_price,embedding_comparable,827967.8451538086,379.0
8,emb_730d_median_similarity,embedding_comparable,464602.84255981445,279.0
8,emb_730d_nearest_price,embedding_comparable,2466055.4655914307,466.0
8,emb_730d_std_price,embedding_comparable,1010990.9909820557,470.0
8,emb_730d_weighted_mean_price,embedding_comparable,2582939.505126953,155.0
8,floor,basic_housing,4137686.3363494873,691.0
8,floor_ratio,basic_housing,592306.8515167236,353.0
8,has_elevator,basic_housing,109408.21771240234,18.0
8,has_management,basic_housing,210555.98791503906,82.0
8,has_parking,basic_housing,852884.1338806152,138.0
8,is_basement,basic_housing,0.0,0.0
8,land_area_m2,basic_housing,2404308.181350708,1067.0
8,living_rooms,basic_housing,421895.3955230713,195.0
8,main_building_area_m2,basic_housing,1493027.0092010498,776.0
8,main_building_area_ping,basic_housing,277833.19705200195,144.0
8,main_use_missing,note_or_quality_flags,8462.359069824219,7.0
8,material,location_time,822543.5512237549,263.0
8,multi_floor,basic_housing,245915.50061035156,71.0
8,parking_area_m2,basic_housing,2373326.886352539,730.0
8,physical_condition_flag,note_or_quality_flags,318225.12355041504,116.0
8,renovation_flag,note_or_quality_flags,67792.38301086426,50.0
8,rooms,basic_housing,1599320.3196411133,366.0
8,total_floor,basic_housing,2040422.3022918701,760.0
8,trade_month,location_time,246003.12547302246,160.0
8,trade_quarter,location_time,44745.01168823242,38.0
8,trade_year,location_time,101283.76190185547,55.0
8,trade_yq,location_time,157642.8739013672,149.0
9,auxiliary_area_m2,basic_housing,1422931.1653289795,644.0
9,balcony_area_m2,basic_housing,1117150.1600646973,605.0
9,bathrooms,basic_housing,284045.18913269043,145.0
9,broad_note_flag,note_or_quality_flags,60416.891998291016,37.0
9,building_age,basic_housing,5131328.202346802,1440.0
9,building_age_missing,basic_housing,189308.43969726562,57.0
9,building_area_m2,basic_housing,1387268.3131256104,724.0
9,building_area_ping,basic_housing,383279.189743042,197.0
9,building_type,location_time,130555.15487670898,70.0
9,comp_365d_count,rule_based_comparable,0.0,0.0
9,comp_365d_mean_price,rule_based_comparable,467614.2839355469,308.0
9,comp_365d_median_age_diff,rule_based_comparable,900460.7875366211,506.0
9,comp_365d_median_area_diff_pct,rule_based_comparable,416917.57305908203,315.0
9,comp_365d_median_days_diff,rule_based_comparable,516242.2410888672,396.0
9,comp_365d_median_distance,rule_based_comparable,609303.2889404297,344.0
9,comp_365d_median_price,rule_based_comparable,460599.79385375977,286.0
9,comp_365d_nearest_distance,rule_based_comparable,541280.7428283691,314.0
9,comp_365d_nearest_price,rule_based_comparable,858769.5004119873,477.0
9,comp_365d_std_price,rule_based_comparable,951882.022064209,495.0
9,comp_365d_weighted_mean_price,rule_based_comparable,20932465.422790527,250.0
9,comp_730d_count,rule_based_comparable,0.0,0.0
9,comp_730d_mean_price,rule_based_comparable,51535685.635009766,372.0
9,comp_730d_median_age_diff,rule_based_comparable,1442440.5121765137,624.0
9,comp_730d_median_area_diff_pct,rule_based_comparable,644108.4569396973,463.0
9,comp_730d_median_days_diff,rule_based_comparable,507045.85400390625,364.0
9,comp_730d_median_distance,rule_based_comparable,593843.0184173584,293.0
9,comp_730d_median_price,rule_based_comparable,1767862.9697265625,400.0
9,comp_730d_nearest_distance,rule_based_comparable,700078.7366333008,366.0
9,comp_730d_nearest_price,rule_based_comparable,2966329.4949645996,563.0
9,comp_730d_std_price,rule_based_comparable,1415752.6165924072,674.0
9,comp_730d_weighted_mean_price,rule_based_comparable,122459156.17312622,527.0
9,district,location_time,882172.7562103271,405.0
9,district_count_180d,time_aware_market,639431.4372711182,431.0
9,district_median_price_180d,time_aware_market,1097189.7038574219,498.0
9,district_median_price_365d,time_aware_market,915602.4366912842,415.0
9,district_price_change_180_365,time_aware_market,569360.178527832,401.0
9,district_type_count_180d,time_aware_market,519690.4985046387,345.0
9,district_type_median_price_180d,time_aware_market,582887.78175354,330.0
9,district_type_median_price_365d,time_aware_market,557052.1064147949,306.0
9,district_type_price_change_180_365,time_aware_market,696166.8091125488,486.0
9,emb_1095d_count,embedding_comparable,0.0,0.0
9,emb_1095d_max_similarity,embedding_comparable,537002.6697692871,316.0
9,emb_1095d_mean_price,embedding_comparable,6726076.17074585,280.0
9,emb_1095d_mean_similarity,embedding_comparable,421081.06072998047,240.0
9,emb_1095d_median_age_diff,embedding_comparable,1040577.8743743896,563.0
9,emb_1095d_median_area_diff_pct,embedding_comparable,857227.348236084,477.0
9,emb_1095d_median_days_diff,embedding_comparable,739900.5899047852,461.0
9,emb_1095d_median_price,embedding_comparable,2343133.9985351562,333.0
9,emb_1095d_median_similarity,embedding_comparable,334754.4955444336,255.0
9,emb_1095d_nearest_price,embedding_comparable,5464488.951660156,573.0
9,emb_1095d_std_price,embedding_comparable,835477.4671630859,505.0
9,emb_1095d_weighted_mean_price,embedding_comparable,9802256.585510254,189.0
9,emb_730d_count,embedding_comparable,0.0,0.0
9,emb_730d_max_similarity,embedding_comparable,598028.8291015625,362.0
9,emb_730d_mean_price,embedding_comparable,1296040.770904541,248.0
9,emb_730d_mean_similarity,embedding_comparable,432776.66973876953,261.0
9,emb_730d_median_age_diff,embedding_comparable,889331.0422668457,478.0
9,emb_730d_median_area_diff_pct,embedding_comparable,662151.1150512695,449.0
9,emb_730d_median_days_diff,embedding_comparable,721536.5699920654,480.0
9,emb_730d_median_price,embedding_comparable,611097.634552002,316.0
9,emb_730d_median_similarity,embedding_comparable,400114.1509094238,252.0
9,emb_730d_nearest_price,embedding_comparable,1924858.16305542,472.0
9,emb_730d_std_price,embedding_comparable,1119488.7868041992,503.0
9,emb_730d_weighted_mean_price,embedding_comparable,2601292.466796875,133.0
9,floor,basic_housing,4220504.9334106445,651.0
9,floor_ratio,basic_housing,606195.4664306641,328.0
9,has_elevator,basic_housing,61425.56854248047,14.0
9,has_management,basic_housing,154152.48880004883,74.0
9,has_parking,basic_housing,813566.6635742188,135.0
9,is_basement,basic_housing,0.0,0.0
9,land_area_m2,basic_housing,2419831.3218841553,1081.0
9,living_rooms,basic_housing,411388.28507995605,170.0
9,main_building_area_m2,basic_housing,1482132.4054870605,769.0
9,main_building_area_ping,basic_housing,351278.6878051758,167.0
9,main_use_missing,note_or_quality_flags,10066.318176269531,7.0
9,material,location_time,577152.3383789062,243.0
9,multi_floor,basic_housing,222247.80407714844,72.0
9,parking_area_m2,basic_housing,2247453.9946289062,704.0
9,physical_condition_flag,note_or_quality_flags,369001.1886291504,119.0
9,renovation_flag,note_or_quality_flags,51949.071838378906,46.0
9,rooms,basic_housing,1374286.7905578613,322.0
9,total_floor,basic_housing,1963340.736465454,682.0
9,trade_month,location_time,208320.02055358887,157.0
9,trade_quarter,location_time,70404.33255004883,60.0
9,trade_year,location_time,43911.3899230957,35.0
9,trade_yq,location_time,160575.14854431152,145.0
10,auxiliary_area_m2,basic_housing,1466838.5671844482,633.0
10,balcony_area_m2,basic_housing,1222314.1036376953,621.0
10,bathrooms,basic_housing,335428.6415863037,164.0
10,broad_note_flag,note_or_quality_flags,40439.15605163574,26.0
10,building_age,basic_housing,5662374.512939453,1530.0
10,building_age_missing,basic_housing,186787.8341064453,52.0
10,building_area_m2,basic_housing,1731559.6271209717,789.0
10,building_area_ping,basic_housing,343539.8239440918,181.0
10,building_type,location_time,104047.99819946289,63.0
10,comp_365d_count,rule_based_comparable,0.0,0.0
10,comp_365d_mean_price,rule_based_comparable,413411.2183532715,275.0
10,comp_365d_median_age_diff,rule_based_comparable,892904.1583709717,495.0
10,comp_365d_median_area_diff_pct,rule_based_comparable,490095.8586730957,344.0
10,comp_365d_median_days_diff,rule_based_comparable,486313.5926513672,356.0
10,comp_365d_median_distance,rule_based_comparable,565897.7812194824,314.0
10,comp_365d_median_price,rule_based_comparable,633657.0252075195,320.0
10,comp_365d_nearest_distance,rule_based_comparable,493142.6628112793,295.0
10,comp_365d_nearest_price,rule_based_comparable,841567.9829101562,456.0
10,comp_365d_std_price,rule_based_comparable,987727.5374450684,541.0
10,comp_365d_weighted_mean_price,rule_based_comparable,20945561.889587402,269.0
10,comp_730d_count,rule_based_comparable,0.0,0.0
10,comp_730d_mean_price,rule_based_comparable,52827785.170425415,373.0
10,comp_730d_median_age_diff,rule_based_comparable,1409568.4493865967,646.0
10,comp_730d_median_area_diff_pct,rule_based_comparable,626565.9002990723,423.0
10,comp_730d_median_days_diff,rule_based_comparable,637437.8710632324,412.0
10,comp_730d_median_distance,rule_based_comparable,448476.7734680176,244.0
10,comp_730d_median_price,rule_based_comparable,1198349.9914550781,369.0
10,comp_730d_nearest_distance,rule_based_comparable,722551.5629882812,382.0
10,comp_730d_nearest_price,rule_based_comparable,3078757.8426818848,605.0
10,comp_730d_std_price,rule_based_comparable,1336356.2250976562,657.0
10,comp_730d_weighted_mean_price,rule_based_comparable,126722043.34997559,520.0
10,district,location_time,735050.0562286377,330.0
10,district_count_180d,time_aware_market,625215.1461181641,415.0
10,district_median_price_180d,time_aware_market,910754.4276428223,479.0
10,district_median_price_365d,time_aware_market,1095418.1469421387,476.0
10,district_price_change_180_365,time_aware_market,607414.3819274902,417.0
10,district_type_count_180d,time_aware_market,501379.9959411621,327.0
10,district_type_median_price_180d,time_aware_market,585392.6216888428,345.0
10,district_type_median_price_365d,time_aware_market,607905.9163818359,336.0
10,district_type_price_change_180_365,time_aware_market,704530.5002593994,468.0
10,emb_1095d_count,embedding_comparable,0.0,0.0
10,emb_1095d_max_similarity,embedding_comparable,520680.8755493164,306.0
10,emb_1095d_mean_price,embedding_comparable,9498770.103790283,346.0
10,emb_1095d_mean_similarity,embedding_comparable,407225.8606567383,262.0
10,emb_1095d_median_age_diff,embedding_comparable,900829.8693084717,490.0
10,emb_1095d_median_area_diff_pct,embedding_comparable,821509.0776062012,451.0
10,emb_1095d_median_days_diff,embedding_comparable,681918.4556884766,421.0
10,emb_1095d_median_price,embedding_comparable,2219262.0851593018,341.0
10,emb_1095d_median_similarity,embedding_comparable,390563.3715515137,254.0
10,emb_1095d_nearest_price,embedding_comparable,4223184.0146484375,593.0
10,emb_1095d_std_price,embedding_comparable,973200.4885559082,539.0
10,emb_1095d_weighted_mean_price,embedding_comparable,8309741.936157227,157.0
10,emb_730d_count,embedding_comparable,0.0,0.0
10,emb_730d_max_similarity,embedding_comparable,568938.7271118164,334.0
10,emb_730d_mean_price,embedding_comparable,2739327.786804199,281.0
10,emb_730d_mean_similarity,embedding_comparable,446249.2192993164,274.0
10,emb_730d_median_age_diff,embedding_comparable,878374.7748413086,451.0
10,emb_730d_median_area_diff_pct,embedding_comparable,773600.0056610107,430.0
10,emb_730d_median_days_diff,embedding_comparable,712108.2266998291,497.0
10,emb_730d_median_price,embedding_comparable,642560.8381958008,310.0
10,emb_730d_median_similarity,embedding_comparable,512651.6201019287,305.0
10,emb_730d_nearest_price,embedding_comparable,1926671.1092834473,445.0
10,emb_730d_std_price,embedding_comparable,1068522.7860717773,508.0
10,emb_730d_weighted_mean_price,embedding_comparable,3464693.4653930664,139.0
10,floor,basic_housing,4287519.159362793,636.0
10,floor_ratio,basic_housing,591867.6114501953,369.0
10,has_elevator,basic_housing,92869.74072265625,22.0
10,has_management,basic_housing,141210.75720214844,54.0
10,has_parking,basic_housing,778634.944519043,120.0
10,is_basement,basic_housing,0.0,0.0
10,land_area_m2,basic_housing,2377364.4624328613,1038.0
10,living_rooms,basic_housing,494422.08685302734,192.0
10,main_building_area_m2,basic_housing,1535357.9655303955,731.0
10,main_building_area_ping,basic_housing,384473.2528991699,175.0
10,main_use_missing,note_or_quality_flags,60188.423095703125,26.0
10,material,location_time,508861.28607177734,228.0
10,multi_floor,basic_housing,226129.61376953125,76.0
10,parking_area_m2,basic_housing,2330788.8753356934,705.0
10,physical_condition_flag,note_or_quality_flags,399530.39822387695,114.0
10,renovation_flag,note_or_quality_flags,29048.604095458984,36.0
10,rooms,basic_housing,1347592.9389038086,326.0
10,total_floor,basic_housing,1936550.3774871826,632.0
10,trade_month,location_time,224246.8383178711,158.0
10,trade_quarter,location_time,101905.11785888672,64.0
10,trade_year,location_time,91237.75756835938,68.0
10,trade_yq,location_time,181613.6824798584,148.0
11,auxiliary_area_m2,basic_housing,1745439.2152404785,711.0
11,balcony_area_m2,basic_housing,1329964.595703125,652.0
11,bathrooms,basic_housing,306275.5665588379,157.0
11,broad_note_flag,note_or_quality_flags,78933.36666870117,51.0
11,building_age,basic_housing,6277720.218109131,1568.0
11,building_age_missing,basic_housing,133214.66876220703,41.0
11,building_area_m2,basic_housing,1640014.4132385254,748.0
11,building_area_ping,basic_housing,335618.18769836426,162.0
11,building_type,location_time,119814.42695617676,76.0
11,comp_365d_count,rule_based_comparable,0.0,0.0
11,comp_365d_mean_price,rule_based_comparable,539217.6335449219,321.0
11,comp_365d_median_age_diff,rule_based_comparable,960426.2662200928,502.0
11,comp_365d_median_area_diff_pct,rule_based_comparable,476823.25604248047,345.0
11,comp_365d_median_days_diff,rule_based_comparable,494179.7489929199,339.0
11,comp_365d_median_distance,rule_based_comparable,496035.84896850586,286.0
11,comp_365d_median_price,rule_based_comparable,650499.0854797363,318.0
11,comp_365d_nearest_distance,rule_based_comparable,608419.2522888184,370.0
11,comp_365d_nearest_price,rule_based_comparable,924688.6072998047,448.0
11,comp_365d_std_price,rule_based_comparable,941471.6031188965,498.0
11,comp_365d_weighted_mean_price,rule_based_comparable,27344292.88194275,223.0
11,comp_730d_count,rule_based_comparable,0.0,0.0
11,comp_730d_mean_price,rule_based_comparable,53633821.15319824,365.0
11,comp_730d_median_age_diff,rule_based_comparable,1247923.513244629,620.0
11,comp_730d_median_area_diff_pct,rule_based_comparable,642990.0787963867,409.0
11,comp_730d_median_days_diff,rule_based_comparable,515893.658203125,332.0
11,comp_730d_median_distance,rule_based_comparable,548369.1608276367,318.0
11,comp_730d_median_price,rule_based_comparable,1394313.2139587402,369.0
11,comp_730d_nearest_distance,rule_based_comparable,764451.907989502,368.0
11,comp_730d_nearest_price,rule_based_comparable,2625009.2841796875,518.0
11,comp_730d_std_price,rule_based_comparable,1464668.6820373535,664.0
11,comp_730d_weighted_mean_price,rule_based_comparable,133185194.55213928,501.0
11,district,location_time,745916.1067962646,343.0
11,district_count_180d,time_aware_market,746016.0073852539,454.0
11,district_median_price_180d,time_aware_market,977590.6859741211,448.0
11,district_median_price_365d,time_aware_market,963477.6934204102,421.0
11,district_price_change_180_365,time_aware_market,629427.6252441406,409.0
11,district_type_count_180d,time_aware_market,627565.7220916748,382.0
11,district_type_median_price_180d,time_aware_market,641176.9246063232,361.0
11,district_type_median_price_365d,time_aware_market,503497.35610961914,282.0
11,district_type_price_change_180_365,time_aware_market,651545.2347564697,445.0
11,emb_1095d_count,embedding_comparable,0.0,0.0
11,emb_1095d_max_similarity,embedding_comparable,519029.59857177734,283.0
11,emb_1095d_mean_price,embedding_comparable,4962818.741241455,362.0
11,emb_1095d_mean_similarity,embedding_comparable,414603.7239074707,231.0
11,emb_1095d_median_age_diff,embedding_comparable,933416.7647705078,504.0
11,emb_1095d_median_area_diff_pct,embedding_comparable,783214.3770599365,430.0
11,emb_1095d_median_days_diff,embedding_comparable,627736.4301147461,408.0
11,emb_1095d_median_price,embedding_comparable,2577368.944152832,347.0
11,emb_1095d_median_similarity,embedding_comparable,404544.09970092773,248.0
11,emb_1095d_nearest_price,embedding_comparable,4593951.737213135,593.0
11,emb_1095d_std_price,embedding_comparable,1038533.528213501,576.0
11,emb_1095d_weighted_mean_price,embedding_comparable,8320118.006286621,195.0
11,emb_730d_count,embedding_comparable,0.0,0.0
11,emb_730d_max_similarity,embedding_comparable,545931.7583618164,294.0
11,emb_730d_mean_price,embedding_comparable,3505938.3228149414,289.0
11,emb_730d_mean_similarity,embedding_comparable,414325.45330810547,224.0
11,emb_730d_median_age_diff,embedding_comparable,1045062.5687255859,476.0
11,emb_730d_median_area_diff_pct,embedding_comparable,806850.424987793,448.0
11,emb_730d_median_days_diff,embedding_comparable,685150.5212860107,455.0
11,emb_730d_median_price,embedding_comparable,566640.5897521973,304.0
11,emb_730d_median_similarity,embedding_comparable,427743.69638061523,272.0
11,emb_730d_nearest_price,embedding_comparable,1753758.5124206543,411.0
11,emb_730d_std_price,embedding_comparable,1169933.3022460938,561.0
11,emb_730d_weighted_mean_price,embedding_comparable,5669251.642578125,132.0
11,floor,basic_housing,4298025.06690979,642.0
11,floor_ratio,basic_housing,649666.0888519287,386.0
11,has_elevator,basic_housing,122450.35986328125,23.0
11,has_management,basic_housing,114360.98449707031,39.0
11,has_parking,basic_housing,789277.5882568359,111.0
11,is_basement,basic_housing,0.0,0.0
11,land_area_m2,basic_housing,2611476.9890441895,1079.0
11,living_rooms,basic_housing,495774.16912841797,192.0
11,main_building_area_m2,basic_housing,1799748.0513763428,808.0
11,main_building_area_ping,basic_housing,375128.28466796875,167.0
11,main_use_missing,note_or_quality_flags,105129.02868652344,40.0
11,material,location_time,525914.4163970947,233.0
11,multi_floor,basic_housing,197152.2012939453,77.0
11,parking_area_m2,basic_housing,2393381.677871704,709.0
11,physical_condition_flag,note_or_quality_flags,437982.93572998047,109.0
11,renovation_flag,note_or_quality_flags,44871.81997680664,45.0
11,rooms,basic_housing,1486292.0010681152,355.0
11,total_floor,basic_housing,2244402.6783447266,671.0
11,trade_month,location_time,199820.07131958008,139.0
11,trade_quarter,location_time,92831.48043823242,77.0
11,trade_year,location_time,167723.25048828125,90.0
11,trade_yq,location_time,209375.515625,140.0
12,auxiliary_area_m2,basic_housing,1933977.0386810303,719.0
12,balcony_area_m2,basic_housing,1166213.7472839355,596.0
12,bathrooms,basic_housing,284346.89416503906,153.0
12,broad_note_flag,note_or_quality_flags,132851.46621704102,56.0
12,building_age,basic_housing,5820028.329421997,1579.0
12,building_age_missing,basic_housing,90165.71746826172,34.0
12,building_area_m2,basic_housing,1869617.0158996582,811.0
12,building_area_ping,basic_housing,453882.57942199707,162.0
12,building_type,location_time,123057.14057922363,73.0
12,comp_365d_count,rule_based_comparable,0.0,0.0
12,comp_365d_mean_price,rule_based_comparable,502671.1423339844,295.0
12,comp_365d_median_age_diff,rule_based_comparable,833649.2050170898,450.0
12,comp_365d_median_area_diff_pct,rule_based_comparable,490413.6752624512,317.0
12,comp_365d_median_days_diff,rule_based_comparable,548369.1870422363,364.0
12,comp_365d_median_distance,rule_based_comparable,416748.60763549805,255.0
12,comp_365d_median_price,rule_based_comparable,471035.1911621094,266.0
12,comp_365d_nearest_distance,rule_based_comparable,636905.7355651855,395.0
12,comp_365d_nearest_price,rule_based_comparable,857628.8330230713,455.0
12,comp_365d_std_price,rule_based_comparable,977729.4788513184,491.0
12,comp_365d_weighted_mean_price,rule_based_comparable,12655735.510314941,240.0
12,comp_730d_count,rule_based_comparable,0.0,0.0
12,comp_730d_mean_price,rule_based_comparable,21498768.1590271,374.0
12,comp_730d_median_age_diff,rule_based_comparable,1352560.5033721924,598.0
12,comp_730d_median_area_diff_pct,rule_based_comparable,669362.0517730713,414.0
12,comp_730d_median_days_diff,rule_based_comparable,579325.0863647461,366.0
12,comp_730d_median_distance,rule_based_comparable,514231.3208618164,259.0
12,comp_730d_median_price,rule_based_comparable,1088787.4946289062,369.0
12,comp_730d_nearest_distance,rule_based_comparable,720593.2465820312,370.0
12,comp_730d_nearest_price,rule_based_comparable,2448908.3740386963,478.0
12,comp_730d_std_price,rule_based_comparable,1352434.9826965332,628.0
12,comp_730d_weighted_mean_price,rule_based_comparable,182905359.8977661,574.0
12,district,location_time,738160.4954223633,329.0
12,district_count_180d,time_aware_market,878534.4060668945,499.0
12,district_median_price_180d,time_aware_market,1065971.0681610107,456.0
12,district_median_price_365d,time_aware_market,1023778.4836273193,431.0
12,district_price_change_180_365,time_aware_market,663007.4301757812,413.0
12,district_type_count_180d,time_aware_market,613734.0520019531,349.0
12,district_type_median_price_180d,time_aware_market,651251.0971069336,349.0
12,district_type_median_price_365d,time_aware_market,571867.8890075684,326.0
12,district_type_price_change_180_365,time_aware_market,686000.4780731201,465.0
12,emb_1095d_count,embedding_comparable,0.0,0.0
12,emb_1095d_max_similarity,embedding_comparable,589178.5354003906,327.0
12,emb_1095d_mean_price,embedding_comparable,5595219.309173584,371.0
12,emb_1095d_mean_similarity,embedding_comparable,392821.6750793457,229.0
12,emb_1095d_median_age_diff,embedding_comparable,971632.1723327637,512.0
12,emb_1095d_median_area_diff_pct,embedding_comparable,703275.1543884277,403.0
12,emb_1095d_median_days_diff,embedding_comparable,685837.1806793213,461.0
12,emb_1095d_median_price,embedding_comparable,4207066.888763428,371.0
12,emb_1095d_median_similarity,embedding_comparable,405884.03775024414,233.0
12,emb_1095d_nearest_price,embedding_comparable,4817602.111450195,575.0
12,emb_1095d_std_price,embedding_comparable,1114207.5734558105,597.0
12,emb_1095d_weighted_mean_price,embedding_comparable,7887219.321716309,178.0
12,emb_730d_count,embedding_comparable,0.0,0.0
12,emb_730d_max_similarity,embedding_comparable,503678.8541870117,292.0
12,emb_730d_mean_price,embedding_comparable,2263472.184753418,309.0
12,emb_730d_mean_similarity,embedding_comparable,491523.1795654297,281.0
12,emb_730d_median_age_diff,embedding_comparable,920830.280670166,466.0
12,emb_730d_median_area_diff_pct,embedding_comparable,833089.581451416,455.0
12,emb_730d_median_days_diff,embedding_comparable,678218.9274902344,456.0
12,emb_730d_median_price,embedding_comparable,598194.3117370605,298.0
12,emb_730d_median_similarity,embedding_comparable,405431.739151001,260.0
12,emb_730d_nearest_price,embedding_comparable,1947158.810699463,444.0
12,emb_730d_std_price,embedding_comparable,1151979.9951782227,551.0
12,emb_730d_weighted_mean_price,embedding_comparable,4686310.776855469,110.0
12,floor,basic_housing,4418639.336135864,637.0
12,floor_ratio,basic_housing,723801.5272521973,385.0
12,has_elevator,basic_housing,242361.30389404297,41.0
12,has_management,basic_housing,139566.80224609375,43.0
12,has_parking,basic_housing,874012.6432495117,110.0
12,is_basement,basic_housing,0.0,0.0
12,land_area_m2,basic_housing,2497070.3613586426,1105.0
12,living_rooms,basic_housing,529381.5737762451,204.0
12,main_building_area_m2,basic_housing,1684883.7122192383,742.0
12,main_building_area_ping,basic_housing,363508.55014038086,160.0
12,main_use_missing,note_or_quality_flags,94778.67687988281,39.0
12,material,location_time,845809.1921081543,216.0
12,multi_floor,basic_housing,164445.0958251953,62.0
12,parking_area_m2,basic_housing,2362120.5394744873,743.0
12,physical_condition_flag,note_or_quality_flags,500836.5835571289,114.0
12,renovation_flag,note_or_quality_flags,39311.21594238281,46.0
12,rooms,basic_housing,1398822.4808807373,333.0
12,total_floor,basic_housing,2220915.872894287,665.0
12,trade_month,location_time,212771.30010986328,145.0
12,trade_quarter,location_time,77255.03518676758,53.0
12,trade_year,location_time,258906.71868896484,119.0
12,trade_yq,location_time,154953.8193359375,101.0
13,auxiliary_area_m2,basic_housing,1580141.401977539,614.0
13,balcony_area_m2,basic_housing,1139124.8004455566,595.0
13,bathrooms,basic_housing,252398.27836608887,144.0
13,broad_note_flag,note_or_quality_flags,109796.54885864258,53.0
13,building_age,basic_housing,5875276.947921753,1563.0
13,building_age_missing,basic_housing,79096.70812988281,25.0
13,building_area_m2,basic_housing,1848689.9250793457,795.0
13,building_area_ping,basic_housing,473110.02421569824,179.0
13,building_type,location_time,164537.50968933105,93.0
13,comp_365d_count,rule_based_comparable,0.0,0.0
13,comp_365d_mean_price,rule_based_comparable,2200210.667236328,293.0
13,comp_365d_median_age_diff,rule_based_comparable,872739.7038726807,542.0
13,comp_365d_median_area_diff_pct,rule_based_comparable,530033.4609375,360.0
13,comp_365d_median_days_diff,rule_based_comparable,580991.2382354736,378.0
13,comp_365d_median_distance,rule_based_comparable,546493.1884765625,310.0
13,comp_365d_median_price,rule_based_comparable,525558.4134216309,294.0
13,comp_365d_nearest_distance,rule_based_comparable,752772.5287475586,396.0
13,comp_365d_nearest_price,rule_based_comparable,821539.2228393555,455.0
13,comp_365d_std_price,rule_based_comparable,823809.2591552734,432.0
13,comp_365d_weighted_mean_price,rule_based_comparable,5992223.744766235,234.0
13,comp_730d_count,rule_based_comparable,0.0,0.0
13,comp_730d_mean_price,rule_based_comparable,25290416.69996643,325.0
13,comp_730d_median_age_diff,rule_based_comparable,1238766.4028625488,600.0
13,comp_730d_median_area_diff_pct,rule_based_comparable,659221.4458770752,397.0
13,comp_730d_median_days_diff,rule_based_comparable,658473.2590789795,411.0
13,comp_730d_median_distance,rule_based_comparable,611614.7121276855,329.0
13,comp_730d_median_price,rule_based_comparable,9728989.710037231,371.0
13,comp_730d_nearest_distance,rule_based_comparable,588003.0120544434,338.0
13,comp_730d_nearest_price,rule_based_comparable,2659191.3966827393,488.0
13,comp_730d_std_price,rule_based_comparable,1439478.2446899414,680.0
13,comp_730d_weighted_mean_price,rule_based_comparable,164701266.7015686,520.0
13,district,location_time,666925.1756591797,311.0
13,district_count_180d,time_aware_market,849906.8792572021,478.0
13,district_median_price_180d,time_aware_market,874132.0454864502,422.0
13,district_median_price_365d,time_aware_market,1140583.6184387207,467.0
13,district_price_change_180_365,time_aware_market,675247.7714233398,430.0
13,district_type_count_180d,time_aware_market,584413.6530456543,372.0
13,district_type_median_price_180d,time_aware_market,676016.6940917969,333.0
13,district_type_median_price_365d,time_aware_market,645150.7939758301,352.0
13,district_type_price_change_180_365,time_aware_market,657540.9226379395,448.0
13,emb_1095d_count,embedding_comparable,0.0,0.0
13,emb_1095d_max_similarity,embedding_comparable,583766.1081848145,320.0
13,emb_1095d_mean_price,embedding_comparable,7155963.133453369,356.0
13,emb_1095d_mean_similarity,embedding_comparable,423867.6809692383,252.0
13,emb_1095d_median_age_diff,embedding_comparable,955592.7483825684,521.0
13,emb_1095d_median_area_diff_pct,embedding_comparable,754101.474533081,429.0
13,emb_1095d_median_days_diff,embedding_comparable,675829.0935668945,421.0
13,emb_1095d_median_price,embedding_comparable,2611188.642578125,387.0
13,emb_1095d_median_similarity,embedding_comparable,413247.8163757324,262.0
13,emb_1095d_nearest_price,embedding_comparable,4362835.99407959,596.0
13,emb_1095d_std_price,embedding_comparable,872660.4212341309,543.0
13,emb_1095d_weighted_mean_price,embedding_comparable,8505921.71157837,177.0
13,emb_730d_count,embedding_comparable,0.0,0.0
13,emb_730d_max_similarity,embedding_comparable,502562.6518249512,308.0
13,emb_730d_mean_price,embedding_comparable,3191253.029083252,344.0
13,emb_730d_mean_similarity,embedding_comparable,382848.2817993164,231.0
13,emb_730d_median_age_diff,embedding_comparable,1145941.024383545,505.0
13,emb_730d_median_area_diff_pct,embedding_comparable,747307.8487854004,409.0
13,emb_730d_median_days_diff,embedding_comparable,698060.6501159668,480.0
13,emb_730d_median_price,embedding_comparable,748310.5131225586,331.0
13,emb_730d_median_similarity,embedding_comparable,378037.1013183594,266.0
13,emb_730d_nearest_price,embedding_comparable,1565893.085723877,461.0
13,emb_730d_std_price,embedding_comparable,1092346.5309753418,557.0
13,emb_730d_weighted_mean_price,embedding_comparable,3140656.026611328,145.0
13,floor,basic_housing,4179965.121734619,627.0
13,floor_ratio,basic_housing,718083.0774841309,358.0
13,has_elevator,basic_housing,165589.86962890625,32.0
13,has_management,basic_housing,130406.10314941406,44.0
13,has_parking,basic_housing,680145.4454956055,96.0
13,is_basement,basic_housing,0.0,0.0
13,land_area_m2,basic_housing,2304936.380340576,1018.0
13,living_rooms,basic_housing,565981.0414733887,231.0
13,main_building_area_m2,basic_housing,1925088.4925842285,786.0
13,main_building_area_ping,basic_housing,301325.8716888428,128.0
13,main_use_missing,note_or_quality_flags,139082.30419921875,44.0
13,material,location_time,938316.929901123,183.0
13,multi_floor,basic_housing,271826.73107910156,90.0
13,parking_area_m2,basic_housing,2080465.553527832,623.0
13,physical_condition_flag,note_or_quality_flags,561191.7013244629,133.0
13,renovation_flag,note_or_quality_flags,51892.29042053223,44.0
13,rooms,basic_housing,1077540.9476013184,315.0
13,total_floor,basic_housing,1859306.0602722168,635.0
13,trade_month,location_time,225589.87867736816,172.0
13,trade_quarter,location_time,123598.14151000977,71.0
13,trade_year,location_time,159321.73028564453,90.0
13,trade_yq,location_time,247859.48611450195,152.0
14,auxiliary_area_m2,basic_housing,1660878.3651733398,626.0
14,balcony_area_m2,basic_housing,1125943.641784668,601.0
14,bathrooms,basic_housing,321773.26806640625,146.0
14,broad_note_flag,note_or_quality_flags,109423.02673339844,55.0
14,building_age,basic_housing,5609068.545379639,1498.0
14,building_age_missing,basic_housing,83741.01940917969,25.0
14,building_area_m2,basic_housing,1802986.514755249,801.0
14,building_area_ping,basic_housing,555845.5934753418,184.0
14,building_type,location_time,150515.12754821777,102.0
14,comp_365d_count,rule_based_comparable,0.0,0.0
14,comp_365d_mean_price,rule_based_comparable,2069620.006286621,285.0
14,comp_365d_median_age_diff,rule_based_comparable,820075.2086791992,474.0
14,comp_365d_median_area_diff_pct,rule_based_comparable,476924.4842224121,303.0
14,comp_365d_median_days_diff,rule_based_comparable,599289.9553833008,392.0
14,comp_365d_median_distance,rule_based_comparable,490816.3256225586,307.0
14,comp_365d_median_price,rule_based_comparable,627768.0906677246,351.0
14,comp_365d_nearest_distance,rule_based_comparable,597273.5910949707,354.0
14,comp_365d_nearest_price,rule_based_comparable,821146.1692352295,471.0
14,comp_365d_std_price,rule_based_comparable,857815.3006896973,455.0
14,comp_365d_weighted_mean_price,rule_based_comparable,5890620.05317688,235.0
14,comp_730d_count,rule_based_comparable,0.0,0.0
14,comp_730d_mean_price,rule_based_comparable,24742668.241867065,333.0
14,comp_730d_median_age_diff,rule_based_comparable,1109730.2244262695,538.0
14,comp_730d_median_area_diff_pct,rule_based_comparable,618232.8278503418,369.0
14,comp_730d_median_days_diff,rule_based_comparable,574679.2960205078,389.0
14,comp_730d_median_distance,rule_based_comparable,544320.8091125488,309.0
14,comp_730d_median_price,rule_based_comparable,9596413.162612915,330.0
14,comp_730d_nearest_distance,rule_based_comparable,616773.8748474121,361.0
14,comp_730d_nearest_price,rule_based_comparable,2822203.710296631,497.0
14,comp_730d_std_price,rule_based_comparable,1406022.4302520752,691.0
14,comp_730d_weighted_mean_price,rule_based_comparable,161571468.00531006,515.0
14,district,location_time,715093.4504089355,364.0
14,district_count_180d,time_aware_market,862078.366897583,508.0
14,district_median_price_180d,time_aware_market,788017.3242645264,393.0
14,district_median_price_365d,time_aware_market,1025795.552947998,435.0
14,district_price_change_180_365,time_aware_market,731209.3863830566,453.0
14,district_type_count_180d,time_aware_market,606793.3238220215,346.0
14,district_type_median_price_180d,time_aware_market,552751.7437133789,302.0
14,district_type_median_price_365d,time_aware_market,612002.2313079834,319.0
14,district_type_price_change_180_365,time_aware_market,642720.294418335,441.0
14,emb_1095d_count,embedding_comparable,0.0,0.0
14,emb_1095d_max_similarity,embedding_comparable,657507.411315918,366.0
14,emb_1095d_mean_price,embedding_comparable,5142714.725784302,331.0
14,emb_1095d_mean_similarity,embedding_comparable,384729.1720275879,233.0
14,emb_1095d_median_age_diff,embedding_comparable,1017611.1382751465,545.0
14,emb_1095d_median_area_diff_pct,embedding_comparable,735684.3223876953,427.0
14,emb_1095d_median_days_diff,embedding_comparable,750877.8890075684,498.0
14,emb_1095d_median_price,embedding_comparable,3598508.4223327637,390.0
14,emb_1095d_median_similarity,embedding_comparable,352235.1315765381,229.0
14,emb_1095d_nearest_price,embedding_comparable,4156804.4297180176,563.0
14,emb_1095d_std_price,embedding_comparable,980398.4384765625,574.0
14,emb_1095d_weighted_mean_price,embedding_comparable,7377990.9326171875,182.0
14,emb_730d_count,embedding_comparable,0.0,0.0
14,emb_730d_max_similarity,embedding_comparable,573442.6891479492,342.0
14,emb_730d_mean_price,embedding_comparable,3811469.962890625,338.0
14,emb_730d_mean_similarity,embedding_comparable,430529.16015625,251.0
14,emb_730d_median_age_diff,embedding_comparable,1062136.5656433105,512.0
14,emb_730d_median_area_diff_pct,embedding_comparable,787200.4471740723,453.0
14,emb_730d_median_days_diff,embedding_comparable,681917.1760406494,471.0
14,emb_730d_median_price,embedding_comparable,579801.1549682617,323.0
14,emb_730d_median_similarity,embedding_comparable,374923.49966430664,232.0
14,emb_730d_nearest_price,embedding_comparable,1693749.1134033203,524.0
14,emb_730d_std_price,embedding_comparable,1097106.7895202637,568.0
14,emb_730d_weighted_mean_price,embedding_comparable,3867813.1266174316,137.0
14,floor,basic_housing,4251877.547668457,672.0
14,floor_ratio,basic_housing,633200.857925415,343.0
14,has_elevator,basic_housing,202392.1011352539,28.0
14,has_management,basic_housing,163950.49102783203,46.0
14,has_parking,basic_housing,696287.2169799805,98.0
14,is_basement,basic_housing,0.0,0.0
14,land_area_m2,basic_housing,2375513.699432373,1089.0
14,living_rooms,basic_housing,511028.99505615234,224.0
14,main_building_area_m2,basic_housing,1869161.2791900635,767.0
14,main_building_area_ping,basic_housing,385225.3364868164,152.0
14,main_use_missing,note_or_quality_flags,183564.1805419922,53.0
14,material,location_time,979780.3356323242,188.0
14,multi_floor,basic_housing,178585.8114013672,73.0
14,parking_area_m2,basic_housing,1721172.9700927734,591.0
14,physical_condition_flag,note_or_quality_flags,562837.8651428223,133.0
14,renovation_flag,note_or_quality_flags,37477.884185791016,41.0
14,rooms,basic_housing,1027602.8182373047,301.0
14,total_floor,basic_housing,1913605.390411377,662.0
14,trade_month,location_time,250129.41735839844,176.0
14,trade_quarter,location_time,90869.96484375,61.0
14,trade_year,location_time,151655.68481445312,83.0
14,trade_yq,location_time,283806.5813140869,172.0
15,auxiliary_area_m2,basic_housing,1990908.0112304688,695.0
15,balcony_area_m2,basic_housing,1209964.2825775146,637.0
15,bathrooms,basic_housing,321594.5927886963,157.0
15,broad_note_flag,note_or_quality_flags,137111.66329956055,59.0
15,building_age,basic_housing,5544455.567062378,1493.0
15,building_age_missing,basic_housing,145461.6870727539,48.0
15,building_area_m2,basic_housing,1915364.5534973145,803.0
15,building_area_ping,basic_housing,441826.65646362305,178.0
15,building_type,location_time,146551.78720092773,80.0
15,comp_365d_count,rule_based_comparable,0.0,0.0
15,comp_365d_mean_price,rule_based_comparable,437723.6375427246,246.0
15,comp_365d_median_age_diff,rule_based_comparable,804475.8047180176,463.0
15,comp_365d_median_area_diff_pct,rule_based_comparable,534872.0750579834,362.0
15,comp_365d_median_days_diff,rule_based_comparable,546260.3549041748,378.0
15,comp_365d_median_distance,rule_based_comparable,679053.072265625,370.0
15,comp_365d_median_price,rule_based_comparable,578317.0053405762,348.0
15,comp_365d_nearest_distance,rule_based_comparable,635226.3406677246,392.0
15,comp_365d_nearest_price,rule_based_comparable,814064.4720916748,462.0
15,comp_365d_std_price,rule_based_comparable,923841.4620361328,516.0
15,comp_365d_weighted_mean_price,rule_based_comparable,14141637.644836426,241.0
15,comp_730d_count,rule_based_comparable,0.0,0.0
15,comp_730d_mean_price,rule_based_comparable,17900417.13925171,332.0
15,comp_730d_median_age_diff,rule_based_comparable,1144999.7586364746,558.0
15,comp_730d_median_area_diff_pct,rule_based_comparable,561120.9612426758,371.0
15,comp_730d_median_days_diff,rule_based_comparable,649497.7530822754,422.0
15,comp_730d_median_distance,rule_based_comparable,660405.9535522461,350.0
15,comp_730d_median_price,rule_based_comparable,771687.3059387207,306.0
15,comp_730d_nearest_distance,rule_based_comparable,640497.3735351562,369.0
15,comp_730d_nearest_price,rule_based_comparable,2230094.883453369,513.0
15,comp_730d_std_price,rule_based_comparable,1219947.0252990723,600.0
15,comp_730d_weighted_mean_price,rule_based_comparable,172475783.18197632,546.0
15,district,location_time,657447.4317016602,317.0
15,district_count_180d,time_aware_market,844492.2554473877,462.0
15,district_median_price_180d,time_aware_market,856433.4171142578,396.0
15,district_median_price_365d,time_aware_market,1009424.7813110352,461.0
15,district_price_change_180_365,time_aware_market,835979.7325134277,517.0
15,district_type_count_180d,time_aware_market,741109.8063049316,382.0
15,district_type_median_price_180d,time_aware_market,604460.592376709,308.0
15,district_type_median_price_365d,time_aware_market,585979.8327636719,321.0
15,district_type_price_change_180_365,time_aware_market,606637.350402832,438.0
15,emb_1095d_count,embedding_comparable,0.0,0.0
15,emb_1095d_max_similarity,embedding_comparable,666271.2412719727,376.0
15,emb_1095d_mean_price,embedding_comparable,6561292.17074585,377.0
15,emb_1095d_mean_similarity,embedding_comparable,349307.42823791504,230.0
15,emb_1095d_median_age_diff,embedding_comparable,1036719.4718322754,557.0
15,emb_1095d_median_area_diff_pct,embedding_comparable,776355.4138336182,468.0
15,emb_1095d_median_days_diff,embedding_comparable,756856.5483703613,458.0
15,emb_1095d_median_price,embedding_comparable,4311943.005279541,376.0
15,emb_1095d_median_similarity,embedding_comparable,362574.8172149658,227.0
15,emb_1095d_nearest_price,embedding_comparable,4191072.1956481934,580.0
15,emb_1095d_std_price,embedding_comparable,865537.8282165527,488.0
15,emb_1095d_weighted_mean_price,embedding_comparable,3956203.462463379,166.0
15,emb_730d_count,embedding_comparable,0.0,0.0
15,emb_730d_max_similarity,embedding_comparable,617363.8630371094,350.0
15,emb_730d_mean_price,embedding_comparable,2716902.078979492,300.0
15,emb_730d_mean_similarity,embedding_comparable,364177.19216918945,214.0
15,emb_730d_median_age_diff,embedding_comparable,1038126.314743042,489.0
15,emb_730d_median_area_diff_pct,embedding_comparable,718737.5816955566,410.0
15,emb_730d_median_days_diff,embedding_comparable,661390.5428466797,448.0
15,emb_730d_median_price,embedding_comparable,835073.4567565918,291.0
15,emb_730d_median_similarity,embedding_comparable,449965.90463256836,273.0
15,emb_730d_nearest_price,embedding_comparable,1666064.9580078125,517.0
15,emb_730d_std_price,embedding_comparable,1096115.850769043,569.0
15,emb_730d_weighted_mean_price,embedding_comparable,3931859.370819092,165.0
15,floor,basic_housing,4025779.720062256,617.0
15,floor_ratio,basic_housing,626888.7301635742,343.0
15,has_elevator,basic_housing,229544.24243164062,38.0
15,has_management,basic_housing,149311.8472290039,42.0
15,has_parking,basic_housing,782741.4754638672,110.0
15,is_basement,basic_housing,0.0,0.0
15,land_area_m2,basic_housing,2438663.967437744,1037.0
15,living_rooms,basic_housing,492185.17471313477,234.0
15,main_building_area_m2,basic_housing,1889925.5553894043,772.0
15,main_building_area_ping,basic_housing,317489.1326904297,138.0
15,main_use_missing,note_or_quality_flags,176873.34826660156,57.0
15,material,location_time,768794.7883148193,160.0
15,multi_floor,basic_housing,216426.02319335938,73.0
15,parking_area_m2,basic_housing,1776349.1929016113,574.0
15,physical_condition_flag,note_or_quality_flags,572989.4716796875,135.0
15,renovation_flag,note_or_quality_flags,42165.61112976074,41.0
15,rooms,basic_housing,1058756.7888946533,271.0
15,total_floor,basic_housing,1942821.0931854248,671.0
15,trade_month,location_time,199023.46200561523,151.0
15,trade_quarter,location_time,106793.15930175781,70.0
15,trade_year,location_time,98987.8042602539,61.0
15,trade_yq,location_time,296544.01292419434,179.0
