model_name,fold_id,split,n,mae,rmse,mape,medae,r2,train_start,train_end,valid_start,valid_end,test_start,test_end,tree_model_backend,tree_model_device
naive_global_median,1,train,43736,16.507788784546975,21.957187126983303,26.916028039197148,13.337189582499995,-0.02158483143614065,2019-01-01,2021-12-31,2022-01-01,2022-06-30,2022-07-01,2022-09-30,,
naive_global_median,1,valid,5929,18.84141809360124,25.759715085805922,25.451357303093893,14.469255655750004,-0.16884243766709606,2019-01-01,2021-12-31,2022-01-01,2022-06-30,2022-07-01,2022-09-30,,
naive_global_median,1,test,969,19.023293131350105,25.644481103017846,25.599799089915003,14.352892023749995,-0.1939380238610191,2019-01-01,2021-12-31,2022-01-01,2022-06-30,2022-07-01,2022-09-30,,
naive_district_median,1,train,43736,13.224621700062498,17.8328692326779,21.132247301330082,10.542892166625002,0.32614961705041823,2019-01-01,2021-12-31,2022-01-01,2022-06-30,2022-07-01,2022-09-30,,
naive_district_median,1,valid,5929,15.242535164644627,20.956166389436486,20.319591944361044,11.288925196500003,0.22643370840622046,2019-01-01,2021-12-31,2022-01-01,2022-06-30,2022-07-01,2022-09-30,,
naive_district_median,1,test,969,15.913073800482714,21.791872560234342,20.913062405522627,11.558842541749996,0.1378495627600782,2019-01-01,2021-12-31,2022-01-01,2022-06-30,2022-07-01,2022-09-30,,
naive_district_building_type_median,1,train,43736,11.668638397691582,16.09900520037257,18.475584155435477,8.879834377750004,0.4508144382382897,2019-01-01,2021-12-31,2022-01-01,2022-06-30,2022-07-01,2022-09-30,,
naive_district_building_type_median,1,valid,5929,13.838641984838844,19.27431098156009,18.39206318260351,10.337189695000006,0.34561763865990236,2019-01-01,2021-12-31,2022-01-01,2022-06-30,2022-07-01,2022-09-30,,
naive_district_building_type_median,1,test,969,14.921261199614808,20.298016617845125,19.654241730284824,11.13735495425,0.2520007553480267,2019-01-01,2021-12-31,2022-01-01,2022-06-30,2022-07-01,2022-09-30,,
ridge_regression,1,train,43736,10.390906671968743,13.910902588842765,16.97470998513182,8.197911866260956,0.5899548791109239,2019-01-01,2021-12-31,2022-01-01,2022-06-30,2022-07-01,2022-09-30,,
ridge_regression,1,valid,5929,11.595601896614115,15.555483061346557,16.836781831415347,9.111683884137207,0.5737730901523197,2019-01-01,2021-12-31,2022-01-01,2022-06-30,2022-07-01,2022-09-30,,
ridge_regression,1,test,969,12.507633806590235,16.55116075598033,17.822881910490548,10.01735811786758,0.5026628909135438,2019-01-01,2021-12-31,2022-01-01,2022-06-30,2022-07-01,2022-09-30,,
tree_model,1,train,43736,6.774654944581196,8.969217209562505,11.426730813797404,5.325137629428241,0.8295370057391863,2019-01-01,2021-12-31,2022-01-01,2022-06-30,2022-07-01,2022-09-30,lightgbm,cpu
tree_model,1,valid,5929,10.114304112883254,13.503026784033823,14.127935713080841,7.890470292978847,0.6788291514798301,2019-01-01,2021-12-31,2022-01-01,2022-06-30,2022-07-01,2022-09-30,lightgbm,cpu
tree_model,1,test,969,11.111237344401877,14.84284911717778,15.080962167247499,8.632239782369254,0.600029006035421,2019-01-01,2021-12-31,2022-01-01,2022-06-30,2022-07-01,2022-09-30,lightgbm,cpu
naive_global_median,2,train,44005,16.755802275346962,22.30152369930206,26.992039801680423,13.504792882000011,-0.023254739499324995,2019-04-01,2022-03-31,2022-04-01,2022-09-30,2022-10-01,2022-12-31,,
naive_global_median,2,valid,3729,18.64394736039863,25.434260455021594,25.451037527886584,14.241982936999996,-0.14924071614053247,2019-04-01,2022-03-31,2022-04-01,2022-09-30,2022-10-01,2022-12-31,,
naive_global_median,2,test,1855,19.45954349962264,25.99580871516119,26.18319092121425,15.4284291735,-0.17764898692483788,2019-04-01,2022-03-31,2022-04-01,2022-09-30,2022-10-01,2022-12-31,,
naive_district_median,2,train,44005,13.396048466538815,18.07594929913569,21.165404944454476,10.668098773500006,0.3277714992469337,2019-04-01,2022-03-31,2022-04-01,2022-09-30,2022-10-01,2022-12-31,,
naive_district_median,2,valid,3729,15.218553048580452,20.800293710608457,20.412236199537883,11.126280574499994,0.2313799477278249,2019-04-01,2022-03-31,2022-04-01,2022-09-30,2022-10-01,2022-12-31,,
naive_district_median,2,test,1855,15.151950245996225,20.823321054962207,20.03230663038401,11.242148338749999,0.24437000715463342,2019-04-01,2022-03-31,2022-04-01,2022-09-30,2022-10-01,2022-12-31,,
naive_district_building_type_median,2,train,44005,11.846896217559483,16.357885016790874,18.556840455625945,9.026445942499997,0.4494852054827393,2019-04-01,2022-03-31,2022-04-01,2022-09-30,2022-10-01,2022-12-31,,
naive_district_building_type_median,2,valid,3729,13.863760929902721,19.152180916322507,18.5105697565588,10.203635981000005,0.34835773193455455,2019-04-01,2022-03-31,2022-04-01,2022-09-30,2022-10-01,2022-12-31,,
naive_district_building_type_median,2,test,1855,14.044040461519813,19.617731265562043,18.378112971107406,10.201156642250005,0.32933327474602825,2019-04-01,2022-03-31,2022-04-01,2022-09-30,2022-10-01,2022-12-31,,
ridge_regression,2,train,44005,10.513901384293977,14.073458251500124,17.000209842224077,8.290225666014386,0.5925105673691166,2019-04-01,2022-03-31,2022-04-01,2022-09-30,2022-10-01,2022-12-31,,
ridge_regression,2,valid,3729,11.76737908684265,15.703257439931535,17.147380112213188,9.171589278874592,0.5619211597780824,2019-04-01,2022-03-31,2022-04-01,2022-09-30,2022-10-01,2022-12-31,,
ridge_regression,2,test,1855,11.431084521233096,15.533669502802393,16.604329200903667,8.707299501015072,0.5795084052059134,2019-04-01,2022-03-31,2022-04-01,2022-09-30,2022-10-01,2022-12-31,,
tree_model,2,train,44005,6.938030197337764,9.19725684181153,11.58033200682721,5.442921273585583,0.8259671141120231,2019-04-01,2022-03-31,2022-04-01,2022-09-30,2022-10-01,2022-12-31,lightgbm,cpu
tree_model,2,valid,3729,9.68917251781009,13.059319825818754,13.80847096944185,7.344584700200713,0.6970200486782892,2019-04-01,2022-03-31,2022-04-01,2022-09-30,2022-10-01,2022-12-31,lightgbm,cpu
tree_model,2,test,1855,9.588753954987835,13.088046623103242,13.495995456450194,7.287610351449175,0.7014900138242071,2019-04-01,2022-03-31,2022-04-01,2022-09-30,2022-10-01,2022-12-31,lightgbm,cpu
naive_global_median,3,train,42903,16.965056422179394,22.631678901987954,27.034953129153855,13.65322262849999,-0.02410417764180628,2019-07-01,2022-06-30,2022-07-01,2022-12-31,2023-01-01,2023-03-31,,
naive_global_median,3,valid,2824,19.1379982521937,25.586657999998362,26.022924899025472,15.01537133775,-0.15675133297324417,2019-07-01,2022-06-30,2022-07-01,2022-12-31,2023-01-01,2023-03-31,,
naive_global_median,3,test,2572,18.056979773488532,24.440752912370225,24.88105739988464,13.885454024750004,-0.14101579238706896,2019-07-01,2022-06-30,2022-07-01,2022-12-31,2023-01-01,2023-03-31,,
naive_district_median,3,train,42903,13.57025822006045,18.302637197538367,21.238006751297892,10.750412820000008,0.3302111178772985,2019-07-01,2022-06-30,2022-07-01,2022-12-31,2023-01-01,2023-03-31,,
naive_district_median,3,valid,2824,15.16982957652036,20.793615217024872,20.2273509416974,11.218677265250001,0.2360360132039907,2019-07-01,2022-06-30,2022-07-01,2022-12-31,2023-01-01,2023-03-31,,
naive_district_median,3,test,2572,14.432616067390942,19.848226876410077,19.673843749329333,10.976115290874997,0.2475010029103838,2019-07-01,2022-06-30,2022-07-01,2022-12-31,2023-01-01,2023-03-31,,
naive_district_building_type_median,3,train,42903,12.013836613794748,16.595644535754527,18.635305880865044,9.122313707499998,0.44932058750408865,2019-07-01,2022-06-30,2022-07-01,2022-12-31,2023-01-01,2023-03-31,,
naive_district_building_type_median,3,valid,2824,14.009641152816041,19.446066433048937,18.517690459909616,10.186776477499997,0.3318462498461465,2019-07-01,2022-06-30,2022-07-01,2022-12-31,2023-01-01,2023-03-31,,
naive_district_building_type_median,3,test,2572,13.066520016926807,18.30612680645291,17.609970348645543,9.552065757500007,0.359888798388429,2019-07-01,2022-06-30,2022-07-01,2022-12-31,2023-01-01,2023-03-31,,
ridge_regression,3,train,42903,10.668791458452088,14.278747858330675,17.068974997644077,8.386992501926464,0.5923468132960125,2019-07-01,2022-06-30,2022-07-01,2022-12-31,2023-01-01,2023-03-31,,
ridge_regression,3,valid,2824,11.702544327203048,15.721641054591526,17.089969362198495,8.964401907389288,0.5632744170116261,2019-07-01,2022-06-30,2022-07-01,2022-12-31,2023-01-01,2023-03-31,,
ridge_regression,3,test,2572,11.316063714959007,15.026669024243388,17.40835964857101,9.240610577908445,0.5686915805304453,2019-07-01,2022-06-30,2022-07-01,2022-12-31,2023-01-01,2023-03-31,,
tree_model,3,train,42903,7.013098789994344,9.29486111124636,11.58145821600663,5.509106638872112,0.8272586132659578,2019-07-01,2022-06-30,2022-07-01,2022-12-31,2023-01-01,2023-03-31,lightgbm,cpu
tree_model,3,valid,2824,9.476599044288525,12.75945632257249,13.772292644245823,7.141630301017258,0.7123414948017988,2019-07-01,2022-06-30,2022-07-01,2022-12-31,2023-01-01,2023-03-31,lightgbm,cpu
tree_model,3,test,2572,9.211579047230192,12.416949691239797,13.529178351809131,7.260267377333953,0.7054952271855361,2019-07-01,2022-06-30,2022-07-01,2022-12-31,2023-01-01,2023-03-31,lightgbm,cpu
naive_global_median,4,train,40452,17.06798180297261,22.762536074900105,26.998876137450583,13.788429234999999,-0.025120842791866327,2019-10-01,2022-09-30,2022-10-01,2023-03-31,2023-04-01,2023-06-30,,
naive_global_median,4,valid,4427,18.52732344503609,24.890235816354306,25.477630756304027,14.550908545250003,-0.13711521033178986,2019-10-01,2022-09-30,2022-10-01,2023-03-31,2023-04-01,2023-06-30,,
naive_global_median,4,test,3175,18.969210143082915,25.913496009501788,24.739872611529854,14.540660611749999,-0.18570382767809135,2019-10-01,2022-09-30,2022-10-01,2023-03-31,2023-04-01,2023-06-30,,
naive_district_median,4,train,40452,13.639239506082209,18.388429521071227,21.21201653111115,10.770908686999995,0.33100472780497403,2019-10-01,2022-09-30,2022-10-01,2023-03-31,2023-04-01,2023-06-30,,
naive_district_median,4,valid,4427,14.574583327389712,20.000681908266642,19.795769869950114,10.996363223999992,0.26576336153456503,2019-10-01,2022-09-30,2022-10-01,2023-03-31,2023-04-01,2023-06-30,,
naive_district_median,4,test,3175,15.281116261733938,21.09951875777782,19.726417993433326,11.014049173749996,0.21391536806367295,2019-10-01,2022-09-30,2022-10-01,2023-03-31,2023-04-01,2023-06-30,,
naive_district_building_type_median,4,train,40452,12.093049609721955,16.7183849191276,18.642007939642852,9.169751722249998,0.447003465521542,2019-10-01,2022-09-30,2022-10-01,2023-03-31,2023-04-01,2023-06-30,,
naive_district_building_type_median,4,valid,4427,13.224774597552521,18.553836019097893,17.72288990479937,9.721321949500002,0.3681501682472512,2019-10-01,2022-09-30,2022-10-01,2023-03-31,2023-04-01,2023-06-30,,
naive_district_building_type_median,4,test,3175,14.186176913193071,19.7355315768915,18.239106352011873,10.55669381900001,0.3122638339724537,2019-10-01,2022-09-30,2022-10-01,2023-03-31,2023-04-01,2023-06-30,,
ridge_regression,4,train,40452,10.763689861478344,14.409923314192328,17.120168981614047,8.449390020196827,0.589174768393739,2019-10-01,2022-09-30,2022-10-01,2023-03-31,2023-04-01,2023-06-30,,
ridge_regression,4,valid,4427,11.443525739762373,15.23743449653641,17.455451425507878,9.088200961004958,0.5738424866637926,2019-10-01,2022-09-30,2022-10-01,2023-03-31,2023-04-01,2023-06-30,,
ridge_regression,4,test,3175,12.124365318687449,15.925232795944147,17.75574044760425,9.596143267291765,0.5521879401975751,2019-10-01,2022-09-30,2022-10-01,2023-03-31,2023-04-01,2023-06-30,,
tree_model,4,train,40452,7.0456838779750655,9.331679633280588,11.561827138851555,5.536976759700419,0.82771264221529,2019-10-01,2022-09-30,2022-10-01,2023-03-31,2023-04-01,2023-06-30,lightgbm,cpu
tree_model,4,valid,4427,9.162826021149252,12.2611866464065,13.466899963790949,7.179206003085142,0.7240620373551263,2019-10-01,2022-09-30,2022-10-01,2023-03-31,2023-04-01,2023-06-30,lightgbm,cpu
tree_model,4,test,3175,9.867169329433027,13.173440622907242,13.795312811195085,7.562962982564116,0.6935760952170251,2019-10-01,2022-09-30,2022-10-01,2023-03-31,2023-04-01,2023-06-30,lightgbm,cpu
naive_global_median,5,train,38519,17.268167964735262,23.01600203034279,27.08685838517953,13.959007741,-0.025359859793319117,2020-01-01,2022-12-31,2023-01-01,2023-06-30,2023-07-01,2023-09-30,,
naive_global_median,5,valid,5747,18.413368440644337,25.006979890710156,24.854920449806603,14.262148225500006,-0.1407931222110872,2020-01-01,2022-12-31,2023-01-01,2023-06-30,2023-07-01,2023-09-30,,
naive_global_median,5,test,3144,19.88933494275,27.432322808471305,25.27224228937132,14.802644072999996,-0.19822394719305092,2020-01-01,2022-12-31,2023-01-01,2023-06-30,2023-07-01,2023-09-30,,
naive_district_median,5,train,38519,13.743431466991705,18.544906505845212,21.168553615996576,10.80082604125002,0.33431950202411154,2020-01-01,2022-12-31,2023-01-01,2023-06-30,2023-07-01,2023-09-30,,
naive_district_median,5,valid,5747,14.72787903130329,20.26332831495547,19.66218957167209,10.930908681000005,0.25095835068310535,2020-01-01,2022-12-31,2023-01-01,2023-06-30,2023-07-01,2023-09-30,,
naive_district_median,5,test,3144,16.0100539703125,22.237392412805843,20.062480695649608,11.472065685500006,0.21262694332726617,2020-01-01,2022-12-31,2023-01-01,2023-06-30,2023-07-01,2023-09-30,,
naive_district_building_type_median,5,train,38519,12.233978333274111,16.930322305864397,18.684905060826807,9.2327269265,0.44518653907984873,2020-01-01,2022-12-31,2023-01-01,2023-06-30,2023-07-01,2023-09-30,,
naive_district_building_type_median,5,valid,5747,13.425642886478075,18.774613145087375,17.76855561771021,9.94793351125,0.3569771610527488,2020-01-01,2022-12-31,2023-01-01,2023-06-30,2023-07-01,2023-09-30,,
naive_district_building_type_median,5,test,3144,14.624496433895834,20.59329432839275,18.196101243433247,10.309338456375002,0.3247501708924587,2020-01-01,2022-12-31,2023-01-01,2023-06-30,2023-07-01,2023-09-30,,
ridge_regression,5,train,38519,10.894691486133077,14.58502062204526,17.162804084062603,8.521553719410264,0.5882528208163269,2020-01-01,2022-12-31,2023-01-01,2023-06-30,2023-07-01,2023-09-30,,
ridge_regression,5,valid,5747,11.86441368317887,15.57659716451249,17.928012173237313,9.51563671786586,0.5573814802378736,2020-01-01,2022-12-31,2023-01-01,2023-06-30,2023-07-01,2023-09-30,,
ridge_regression,5,test,3144,12.20860810018981,16.0895624685705,17.60937143714684,9.765197219705623,0.5878063489163106,2020-01-01,2022-12-31,2023-01-01,2023-06-30,2023-07-01,2023-09-30,,
tree_model,5,train,38519,7.084235710596492,9.363261458314481,11.530473064805282,5.586001975168585,0.8303042994800675,2020-01-01,2022-12-31,2023-01-01,2023-06-30,2023-07-01,2023-09-30,lightgbm,cpu
tree_model,5,valid,5747,9.372818086061763,12.556444826420773,13.475752414816208,7.182011915932428,0.7123808557513706,2020-01-01,2022-12-31,2023-01-01,2023-06-30,2023-07-01,2023-09-30,lightgbm,cpu
tree_model,5,test,3144,9.871624223879355,13.385807516206834,13.427124322225954,7.545059399237029,0.7146998624784209,2020-01-01,2022-12-31,2023-01-01,2023-06-30,2023-07-01,2023-09-30,lightgbm,cpu
naive_global_median,6,train,38109,17.387737816281103,23.13587962926618,26.988776934834252,14.078016000999995,-0.025997384879738572,2020-04-01,2023-03-31,2023-04-01,2023-09-30,2023-10-01,2023-12-31,,
naive_global_median,6,valid,6319,19.216563988461626,26.337300810902846,25.02758080081459,14.534875488000004,-0.16076685394571566,2020-04-01,2023-03-31,2023-04-01,2023-09-30,2023-10-01,2023-12-31,,
naive_global_median,6,test,3475,19.52361470278921,26.518397469308226,24.937105198507258,15.175536621,-0.19723255035029696,2020-04-01,2023-03-31,2023-04-01,2023-09-30,2023-10-01,2023-12-31,,
naive_district_median,6,train,38109,13.81267146749319,18.6343526736732,21.04347425660448,10.830412816999996,0.33441604652909274,2020-04-01,2023-03-31,2023-04-01,2023-09-30,2023-10-01,2023-12-31,,
naive_district_median,6,valid,6319,15.42704031481698,21.33266972638973,19.809734041310296,11.213057430749998,0.23845970241842362,2020-04-01,2023-03-31,2023-04-01,2023-09-30,2023-10-01,2023-12-31,,
naive_district_median,6,test,3475,15.456131556669494,21.32845689074343,19.483727820155913,11.366611143999997,0.22553314585046924,2020-04-01,2023-03-31,2023-04-01,2023-09-30,2023-10-01,2023-12-31,,
naive_district_building_type_median,6,train,38109,12.300620415468053,17.021259611551816,18.623318104823014,9.297520312500005,0.4446617171489362,2020-04-01,2023-03-31,2023-04-01,2023-09-30,2023-10-01,2023-12-31,,
naive_district_building_type_median,6,valid,6319,14.076813540670441,19.76265897752126,17.95515835760734,10.197685567999997,0.34642832338621476,2020-04-01,2023-03-31,2023-04-01,2023-09-30,2023-10-01,2023-12-31,,
naive_district_building_type_median,6,test,3475,14.287260918535324,19.922643966086248,17.842009484683977,10.522313654999998,0.3242626689487389,2020-04-01,2023-03-31,2023-04-01,2023-09-30,2023-10-01,2023-12-31,,
ridge_regression,6,train,38109,10.964895830189162,14.684666647608532,17.117896192479336,8.58255829862911,0.5866647864483392,2020-04-01,2023-03-31,2023-04-01,2023-09-30,2023-10-01,2023-12-31,,
ridge_regression,6,valid,6319,12.00486945098734,15.933843156769525,17.17441692392276,9.424451235113608,0.5751422489156564,2020-04-01,2023-03-31,2023-04-01,2023-09-30,2023-10-01,2023-12-31,,
ridge_regression,6,test,3475,11.69475030515714,15.584033642422282,16.65310999294952,9.464024060726189,0.5865302717435698,2020-04-01,2023-03-31,2023-04-01,2023-09-30,2023-10-01,2023-12-31,,
tree_model,6,train,38109,7.15768183413516,9.453229749156325,11.531488745443385,5.669554839042178,0.8287089594171964,2020-04-01,2023-03-31,2023-04-01,2023-09-30,2023-10-01,2023-12-31,lightgbm,cpu
tree_model,6,valid,6319,9.634593003991364,12.987094633822306,13.424929663591154,7.3919587706119785,0.7177548548965583,2020-04-01,2023-03-31,2023-04-01,2023-09-30,2023-10-01,2023-12-31,lightgbm,cpu
tree_model,6,test,3475,9.935318139259843,13.229390553892042,13.4480697008102,7.805525941894587,0.7020361069031615,2020-04-01,2023-03-31,2023-04-01,2023-09-30,2023-10-01,2023-12-31,lightgbm,cpu
naive_global_median,7,train,37451,17.620480104070477,23.415124977749823,26.90899828577645,14.242974672499997,-0.02692896647255072,2020-07-01,2023-06-30,2023-07-01,2023-12-31,2024-01-01,2024-03-31,,
naive_global_median,7,valid,6619,19.406650098384727,26.489019690727375,25.115478318512395,14.894214317500015,-0.15652634670504795,2020-07-01,2023-06-30,2023-07-01,2023-12-31,2024-01-01,2024-03-31,,
naive_global_median,7,test,3482,20.831129328345064,28.645407784649937,25.76585884383985,15.751569657249998,-0.21857587966408198,2020-07-01,2023-06-30,2023-07-01,2023-12-31,2024-01-01,2024-03-31,,
naive_district_median,7,train,37451,13.95379156340649,18.792300068806554,20.93939448050965,10.942313639249996,0.3385343124776804,2020-07-01,2023-06-30,2023-07-01,2023-12-31,2024-01-01,2024-03-31,,
naive_district_median,7,valid,6619,15.376342557789847,21.254188517823255,19.59464594282729,11.237520239749998,0.25541751646357513,2020-07-01,2023-06-30,2023-07-01,2023-12-31,2024-01-01,2024-03-31,,
naive_district_median,7,test,3482,16.881154208147045,23.210540305510442,20.72003024807005,12.38165242825,0.1999574969797684,2020-07-01,2023-06-30,2023-07-01,2023-12-31,2024-01-01,2024-03-31,,
naive_district_building_type_median,7,train,37451,12.461492555753786,17.22811325943034,18.559144006959073,9.432065762000008,0.4440664549191622,2020-07-01,2023-06-30,2023-07-01,2023-12-31,2024-01-01,2024-03-31,,
naive_district_building_type_median,7,valid,6619,14.03608292486856,19.717910050333742,17.677849088529705,10.158016147999987,0.35916603664633884,2020-07-01,2023-06-30,2023-07-01,2023-12-31,2024-01-01,2024-03-31,,
naive_district_building_type_median,7,test,3482,15.664594805175259,21.72420025726608,19.09025393136018,11.598264027875004,0.2991418072542966,2020-07-01,2023-06-30,2023-07-01,2023-12-31,2024-01-01,2024-03-31,,
ridge_regression,7,train,37451,11.134862728501318,14.898181353664027,17.11367995612734,8.721475561045501,0.5842675191021103,2020-07-01,2023-06-30,2023-07-01,2023-12-31,2024-01-01,2024-03-31,,
ridge_regression,7,valid,6619,11.742097789481637,15.740062265097688,16.49119127713995,9.307990531717223,0.5916461537236635,2020-07-01,2023-06-30,2023-07-01,2023-12-31,2024-01-01,2024-03-31,,
ridge_regression,7,test,3482,12.286315377241447,16.571665042025455,16.9536140958355,9.408500119606458,0.5921740539921649,2020-07-01,2023-06-30,2023-07-01,2023-12-31,2024-01-01,2024-03-31,,
tree_model,7,train,37451,7.29219175730292,9.62473915169046,11.552970820983909,5.75699587273364,0.8264896522878336,2020-07-01,2023-06-30,2023-07-01,2023-12-31,2024-01-01,2024-03-31,lightgbm,cpu
tree_model,7,valid,6619,9.66670337251529,13.015690707637672,13.220960613234462,7.405969658849067,0.720772493370206,2020-07-01,2023-06-30,2023-07-01,2023-12-31,2024-01-01,2024-03-31,lightgbm,cpu
tree_model,7,test,3482,11.09002694973431,14.937208502532812,14.445067583063487,8.62241713734058,0.6686542185467832,2020-07-01,2023-06-30,2023-07-01,2023-12-31,2024-01-01,2024-03-31,lightgbm,cpu
naive_global_median,8,train,36225,17.860667609859227,23.74816273988054,26.907279037879928,14.319999463000002,-0.026600951193431532,2020-10-01,2023-09-30,2023-10-01,2024-03-31,2024-04-01,2024-06-30,,
naive_global_median,8,valid,6957,19.841895390032484,27.085757765465356,25.359457050035417,15.130577945000013,-0.16133230757941774,2020-10-01,2023-09-30,2023-10-01,2024-03-31,2024-04-01,2024-06-30,,
naive_global_median,8,test,4025,21.616469226854786,28.98490639110503,25.553911297081893,16.6456192105,-0.3028828165350157,2020-10-01,2023-09-30,2023-10-01,2024-03-31,2024-04-01,2024-06-30,,
naive_district_median,8,train,36225,14.09644187623372,18.998224526087267,20.85097367015564,11.049255783999996,0.3429965326978157,2020-10-01,2023-09-30,2023-10-01,2024-03-31,2024-04-01,2024-06-30,,
naive_district_median,8,valid,6957,15.780517086483183,21.737959394695388,19.90912795613246,11.734875592999991,0.2519819562185954,2020-10-01,2023-09-30,2023-10-01,2024-03-31,2024-04-01,2024-06-30,,
naive_district_median,8,test,4025,17.934960366399995,24.044263055726702,21.014721978946326,13.608263952499996,0.10342940014879431,2020-10-01,2023-09-30,2023-10-01,2024-03-31,2024-04-01,2024-06-30,,
naive_district_building_type_median,8,train,36225,12.582449655632756,17.407634424771118,18.462017083218367,9.458181463499997,0.4484039535819345,2020-10-01,2023-09-30,2023-10-01,2024-03-31,2024-04-01,2024-06-30,,
naive_district_building_type_median,8,valid,6957,14.484632687878396,20.230217884602833,18.075361684958477,10.741817779000002,0.35214823207974044,2020-10-01,2023-09-30,2023-10-01,2024-03-31,2024-04-01,2024-06-30,,
naive_district_building_type_median,8,test,4025,16.37113552899087,22.142518561956688,19.079658025269268,12.108925165750009,0.23964643436571365,2020-10-01,2023-09-30,2023-10-01,2024-03-31,2024-04-01,2024-06-30,,
ridge_regression,8,train,36225,11.280671215358595,15.071047872037491,17.114171303156255,8.828053823948018,0.586544733480501,2020-10-01,2023-09-30,2023-10-01,2024-03-31,2024-04-01,2024-06-30,,
ridge_regression,8,valid,6957,11.863758536065575,15.966354131332835,16.497827476574233,9.324477178975712,0.5964605079590817,2020-10-01,2023-09-30,2023-10-01,2024-03-31,2024-04-01,2024-06-30,,
ridge_regression,8,test,4025,12.430857479363464,16.51561279885827,16.081596381602036,9.649867204797843,0.5769897051148678,2020-10-01,2023-09-30,2023-10-01,2024-03-31,2024-04-01,2024-06-30,,
tree_model,8,train,36225,7.387503719437582,9.728495600688111,11.548843354313606,5.833671851634612,0.827720737771469,2020-10-01,2023-09-30,2023-10-01,2024-03-31,2024-04-01,2024-06-30,lightgbm,cpu
tree_model,8,valid,6957,10.199896530850467,13.717431709379184,13.689851737456577,7.836964741171329,0.7021345432459776,2020-10-01,2023-09-30,2023-10-01,2024-03-31,2024-04-01,2024-06-30,lightgbm,cpu
tree_model,8,test,4025,11.299270455567836,14.791363167038607,13.96734879403258,9.0191292432052,0.660704614950486,2020-10-01,2023-09-30,2023-10-01,2024-03-31,2024-04-01,2024-06-30,lightgbm,cpu
naive_global_median,9,train,35525,18.043069083360688,23.92567843439428,26.823972553627158,14.446941607,-0.025879271366319623,2021-01-01,2023-12-31,2024-01-01,2024-06-30,2024-07-01,2024-09-30,,
naive_global_median,9,valid,7507,20.830442430538493,28.23450249358941,25.55912900299255,15.857850645,-0.20798411444217169,2021-01-01,2023-12-31,2024-01-01,2024-06-30,2024-07-01,2024-09-30,,
naive_global_median,9,test,2827,21.9968444715076,29.485622579340884,25.28485471191557,16.88363573049999,-0.31484178375620253,2021-01-01,2023-12-31,2024-01-01,2024-06-30,2024-07-01,2024-09-30,,
naive_district_median,9,train,35525,14.18773200412069,19.082000100492543,20.7015161793191,11.146115284499999,0.34744740751218217,2021-01-01,2023-12-31,2024-01-01,2024-06-30,2024-07-01,2024-09-30,,
naive_district_median,9,valid,7507,17.00955205511043,23.06322581217219,20.63485890115825,12.8195036515,0.19398885637419783,2021-01-01,2023-12-31,2024-01-01,2024-06-30,2024-07-01,2024-09-30,,
naive_district_median,9,test,2827,18.814178855782277,25.491420633253284,21.423419986759594,13.912561461749995,0.017254709883760877,2021-01-01,2023-12-31,2024-01-01,2024-06-30,2024-07-01,2024-09-30,,
naive_district_building_type_median,9,train,35525,12.680837262995173,17.51128980564876,18.328065055287826,9.538181460499999,0.4504540611038337,2021-01-01,2023-12-31,2024-01-01,2024-06-30,2024-07-01,2024-09-30,,
naive_district_building_type_median,9,valid,7507,15.468179377602603,21.273852150040394,18.59560025841284,11.521983039000006,0.31420673276227473,2021-01-01,2023-12-31,2024-01-01,2024-06-30,2024-07-01,2024-09-30,,
naive_district_building_type_median,9,test,2827,17.51998630461912,23.59553475171927,19.943482629638577,13.236363140000009,0.157999128290915,2021-01-01,2023-12-31,2024-01-01,2024-06-30,2024-07-01,2024-09-30,,
ridge_regression,9,train,35525,11.307089138564136,15.11865857926627,16.91921833325097,8.880751926187912,0.5903676462321137,2021-01-01,2023-12-31,2024-01-01,2024-06-30,2024-07-01,2024-09-30,,
ridge_regression,9,valid,7507,12.259894876499674,16.389779008578266,16.332682979131203,9.498526908228953,0.5929505807497449,2021-01-01,2023-12-31,2024-01-01,2024-06-30,2024-07-01,2024-09-30,,
ridge_regression,9,test,2827,13.071957513878449,17.279969838559488,16.50390889085857,10.323626795516475,0.5484156812203222,2021-01-01,2023-12-31,2024-01-01,2024-06-30,2024-07-01,2024-09-30,,
tree_model,9,train,35525,7.5237588628844465,9.89520665855963,11.568259350673818,5.929405565286089,0.8245241037368509,2021-01-01,2023-12-31,2024-01-01,2024-06-30,2024-07-01,2024-09-30,lightgbm,cpu
tree_model,9,valid,7507,10.972243746872634,14.56840321441659,13.957836255958911,8.614092068864743,0.6783934761050021,2021-01-01,2023-12-31,2024-01-01,2024-06-30,2024-07-01,2024-09-30,lightgbm,cpu
tree_model,9,test,2827,12.108733267294973,15.847241219801772,14.63300842177208,9.77245647112062,0.620195391843225,2021-01-01,2023-12-31,2024-01-01,2024-06-30,2024-07-01,2024-09-30,lightgbm,cpu
naive_global_median,10,train,35354,18.33892508640868,24.297741974501076,26.93390324650322,14.682809366750003,-0.024757957456232438,2021-04-01,2024-03-31,2024-04-01,2024-09-30,2024-10-01,2024-12-31,,
naive_global_median,10,valid,6852,21.200250081853472,28.420098627031553,25.226291354639123,16.377685336250007,-0.2386339354508309,2021-04-01,2024-03-31,2024-04-01,2024-09-30,2024-10-01,2024-12-31,,
naive_global_median,10,test,2204,20.37877621529219,27.3145446405738,25.2619492899698,15.72677626974999,-0.18939106667439942,2021-04-01,2024-03-31,2024-04-01,2024-09-30,2024-10-01,2024-12-31,,
naive_district_median,10,train,35354,14.412693622037056,19.37455393605356,20.72237439547698,11.321239244874999,0.3484422834328277,2021-04-01,2024-03-31,2024-04-01,2024-09-30,2024-10-01,2024-12-31,,
naive_district_median,10,valid,6852,17.757624302126388,23.958247172053465,20.823436474436168,13.329916855499999,0.11975838820167994,2021-04-01,2024-03-31,2024-04-01,2024-09-30,2024-10-01,2024-12-31,,
naive_district_median,10,test,2204,17.35693909803108,23.406252307932903,21.080604571381105,12.956941662875003,0.1266255011791122,2021-04-01,2024-03-31,2024-04-01,2024-09-30,2024-10-01,2024-12-31,,
naive_district_building_type_median,10,train,35354,12.893355752388613,17.764275151124618,18.42372411975843,9.70603269387501,0.45224739657281876,2021-04-01,2024-03-31,2024-04-01,2024-09-30,2024-10-01,2024-12-31,,
naive_district_building_type_median,10,valid,6852,16.075222436359347,21.855346094019968,18.763838596936008,11.969999551125,0.2675007415203553,2021-04-01,2024-03-31,2024-04-01,2024-09-30,2024-10-01,2024-12-31,,
naive_district_building_type_median,10,test,2204,15.871362516221645,21.330137368019606,19.218278081480587,12.437024326999996,0.27468936179519043,2021-04-01,2024-03-31,2024-04-01,2024-09-30,2024-10-01,2024-12-31,,
ridge_regression,10,train,35354,11.412364424351392,15.219908056974102,16.884884486316523,8.955830014651177,0.5979190239703636,2021-04-01,2024-03-31,2024-04-01,2024-09-30,2024-10-01,2024-12-31,,
ridge_regression,10,valid,6852,12.600845387260428,16.7134681064851,16.10815458772116,9.947991910919658,0.5716241621650788,2021-04-01,2024-03-31,2024-04-01,2024-09-30,2024-10-01,2024-12-31,,
ridge_regression,10,test,2204,12.526394899269931,16.52642054444346,16.784233450092177,9.871372201240199,0.5645940670314964,2021-04-01,2024-03-31,2024-04-01,2024-09-30,2024-10-01,2024-12-31,,
tree_model,10,train,35354,7.6514900358481865,10.048256968398295,11.616319314893236,6.047783596413167,0.8247447916093436,2021-04-01,2024-03-31,2024-04-01,2024-09-30,2024-10-01,2024-12-31,lightgbm,cpu
tree_model,10,valid,6852,10.587201016989507,13.99450227405858,13.366350894495893,8.387057308029185,0.6996644601161437,2021-04-01,2024-03-31,2024-04-01,2024-09-30,2024-10-01,2024-12-31,lightgbm,cpu
tree_model,10,test,2204,10.933206867050203,14.44838379260804,14.403678173571654,8.59694456558994,0.6672061582329303,2021-04-01,2024-03-31,2024-04-01,2024-09-30,2024-10-01,2024-12-31,lightgbm,cpu
naive_global_median,11,train,36095,18.6558929602708,24.658959857492587,26.99639742512039,14.946115142000004,-0.023489754239925498,2021-07-01,2024-06-30,2024-07-01,2024-12-31,2025-01-01,2025-03-31,,
naive_global_median,11,valid,5031,20.68923189892556,27.67819454021032,25.136758292905824,16.073057248499993,-0.1825956657687995,2021-07-01,2024-06-30,2024-07-01,2024-12-31,2025-01-01,2025-03-31,,
naive_global_median,11,test,2098,21.370977304458535,27.959519830673372,25.704188833148528,16.771239040499992,-0.20813477139832037,2021-07-01,2024-06-30,2024-07-01,2024-12-31,2025-01-01,2025-03-31,,
naive_district_median,11,train,36095,14.77558889478712,19.774305695850796,20.879461397281187,11.66826402525001,0.34183242957423365,2021-07-01,2024-06-30,2024-07-01,2024-12-31,2025-01-01,2025-03-31,,
naive_district_median,11,valid,5031,17.59364620077728,23.80504500600373,20.923545529862448,13.11983421875,0.12522012791889103,2021-07-01,2024-06-30,2024-07-01,2024-12-31,2025-01-01,2025-03-31,,
naive_district_median,11,test,2098,17.487563179116183,23.2037056918217,20.747324008447627,13.464875528124992,0.16790930901850099,2021-07-01,2024-06-30,2024-07-01,2024-12-31,2025-01-01,2025-03-31,,
naive_district_building_type_median,11,train,36095,13.170894675977145,18.0768116925703,18.494400505634786,9.965950039499987,0.4499810404861887,2021-07-01,2024-06-30,2024-07-01,2024-12-31,2025-01-01,2025-03-31,,
naive_district_building_type_median,11,valid,5031,15.976501254676903,21.61773867752712,18.965229528123505,12.13702433825,0.27859143662460395,2021-07-01,2024-06-30,2024-07-01,2024-12-31,2025-01-01,2025-03-31,,
naive_district_building_type_median,11,test,2098,15.553822892848187,20.84646143653762,18.30946201182242,11.783553277125002,0.32838457829502943,2021-07-01,2024-06-30,2024-07-01,2024-12-31,2025-01-01,2025-03-31,,
ridge_regression,11,train,36095,11.525414303928363,15.357435845513951,16.779987224764735,9.046034818982257,0.603017454863715,2021-07-01,2024-06-30,2024-07-01,2024-12-31,2025-01-01,2025-03-31,,
ridge_regression,11,valid,5031,12.733419474826425,16.82013531375154,16.538675394083864,10.020140075956718,0.5632632494544514,2021-07-01,2024-06-30,2024-07-01,2024-12-31,2025-01-01,2025-03-31,,
ridge_regression,11,test,2098,12.284028961180942,15.941519214246139,16.317621354024233,9.983096257585053,0.6072507354092018,2021-07-01,2024-06-30,2024-07-01,2024-12-31,2025-01-01,2025-03-31,,
tree_model,11,train,36095,7.755267588916342,10.175593575153592,11.578418724662374,6.184240625379232,0.8257176139549636,2021-07-01,2024-06-30,2024-07-01,2024-12-31,2025-01-01,2025-03-31,lightgbm,cpu
tree_model,11,valid,5031,10.404853068689008,13.856569924106555,13.510693518966054,8.179424120474316,0.7036040648522859,2021-07-01,2024-06-30,2024-07-01,2024-12-31,2025-01-01,2025-03-31,lightgbm,cpu
tree_model,11,test,2098,10.6722583833907,14.169370158703492,13.792414457179344,8.359604712745174,0.6897176597380366,2021-07-01,2024-06-30,2024-07-01,2024-12-31,2025-01-01,2025-03-31,lightgbm,cpu
naive_global_median,12,train,35473,18.94583772840425,24.98003998738738,26.99499953264147,15.213553148500012,-0.023442558295442728,2021-10-01,2024-09-30,2024-10-01,2025-03-31,2025-04-01,2025-06-30,,
naive_global_median,12,valid,4302,20.41541209255834,26.941172684065872,25.51836258278057,16.024462209000006,-0.1376263242735103,2021-10-01,2024-09-30,2024-10-01,2025-03-31,2025-04-01,2025-06-30,,
naive_global_median,12,test,2307,20.949581764086695,27.950528236755396,25.736463091779427,16.389751451500004,-0.14852279767967258,2021-10-01,2024-09-30,2024-10-01,2025-03-31,2025-04-01,2025-06-30,,
naive_district_median,12,train,35473,15.107771066545583,20.183096582225833,21.031857295979766,11.951073932000007,0.33188255615142004,2021-10-01,2024-09-30,2024-10-01,2025-03-31,2025-04-01,2025-06-30,,
naive_district_median,12,valid,4302,16.977232939126687,22.615443467449666,20.804789737224148,13.049255709000011,0.19836465349729315,2021-10-01,2024-09-30,2024-10-01,2025-03-31,2025-04-01,2025-06-30,,
naive_district_median,12,test,2307,17.762162208676635,23.76998217668221,21.35836978085005,13.261487106000004,0.1693514863503196,2021-10-01,2024-09-30,2024-10-01,2025-03-31,2025-04-01,2025-06-30,,
naive_district_building_type_median,12,train,35473,13.449189490699911,18.41565850971172,18.57525449540514,10.192065733500002,0.44377344342004355,2021-10-01,2024-09-30,2024-10-01,2025-03-31,2025-04-01,2025-06-30,,
naive_district_building_type_median,12,valid,4302,15.144979971577813,20.305190858798763,18.434995932506748,11.660330141250007,0.3537794066122628,2021-10-01,2024-09-30,2024-10-01,2025-03-31,2025-04-01,2025-06-30,,
naive_district_building_type_median,12,test,2307,15.819325926494257,21.374099441107933,18.89068872299467,12.046611118499982,0.3283620439907592,2021-10-01,2024-09-30,2024-10-01,2025-03-31,2025-04-01,2025-06-30,,
ridge_regression,12,train,35473,11.667695385364587,15.530318982621365,16.743529021395872,9.132711042705886,0.6044166846899688,2021-10-01,2024-09-30,2024-10-01,2025-03-31,2025-04-01,2025-06-30,,
ridge_regression,12,valid,4302,12.335590043286055,16.13176400421839,16.582963633579276,9.734556892563326,0.5921219243064815,2021-10-01,2024-09-30,2024-10-01,2025-03-31,2025-04-01,2025-06-30,,
ridge_regression,12,test,2307,12.666246899776601,16.57554773570657,17.14291936912426,10.165615579906444,0.5960800005477249,2021-10-01,2024-09-30,2024-10-01,2025-03-31,2025-04-01,2025-06-30,,
tree_model,12,train,35473,7.845844887734343,10.304606057031597,11.52103674437363,6.238580621137189,0.8258433745967865,2021-10-01,2024-09-30,2024-10-01,2025-03-31,2025-04-01,2025-06-30,lightgbm,cpu
tree_model,12,valid,4302,10.370418825228256,13.816581689362033,13.825280098305528,8.099208332474497,0.7007956798386212,2021-10-01,2024-09-30,2024-10-01,2025-03-31,2025-04-01,2025-06-30,lightgbm,cpu
tree_model,12,test,2307,10.317753318324277,13.672358658855204,13.661538079472358,8.035630767833531,0.7251811834891493,2021-10-01,2024-09-30,2024-10-01,2025-03-31,2025-04-01,2025-06-30,lightgbm,cpu
naive_global_median,13,train,33657,19.06956782723756,25.077656764312838,27.01074291107831,15.332230830000007,-0.020915738850278753,2022-01-01,2024-12-31,2025-01-01,2025-06-30,2025-07-01,2025-09-30,,
naive_global_median,13,valid,4405,20.788896660402838,27.374964685103677,25.782674048229143,16.374544840499993,-0.12782137800167281,2022-01-01,2024-12-31,2025-01-01,2025-06-30,2025-07-01,2025-09-30,,
naive_global_median,13,test,2037,21.52017073029725,28.19103737866225,26.197614498736062,17.495867112500008,-0.15043893075567838,2022-01-01,2024-12-31,2025-01-01,2025-06-30,2025-07-01,2025-09-30,,
naive_district_median,13,train,33657,15.277572179139703,20.350421219169323,21.070533505211053,12.079999547,0.32770048665481777,2022-01-01,2024-12-31,2025-01-01,2025-06-30,2025-07-01,2025-09-30,,
naive_district_median,13,valid,4405,17.28333072775335,22.96152118915312,20.986235988044406,13.351404458000005,0.20652271217749074,2022-01-01,2024-12-31,2025-01-01,2025-06-30,2025-07-01,2025-09-30,,
naive_district_median,13,test,2037,17.513681187790382,23.33947692791431,20.868360431247055,13.400330075999989,0.2114600659027709,2022-01-01,2024-12-31,2025-01-01,2025-06-30,2025-07-01,2025-09-30,,
naive_district_building_type_median,13,train,33657,13.585154986067163,18.514067123361635,18.607813915309272,10.366776470749997,0.443558312327786,2022-01-01,2024-12-31,2025-01-01,2025-06-30,2025-07-01,2025-09-30,,
naive_district_building_type_median,13,valid,4405,15.218085188367198,20.46101960621955,18.344664913387437,11.64628055499999,0.36993155438895764,2022-01-01,2024-12-31,2025-01-01,2025-06-30,2025-07-01,2025-09-30,,
naive_district_building_type_median,13,test,2037,15.347227198267182,20.6212492422968,18.2281015292051,11.863140051000002,0.38443857286216265,2022-01-01,2024-12-31,2025-01-01,2025-06-30,2025-07-01,2025-09-30,,
ridge_regression,13,train,33657,11.72666107418159,15.594614321613136,16.662502450697577,9.175971055084787,0.6052107956791475,2022-01-01,2024-12-31,2025-01-01,2025-06-30,2025-07-01,2025-09-30,,
ridge_regression,13,valid,4405,12.454904761432678,16.213756020941215,16.920754742870876,10.153541762666052,0.6043597619571984,2022-01-01,2024-12-31,2025-01-01,2025-06-30,2025-07-01,2025-09-30,,
ridge_regression,13,test,2037,12.506429015434266,16.03163965859611,17.04904226107857,10.385250888557387,0.6279533997069346,2022-01-01,2024-12-31,2025-01-01,2025-06-30,2025-07-01,2025-09-30,,
tree_model,13,train,33657,7.893303263865555,10.378842971028773,11.478410246453972,6.253747316787283,0.8251305783235259,2022-01-01,2024-12-31,2025-01-01,2025-06-30,2025-07-01,2025-09-30,lightgbm,cpu
tree_model,13,valid,4405,10.415739686482393,13.83063034584341,13.631121517315531,8.197813025573822,0.7121162605768306,2022-01-01,2024-12-31,2025-01-01,2025-06-30,2025-07-01,2025-09-30,lightgbm,cpu
tree_model,13,test,2037,10.00639739370576,13.133602068319192,13.128558744352393,7.8164207196118625,0.7503053931672422,2022-01-01,2024-12-31,2025-01-01,2025-06-30,2025-07-01,2025-09-30,lightgbm,cpu
naive_global_median,14,train,32586,19.229918997988737,25.21909802011207,27.009450502688075,15.5024787575,-0.020890218327808796,2022-04-01,2025-03-31,2025-04-01,2025-09-30,2025-10-01,2025-12-31,,
naive_global_median,14,valid,4344,20.971993338628224,27.641244121140293,26.065193880194805,16.881321681000003,-0.11454495783949703,2022-04-01,2025-03-31,2025-04-01,2025-09-30,2025-10-01,2025-12-31,,
naive_global_median,14,test,1904,21.300343322356618,28.52200558303316,25.717850268627334,16.570247312499994,-0.13285961399531288,2022-04-01,2025-03-31,2025-04-01,2025-09-30,2025-10-01,2025-12-31,,
naive_district_median,14,train,32586,15.450548543510205,20.50330091539424,21.125619098292866,12.239090450124998,0.3252117454200343,2022-04-01,2025-03-31,2025-04-01,2025-09-30,2025-10-01,2025-12-31,,
naive_district_median,14,valid,4344,17.411146631072054,23.151886460711797,21.138122239302778,13.370825944874994,0.2180928467669656,2022-04-01,2025-03-31,2025-04-01,2025-09-30,2025-10-01,2025-12-31,,
naive_district_median,14,test,1904,17.750843576999078,24.001364035177872,20.942883708159858,13.275123469124992,0.19779046137370404,2022-04-01,2025-03-31,2025-04-01,2025-09-30,2025-10-01,2025-12-31,,
naive_district_building_type_median,14,train,32586,13.693279133544069,18.574511842360167,18.593737612636524,10.480495474749993,0.44619769235725915,2022-04-01,2025-03-31,2025-04-01,2025-09-30,2025-10-01,2025-12-31,,
naive_district_building_type_median,14,valid,4344,15.223947194044197,20.47761994218326,18.376884748626992,11.603801217750004,0.3882959229509878,2022-04-01,2025-03-31,2025-04-01,2025-09-30,2025-10-01,2025-12-31,,
naive_district_building_type_median,14,test,1904,15.61979488616544,21.505080281506068,18.34124248677705,11.555040889,0.3559818457390409,2022-04-01,2025-03-31,2025-04-01,2025-09-30,2025-10-01,2025-12-31,,
ridge_regression,14,train,32586,11.773541266591756,15.63940287670509,16.5883881616492,9.23478907130913,0.6073909754720705,2022-04-01,2025-03-31,2025-04-01,2025-09-30,2025-10-01,2025-12-31,,
ridge_regression,14,valid,4344,12.552419516610438,16.27384851285158,17.15028088060877,10.339862493237202,0.6136659771622464,2022-04-01,2025-03-31,2025-04-01,2025-09-30,2025-10-01,2025-12-31,,
ridge_regression,14,test,1904,12.826544286499304,16.714931677359566,17.17702231444949,10.288393861436987,0.6109322933712658,2022-04-01,2025-03-31,2025-04-01,2025-09-30,2025-10-01,2025-12-31,,
tree_model,14,train,32586,7.930250371539511,10.423969342101579,11.414856490620325,6.296274238519128,0.8255840514657012,2022-04-01,2025-03-31,2025-04-01,2025-09-30,2025-10-01,2025-12-31,lightgbm,cpu
tree_model,14,valid,4344,10.037194352036629,13.206329987297769,13.372323060923893,7.902868818994293,0.7455826598008505,2022-04-01,2025-03-31,2025-04-01,2025-09-30,2025-10-01,2025-12-31,lightgbm,cpu
tree_model,14,test,1904,10.382551344280506,13.855952691118542,13.642978684189785,8.038850058515429,0.7326447250336388,2022-04-01,2025-03-31,2025-04-01,2025-09-30,2025-10-01,2025-12-31,lightgbm,cpu
naive_global_median,15,train,32133,19.36547280542066,25.36848081265822,26.98222906838502,15.643966355499998,-0.02020161385373198,2022-07-01,2025-06-30,2025-07-01,2025-12-31,2026-01-01,2026-03-31,,
naive_global_median,15,valid,3941,21.180509836711366,27.960211252013256,26.06461631295961,16.891900192999998,-0.11045081582366323,2022-07-01,2025-06-30,2025-07-01,2025-12-31,2026-01-01,2026-03-31,,
naive_global_median,15,test,355,23.071174085360564,30.453104080552283,30.490371678208124,19.3021480365,-0.07994086687592117,2022-07-01,2025-06-30,2025-07-01,2025-12-31,2026-01-01,2026-03-31,,
naive_district_median,15,train,32133,15.645472667149535,20.728629998491872,21.195116918204796,12.399338377999996,0.3188570206914041,2022-07-01,2025-06-30,2025-07-01,2025-12-31,2026-01-01,2026-03-31,,
naive_district_median,15,valid,3941,17.40780258546759,23.28612937491117,20.904860935900437,13.204462314749989,0.22978310148663839,2022-07-01,2025-06-30,2025-07-01,2025-12-31,2026-01-01,2026-03-31,,
naive_district_median,15,test,355,18.526710049050003,25.130439672890375,23.557736219470968,14.445619293000007,0.26457732497319575,2022-07-01,2025-06-30,2025-07-01,2025-12-31,2026-01-01,2026-03-31,,
naive_district_building_type_median,15,train,32133,13.838984124666714,18.705372487343233,18.672312929350912,10.593057454000004,0.4453362196376349,2022-07-01,2025-06-30,2025-07-01,2025-12-31,2026-01-01,2026-03-31,,
naive_district_building_type_median,15,valid,3941,15.16456663225311,20.52937537874115,18.186626620425564,11.487933453500005,0.40135425165316707,2022-07-01,2025-06-30,2025-07-01,2025-12-31,2026-01-01,2026-03-31,,
naive_district_building_type_median,15,test,355,16.258352550595774,22.463507621191706,20.603704692773857,12.205288798499993,0.41238620236016543,2022-07-01,2025-06-30,2025-07-01,2025-12-31,2026-01-01,2026-03-31,,
ridge_regression,15,train,32133,11.875007776342542,15.75753407828668,16.595532358203755,9.349701730749999,0.6063832278656625,2022-07-01,2025-06-30,2025-07-01,2025-12-31,2026-01-01,2026-03-31,,
ridge_regression,15,valid,3941,12.570672798840391,16.274819036565905,16.947737800961406,10.206175279279933,0.6237723003022803,2022-07-01,2025-06-30,2025-07-01,2025-12-31,2026-01-01,2026-03-31,,
ridge_regression,15,test,355,13.809044529659047,18.212190054704482,20.061870997767432,10.741052798109095,0.6137564946213074,2022-07-01,2025-06-30,2025-07-01,2025-12-31,2026-01-01,2026-03-31,,
tree_model,15,train,32133,7.990795879968028,10.497172319880379,11.392380892294424,6.347688629324523,0.8253205810391717,2022-07-01,2025-06-30,2025-07-01,2025-12-31,2026-01-01,2026-03-31,lightgbm,cpu
tree_model,15,valid,3941,9.968191660924846,13.24436997861326,13.146949159893362,7.814522895882924,0.7508384412808652,2022-07-01,2025-06-30,2025-07-01,2025-12-31,2026-01-01,2026-03-31,lightgbm,cpu
tree_model,15,test,355,10.660706188858072,14.347446821922587,15.194976836988113,8.269544988526633,0.7602900342686068,2022-07-01,2025-06-30,2025-07-01,2025-12-31,2026-01-01,2026-03-31,lightgbm,cpu
