current_id,current_trade_date,candidate_rank,candidate_id,candidate_trade_date,similarity
RPUOMLMLJINFFDA08DA,2018-06-30,1,RPTOMLQLKINFFDA38CA,2018-06-03,0.97921735
RPOOMLOKJINFFDA57DA,2018-08-29,1,RPUOMLMLJINFFDA08DA,2018-06-30,0.9930176
RPOOMLOKJINFFDA57DA,2018-08-29,2,RPTOMLQLKINFFDA38CA,2018-06-03,0.9755377
RPPOMLOKJINFFDA67DA,2018-08-29,1,RPTOMLQLKINFFDA38CA,2018-06-03,0.9813399
RPPOMLOKJINFFDA67DA,2018-08-29,2,RPUOMLMLJINFFDA08DA,2018-06-30,0.9743323
RPSOMLRKKINFFDA28CA,2018-09-08,1,RPPOMLOKJINFFDA67DA,2018-08-29,0.9610863
RPSOMLRKKINFFDA28CA,2018-09-08,2,RPOOMLOKJINFFDA57DA,2018-08-29,0.95537657
RPSOMLRKKINFFDA28CA,2018-09-08,3,RPUOMLMLJINFFDA08DA,2018-06-30,0.9522533
RPRNMLMKKINFFDA57CA,2018-09-17,1,RPOOMLOKJINFFDA57DA,2018-08-29,0.98315406
RPRNMLMKKINFFDA57CA,2018-09-17,2,RPTOMLQLKINFFDA38CA,2018-06-03,0.9794703
RPRNMLMKKINFFDA57CA,2018-09-17,3,RPUOMLMLJINFFDA08DA,2018-06-30,0.97871053
RPUQMLOLKINFFDA58DA,2018-09-19,1,RPPOMLOKJINFFDA67DA,2018-08-29,0.9849744
RPUQMLOLKINFFDA58DA,2018-09-19,2,RPTOMLQLKINFFDA38CA,2018-06-03,0.9815034
RPUQMLOLKINFFDA58DA,2018-09-19,3,RPRNMLMKKINFFDA57CA,2018-09-17,0.9777479
RPWOMLOJJHOFFDA18CA,2018-09-23,1,RPRNMLMKKINFFDA57CA,2018-09-17,0.97393465
RPWOMLOJJHOFFDA18CA,2018-09-23,2,RPPOMLOKJINFFDA67DA,2018-08-29,0.96648824
RPWOMLOJJHOFFDA18CA,2018-09-23,3,RPTOMLQLKINFFDA38CA,2018-06-03,0.9651946
RPXOMLMKJINFFDA18CA,2018-10-01,1,RPWOMLOJJHOFFDA18CA,2018-09-23,0.98888403
RPXOMLMKJINFFDA18CA,2018-10-01,2,RPRNMLMKKINFFDA57CA,2018-09-17,0.9737356
RPXOMLMKJINFFDA18CA,2018-10-01,3,RPSOMLRKKINFFDA28CA,2018-09-08,0.967368
RPSNMLRKJINFFDA18DA,2018-10-02,1,RPUOMLMLJINFFDA08DA,2018-06-30,0.99348027
RPSNMLRKJINFFDA18DA,2018-10-02,2,RPOOMLOKJINFFDA57DA,2018-08-29,0.9901474
RPSNMLRKJINFFDA18DA,2018-10-02,3,RPTOMLQLKINFFDA38CA,2018-06-03,0.9813371
RPQPMLQKJINFFDA08DA,2018-10-07,1,RPRNMLMKKINFFDA57CA,2018-09-17,0.98952305
RPQPMLQKJINFFDA08DA,2018-10-07,2,RPOOMLOKJINFFDA57DA,2018-08-29,0.9868812
RPQPMLQKJINFFDA08DA,2018-10-07,3,RPTOMLQLKINFFDA38CA,2018-06-03,0.9842481
RPXOMLNLJINFFDA38CA,2018-10-15,1,RPUOMLMLJINFFDA08DA,2018-06-30,0.981959
RPXOMLNLJINFFDA38CA,2018-10-15,2,RPSNMLRKJINFFDA18DA,2018-10-02,0.9792484
RPXOMLNLJINFFDA38CA,2018-10-15,3,RPOOMLOKJINFFDA57DA,2018-08-29,0.97884446
RPPNMLPJKINFFDA57CA,2018-10-16,1,RPOOMLOKJINFFDA57DA,2018-08-29,0.9741547
RPPNMLPJKINFFDA57CA,2018-10-16,2,RPUOMLMLJINFFDA08DA,2018-06-30,0.9696269
RPPNMLPJKINFFDA57CA,2018-10-16,3,RPQPMLQKJINFFDA08DA,2018-10-07,0.9660193
RPOUMLNJKINFFDA97CA,2018-10-22,1,RPPOMLOKJINFFDA67DA,2018-08-29,0.988618
RPOUMLNJKINFFDA97CA,2018-10-22,2,RPUQMLOLKINFFDA58DA,2018-09-19,0.98802763
RPOUMLNJKINFFDA97CA,2018-10-22,3,RPTOMLQLKINFFDA38CA,2018-06-03,0.98347676
RPXOMLPJKINFFDA48CA,2018-10-26,1,RPWOMLOJJHOFFDA18CA,2018-09-23,0.97967
RPXOMLPJKINFFDA48CA,2018-10-26,2,RPXOMLNLJINFFDA38CA,2018-10-15,0.9790539
RPXOMLPJKINFFDA48CA,2018-10-26,3,RPOUMLNJKINFFDA97CA,2018-10-22,0.97789097
RPQNMLPJKINFFDA67CA,2018-11-01,1,RPOUMLNJKINFFDA97CA,2018-10-22,0.9614446
RPQNMLPJKINFFDA67CA,2018-11-01,2,RPQPMLQKJINFFDA08DA,2018-10-07,0.96006817
RPQNMLPJKINFFDA67CA,2018-11-01,3,RPRNMLMKKINFFDA57CA,2018-09-17,0.9583481
RPSNMLKLJINFFDA47CA,2018-11-02,1,RPPNMLPJKINFFDA57CA,2018-10-16,0.98461926
RPSNMLKLJINFFDA47CA,2018-11-02,2,RPOOMLOKJINFFDA57DA,2018-08-29,0.97913307
RPSNMLKLJINFFDA47CA,2018-11-02,3,RPUOMLMLJINFFDA08DA,2018-06-30,0.9700466
RPXOMLKLKINFFDA18CA,2018-11-04,1,RPUQMLOLKINFFDA58DA,2018-09-19,0.99170923
RPXOMLKLKINFFDA18CA,2018-11-04,2,RPPOMLOKJINFFDA67DA,2018-08-29,0.9883836
RPXOMLKLKINFFDA18CA,2018-11-04,3,RPOUMLNJKINFFDA97CA,2018-10-22,0.9844918
RPQNMLSJJHOFFDA87CA,2018-11-06,1,RPOOMLOKJINFFDA57DA,2018-08-29,0.9943042
RPQNMLSJJHOFFDA87CA,2018-11-06,2,RPUOMLMLJINFFDA08DA,2018-06-30,0.99196595
RPQNMLSJJHOFFDA87CA,2018-11-06,3,RPSNMLRKJINFFDA18DA,2018-10-02,0.9914666
RPOPMLPJKINFFDA67CA,2018-11-07,1,RPSOMLRKKINFFDA28CA,2018-09-08,0.96183777
RPOPMLPJKINFFDA67CA,2018-11-07,2,RPQNMLPJKINFFDA67CA,2018-11-01,0.96048623
RPOPMLPJKINFFDA67CA,2018-11-07,3,RPXOMLMKJINFFDA18CA,2018-10-01,0.9518082
RPVNMLMLKINFFDA08CA,2018-11-08,1,RPQNMLSJJHOFFDA87CA,2018-11-06,0.99422616
RPVNMLMLKINFFDA08CA,2018-11-08,2,RPOOMLOKJINFFDA57DA,2018-08-29,0.9919517
RPVNMLMLKINFFDA08CA,2018-11-08,3,RPUOMLMLJINFFDA08DA,2018-06-30,0.99185055
RPQNMLTJKINFFDA08CA,2018-11-11,1,RPQPMLQKJINFFDA08DA,2018-10-07,0.9797128
RPQNMLTJKINFFDA08CA,2018-11-11,2,RPOOMLOKJINFFDA57DA,2018-08-29,0.9790483
RPQNMLTJKINFFDA08CA,2018-11-11,3,RPRNMLMKKINFFDA57CA,2018-09-17,0.97783643
RPQOMLNKKINFFDA67CA,2018-11-12,1,RPPNMLPJKINFFDA57CA,2018-10-16,0.9882334
RPQOMLNKKINFFDA67CA,2018-11-12,2,RPSNMLKLJINFFDA47CA,2018-11-02,0.9823292
RPQOMLNKKINFFDA67CA,2018-11-12,3,RPSOMLRKKINFFDA28CA,2018-09-08,0.97449046
RPVOMLNKKINFFDA18CA,2018-11-15,1,RPXOMLNLJINFFDA38CA,2018-10-15,0.9818909
RPVOMLNKKINFFDA18CA,2018-11-15,2,RPWOMLOJJHOFFDA18CA,2018-09-23,0.9750758
RPVOMLNKKINFFDA18CA,2018-11-15,3,RPXOMLMKJINFFDA18CA,2018-10-01,0.97402793
RPOQMLNJJHOFFDA47CA,2018-11-16,1,RPOOMLOKJINFFDA57DA,2018-08-29,0.97368336
RPOQMLNJJHOFFDA47CA,2018-11-16,2,RPSNMLKLJINFFDA47CA,2018-11-02,0.96844983
RPOQMLNJJHOFFDA47CA,2018-11-16,3,RPQNMLSJJHOFFDA87CA,2018-11-06,0.96811104
RPQNMLRKKINFFDA97CA,2018-11-18,1,RPXOMLPJKINFFDA48CA,2018-10-26,0.9889991
RPQNMLRKKINFFDA97CA,2018-11-18,2,RPXOMLNLJINFFDA38CA,2018-10-15,0.9802516
RPQNMLRKKINFFDA97CA,2018-11-18,3,RPXOMLKLKINFFDA18CA,2018-11-04,0.9799292
RPRQMLQKJHOFFDA28DA,2018-11-21,1,RPSNMLRKJINFFDA18DA,2018-10-02,0.98855644
RPRQMLQKJHOFFDA28DA,2018-11-21,2,RPUOMLMLJINFFDA08DA,2018-06-30,0.9884247
RPRQMLQKJHOFFDA28DA,2018-11-21,3,RPVNMLMLKINFFDA08CA,2018-11-08,0.98805505
RPWPMLSLKINFFDA98CA,2018-11-25,1,RPQPMLQKJINFFDA08DA,2018-10-07,0.98499906
RPWPMLSLKINFFDA98CA,2018-11-25,2,RPRNMLMKKINFFDA57CA,2018-09-17,0.98380584
RPWPMLSLKINFFDA98CA,2018-11-25,3,RPPOMLOKJINFFDA67DA,2018-08-29,0.98328733
RPOPMLOKKINFFDA67CA,2018-11-27,1,RPXOMLMKJINFFDA18CA,2018-10-01,0.98325217
RPOPMLOKKINFFDA67CA,2018-11-27,2,RPWOMLOJJHOFFDA18CA,2018-09-23,0.9734403
RPOPMLOKKINFFDA67CA,2018-11-27,3,RPQNMLTJKINFFDA08CA,2018-11-11,0.97290593
RPXNMLPLKINFFDA58CA,2018-11-27,1,RPQNMLRKKINFFDA97CA,2018-11-18,0.9771693
RPXNMLPLKINFFDA58CA,2018-11-27,2,RPXOMLKLKINFFDA18CA,2018-11-04,0.9746937
RPXNMLPLKINFFDA58CA,2018-11-27,3,RPXOMLPJKINFFDA48CA,2018-10-26,0.97322744
RPWOMLQKJHOFFDA48CA,2018-11-30,1,RPQPMLQKJINFFDA08DA,2018-10-07,0.9750865
RPWOMLQKJHOFFDA48CA,2018-11-30,2,RPPNMLPJKINFFDA57CA,2018-10-16,0.9725335
RPWOMLQKJHOFFDA48CA,2018-11-30,3,RPSNMLKLJINFFDA47CA,2018-11-02,0.9718592
RPQPMLPLJHOFFDA97CA,2018-12-03,1,RPQPMLQKJINFFDA08DA,2018-10-07,0.9850705
RPQPMLPLJHOFFDA97CA,2018-12-03,2,RPRNMLMKKINFFDA57CA,2018-09-17,0.98276293
RPQPMLPLJHOFFDA97CA,2018-12-03,3,RPQNMLTJKINFFDA08CA,2018-11-11,0.97960913
RPUOMLQKJHOFFDA28CA,2018-12-09,1,RPQPMLQKJINFFDA08DA,2018-10-07,0.9860377
RPUOMLQKJHOFFDA28CA,2018-12-09,2,RPRNMLMKKINFFDA57CA,2018-09-17,0.98330283
RPUOMLQKJHOFFDA28CA,2018-12-09,3,RPUOMLMLJINFFDA08DA,2018-06-30,0.98233813
RPPOMLPKKHOFFDA77CA,2018-12-14,1,RPXOMLNLJINFFDA38CA,2018-10-15,0.9784557
RPPOMLPKKHOFFDA77CA,2018-12-14,2,RPOPMLOKKINFFDA67CA,2018-11-27,0.9770445
RPPOMLPKKHOFFDA77CA,2018-12-14,3,RPQNMLTJKINFFDA08CA,2018-11-11,0.9767653
RPQOMLPKKHOFFDA87CA,2018-12-14,1,RPVOMLNKKINFFDA18CA,2018-11-15,0.97602415
RPQOMLPKKHOFFDA87CA,2018-12-14,2,RPOPMLOKKINFFDA67CA,2018-11-27,0.97526926
RPQOMLPKKHOFFDA87CA,2018-12-14,3,RPXOMLNLJINFFDA38CA,2018-10-15,0.9744407
RPVNMLPLJHOFFDA28CA,2018-12-15,1,RPSNMLKLJINFFDA47CA,2018-11-02,0.9715769
RPVNMLPLJHOFFDA28CA,2018-12-15,2,RPPNMLPJKINFFDA57CA,2018-10-16,0.9632664
RPVNMLPLJHOFFDA28CA,2018-12-15,3,RPSOMLRKKINFFDA28CA,2018-09-08,0.9595191
RPSPMLLLJHOFFDA77CA,2018-12-18,1,RPOOMLOKJINFFDA57DA,2018-08-29,0.9936925
RPSPMLLLJHOFFDA77CA,2018-12-18,2,RPUOMLMLJINFFDA08DA,2018-06-30,0.98952913
RPSPMLLLJHOFFDA77CA,2018-12-18,3,RPQNMLSJJHOFFDA87CA,2018-11-06,0.9893658
RPVOMLLMJHOFFDA08CA,2018-12-21,1,RPUQMLOLKINFFDA58DA,2018-09-19,0.9908635
RPVOMLLMJHOFFDA08CA,2018-12-21,2,RPXOMLKLKINFFDA18CA,2018-11-04,0.990608
RPVOMLLMJHOFFDA08CA,2018-12-21,3,RPOUMLNJKINFFDA97CA,2018-10-22,0.9864878
RPROMLSKKHOFFDA28CA,2018-12-21,1,RPSNMLRKJINFFDA18DA,2018-10-02,0.9818694
RPROMLSKKHOFFDA28CA,2018-12-21,2,RPUOMLMLJINFFDA08DA,2018-06-30,0.98165864
RPROMLSKKHOFFDA28CA,2018-12-21,3,RPOOMLOKJINFFDA57DA,2018-08-29,0.9797414
RPOPMLLLKHOFFDA47CA,2018-12-24,1,RPQPMLQKJINFFDA08DA,2018-10-07,0.9866294
RPOPMLLLKHOFFDA47CA,2018-12-24,2,RPUOMLQKJHOFFDA28CA,2018-12-09,0.98609203
RPOPMLLLKHOFFDA47CA,2018-12-24,3,RPWPMLSLKINFFDA98CA,2018-11-25,0.9857117
RPQPMLMKLHOFFDA77CA,2018-12-28,1,RPSOMLRKKINFFDA28CA,2018-09-08,0.9784261
RPQPMLMKLHOFFDA77CA,2018-12-28,2,RPUQMLOLKINFFDA58DA,2018-09-19,0.9666123
RPQPMLMKLHOFFDA77CA,2018-12-28,3,RPXNMLPLKINFFDA58CA,2018-11-27,0.96515197
RPROMLSJJHOFFDA08CA,2019-01-04,1,RPXOMLMKJINFFDA18CA,2018-10-01,0.9811444
RPROMLSJJHOFFDA08CA,2019-01-04,2,RPSOMLRKKINFFDA28CA,2018-09-08,0.97894883
RPROMLSJJHOFFDA08CA,2019-01-04,3,RPWOMLOJJHOFFDA18CA,2018-09-23,0.9779258
RPOPMLPKLHOFFDA87CA,2019-01-06,1,RPUOMLQKJHOFFDA28CA,2018-12-09,0.9917102
RPOPMLPKLHOFFDA87CA,2019-01-06,2,RPQPMLQKJINFFDA08DA,2018-10-07,0.986655
RPOPMLPKLHOFFDA87CA,2019-01-06,3,RPOPMLLLKHOFFDA47CA,2018-12-24,0.9824222
RPUNMLTJLHOFFDA68DA,2019-01-13,1,RPPOMLOKJINFFDA67DA,2018-08-29,0.99035513
RPUNMLTJLHOFFDA68DA,2019-01-13,2,RPOUMLNJKINFFDA97CA,2018-10-22,0.9899735
RPUNMLTJLHOFFDA68DA,2019-01-13,3,RPUQMLOLKINFFDA58DA,2018-09-19,0.9887453
RPRPMLOJLHOFFDA08DA,2019-01-18,1,RPSNMLRKJINFFDA18DA,2018-10-02,0.9932742
RPRPMLOJLHOFFDA08DA,2019-01-18,2,RPUOMLMLJINFFDA08DA,2018-06-30,0.99211663
RPRPMLOJLHOFFDA08DA,2019-01-18,3,RPRQMLQKJHOFFDA28DA,2018-11-21,0.99149805
RPSOMLLLLHOFFDA87CA,2019-01-20,1,RPXOMLPJKINFFDA48CA,2018-10-26,0.98987454
RPSOMLLLLHOFFDA87CA,2019-01-20,2,RPQNMLRKKINFFDA97CA,2018-11-18,0.9877777
RPSOMLLLLHOFFDA87CA,2019-01-20,3,RPXOMLNLJINFFDA38CA,2018-10-15,0.98539126
RPSNMLOKLHOFFDA97CA,2019-01-30,1,RPPOMLOKJINFFDA67DA,2018-08-29,0.9898578
RPSNMLOKLHOFFDA97CA,2019-01-30,2,RPOUMLNJKINFFDA97CA,2018-10-22,0.9885827
RPSNMLOKLHOFFDA97CA,2019-01-30,3,RPXOMLKLKINFFDA18CA,2018-11-04,0.9854367
RPSOMLKKMHOFFDA87DA,2019-02-12,1,RPPNMLPJKINFFDA57CA,2018-10-16,0.9787776
RPSOMLKKMHOFFDA87DA,2019-02-12,2,RPSNMLKLJINFFDA47CA,2018-11-02,0.9745805
RPSOMLKKMHOFFDA87DA,2019-02-12,3,RPOOMLOKJINFFDA57DA,2018-08-29,0.9712158
RPTOMLSJMHOFFDA58CA,2019-02-16,1,RPVOMLLMJHOFFDA08CA,2018-12-21,0.98799706
RPTOMLSJMHOFFDA58CA,2019-02-16,2,RPOUMLNJKINFFDA97CA,2018-10-22,0.985728
RPTOMLSJMHOFFDA58CA,2019-02-16,3,RPUQMLOLKINFFDA58DA,2018-09-19,0.98523194
RPPNMLRLLHOFFDA08CA,2019-02-17,1,RPXOMLKLKINFFDA18CA,2018-11-04,0.97837555
RPPNMLRLLHOFFDA08CA,2019-02-17,2,RPPOMLOKJINFFDA67DA,2018-08-29,0.9742134
RPPNMLRLLHOFFDA08CA,2019-02-17,3,RPQPMLMKLHOFFDA77CA,2018-12-28,0.97416574
RPSNMLTKLHOFFDA48CA,2019-02-25,1,RPWPMLSLKINFFDA98CA,2018-11-25,0.977141
RPSNMLTKLHOFFDA48CA,2019-02-25,2,RPSOMLLLLHOFFDA87CA,2019-01-20,0.9758743
RPSNMLTKLHOFFDA48CA,2019-02-25,3,RPXOMLMKJINFFDA18CA,2018-10-01,0.97422945
RPVOMLNKNHOFFDA48CA,2019-02-25,1,RPSNMLKLJINFFDA47CA,2018-11-02,0.9901514
RPVOMLNKNHOFFDA48CA,2019-02-25,2,RPPNMLPJKINFFDA57CA,2018-10-16,0.9805195
RPVOMLNKNHOFFDA48CA,2019-02-25,3,RPQOMLNKKINFFDA67CA,2018-11-12,0.97952163
RPUNMLMJNHOFFDA08CA,2019-03-01,1,RPOQMLNJJHOFFDA47CA,2018-11-16,0.9884859
RPUNMLMJNHOFFDA08CA,2019-03-01,2,RPROMLSKKHOFFDA28CA,2018-12-21,0.98123425
RPUNMLMJNHOFFDA08CA,2019-03-01,3,RPSPMLLLJHOFFDA77CA,2018-12-18,0.97590923
RPTNMLTJMHOFFDA58CA,2019-03-06,1,RPVNMLPLJHOFFDA28CA,2018-12-15,0.976713
RPTNMLTJMHOFFDA58CA,2019-03-06,2,RPROMLSJJHOFFDA08CA,2019-01-04,0.97455686
RPTNMLTJMHOFFDA58CA,2019-03-06,3,RPSOMLRKKINFFDA28CA,2018-09-08,0.97276986
RPSOMLKMMHOFFDA97CA,2019-03-08,1,RPQNMLSJJHOFFDA87CA,2018-11-06,0.9963826
RPSOMLKMMHOFFDA97CA,2019-03-08,2,RPVNMLMLKINFFDA08CA,2018-11-08,0.99533975
RPSOMLKMMHOFFDA97CA,2019-03-08,3,RPOOMLOKJINFFDA57DA,2018-08-29,0.99263203
RPXNMLLKMHOFFDA28CA,2019-03-11,1,RPUNMLTJLHOFFDA68DA,2019-01-13,0.99272627
RPXNMLLKMHOFFDA28CA,2019-03-11,2,RPWPMLSLKINFFDA98CA,2018-11-25,0.98943317
RPXNMLLKMHOFFDA28CA,2019-03-11,3,RPRNMLMKKINFFDA57CA,2018-09-17,0.98780364
RPQNMLPLMHOFFDA08CA,2019-03-15,1,RPQPMLMKLHOFFDA77CA,2018-12-28,0.9799615
RPQNMLPLMHOFFDA08CA,2019-03-15,2,RPSOMLRKKINFFDA28CA,2018-09-08,0.97551656
RPQNMLPLMHOFFDA08CA,2019-03-15,3,RPXOMLPJKINFFDA48CA,2018-10-26,0.9732617
RPPPMLOLNHOFFDA28DA,2019-03-16,1,RPSOMLKMMHOFFDA97CA,2019-03-08,0.98456573
RPPPMLOLNHOFFDA28DA,2019-03-16,2,RPQNMLSJJHOFFDA87CA,2018-11-06,0.98243165
RPPPMLOLNHOFFDA28DA,2019-03-16,3,RPVNMLMLKINFFDA08CA,2018-11-08,0.98149073
RPQOMLSLQHOFFDA88CA,2019-03-16,1,RPOOMLOKJINFFDA57DA,2018-08-29,0.9889394
RPQOMLSLQHOFFDA88CA,2019-03-16,2,RPSOMLKMMHOFFDA97CA,2019-03-08,0.9883578
RPQOMLSLQHOFFDA88CA,2019-03-16,3,RPVNMLMLKINFFDA08CA,2018-11-08,0.9861981
RPUOMLKMNHOFFDA28CA,2019-03-17,1,RPUQMLOLKINFFDA58DA,2018-09-19,0.9873291
RPUOMLKMNHOFFDA28CA,2019-03-17,2,RPXOMLKLKINFFDA18CA,2018-11-04,0.9862075
RPUOMLKMNHOFFDA28CA,2019-03-17,3,RPVOMLLMJHOFFDA08CA,2018-12-21,0.98420906
RPSNMLQJNHOFFDA28CA,2019-03-17,1,RPRNMLMKKINFFDA57CA,2018-09-17,0.98093903
RPSNMLQJNHOFFDA28CA,2019-03-17,2,RPOPMLLLKHOFFDA47CA,2018-12-24,0.9794136
RPSNMLQJNHOFFDA28CA,2019-03-17,3,RPQPMLPLJHOFFDA97CA,2018-12-03,0.9778498
RPOOMLLJNHOFFDA47CA,2019-03-18,1,RPPNMLRLLHOFFDA08CA,2019-02-17,0.9791233
RPOOMLLJNHOFFDA47CA,2019-03-18,2,RPPOMLOKJINFFDA67DA,2018-08-29,0.978103
RPOOMLLJNHOFFDA47CA,2019-03-18,3,RPQPMLMKLHOFFDA77CA,2018-12-28,0.9746287
RPUPMLTLMHOFFDA09CA,2019-03-19,1,RPTOMLQLKINFFDA38CA,2018-06-03,0.99320114
RPUPMLTLMHOFFDA09CA,2019-03-19,2,RPXOMLKLKINFFDA18CA,2018-11-04,0.9879303
RPUPMLTLMHOFFDA09CA,2019-03-19,3,RPTOMLSJMHOFFDA58CA,2019-02-16,0.98718286
RPWPMLTKMHOFFDA56CA,2019-03-23,1,RPWOMLQKJHOFFDA48CA,2018-11-30,0.9917272
RPWPMLTKMHOFFDA56CA,2019-03-23,2,RPQPMLQKJINFFDA08DA,2018-10-07,0.97638845
RPWPMLTKMHOFFDA56CA,2019-03-23,3,RPSNMLKLJINFFDA47CA,2018-11-02,0.97604835
RPWNMLLJNHOFFDA18CA,2019-03-24,1,RPUNMLTJLHOFFDA68DA,2019-01-13,0.98857397
RPWNMLLJNHOFFDA18CA,2019-03-24,2,RPOUMLNJKINFFDA97CA,2018-10-22,0.9883425
RPWNMLLJNHOFFDA18CA,2019-03-24,3,RPUOMLKMNHOFFDA28CA,2019-03-17,0.9874431
RPXQMLLLOHOFFDA98DA,2019-03-26,1,RPOPMLLLKHOFFDA47CA,2018-12-24,0.9924411
RPXQMLLLOHOFFDA98DA,2019-03-26,2,RPOPMLPKLHOFFDA87CA,2019-01-06,0.98533005
RPXQMLLLOHOFFDA98DA,2019-03-26,3,RPQPMLQKJINFFDA08DA,2018-10-07,0.9852911
RPOPMLMJNHOFFDA77DA,2019-04-03,1,RPVOMLLMJHOFFDA08CA,2018-12-21,0.990768
RPOPMLMJNHOFFDA77DA,2019-04-03,2,RPUPMLTLMHOFFDA09CA,2019-03-19,0.98934716
RPOPMLMJNHOFFDA77DA,2019-04-03,3,RPTOMLSJMHOFFDA58CA,2019-02-16,0.98646486
RPRNMLOLNHOFFDA18CA,2019-04-11,1,RPSNMLKLJINFFDA47CA,2018-11-02,0.9707983
RPRNMLOLNHOFFDA18CA,2019-04-11,2,RPQOMLSLQHOFFDA88CA,2019-03-16,0.96141386
RPRNMLOLNHOFFDA18CA,2019-04-11,3,RPPNMLPJKINFFDA57CA,2018-10-16,0.96140534
RPUOMLLMNHOFFDA48DA,2019-04-14,1,RPPNMLPJKINFFDA57CA,2018-10-16,0.9773795
RPUOMLLMNHOFFDA48DA,2019-04-14,2,RPSNMLKLJINFFDA47CA,2018-11-02,0.97563535
RPUOMLLMNHOFFDA48DA,2019-04-14,3,RPSOMLKKMHOFFDA87DA,2019-02-12,0.9754441
