id,trade_date,district,building_type,text_representation
RPROMLSJJHOFFDA08CA,2019-01-04,南港區,公寓(5樓含以下無電梯),"行政區：南港區
建物型態：公寓(5樓含以下無電梯)
主要建材：鋼筋混凝土造
屋齡：43.88 年
建物坪數：21.86 坪
主建物坪數：21.86 坪
樓層：2 / 4
樓層比例：0.50
格局：2 房 1 廳 1 衛
車位：無
車位面積：0.00
管理組織：無
電梯：缺失
房屋狀態備註標記：1
裝潢標記：0
廣泛備註標記：1"
RPXOMLLMJHOFFEA48DA,2019-01-02,士林區,華廈(10層含以下有電梯),"行政區：士林區
建物型態：華廈(10層含以下有電梯)
主要建材：鋼筋混凝土造
屋齡：34.68 年
建物坪數：44.20 坪
主建物坪數：33.48 坪
樓層：4 / 5
樓層比例：0.80
格局：3 房 2 廳 2 衛
車位：無
車位面積：0.00
管理組織：無
電梯：缺失
房屋狀態備註標記：0
裝潢標記：0
廣泛備註標記：0"
RPPPMLPLJHOFFEA08DA,2019-01-02,士林區,公寓(5樓含以下無電梯),"行政區：士林區
建物型態：公寓(5樓含以下無電梯)
主要建材：鋼筋混凝土造
屋齡：37.80 年
建物坪數：9.44 坪
主建物坪數：8.13 坪
樓層：4 / 5
樓層比例：0.80
格局：3 房 2 廳 2 衛
車位：無
車位面積：0.00
管理組織：無
電梯：缺失
房屋狀態備註標記：0
裝潢標記：0
廣泛備註標記：0"
RPWNMLPKJHOFFAA97CA,2019-01-01,文山區,套房(1房1廳1衛),"行政區：文山區
建物型態：套房(1房1廳1衛)
主要建材：鋼筋混凝土造
屋齡：10.61 年
建物坪數：9.19 坪
主建物坪數：5.12 坪
樓層：3 / 10
樓層比例：0.30
格局：1 房 1 廳 1 衛
車位：無
車位面積：0.00
管理組織：有
電梯：缺失
房屋狀態備註標記：0
裝潢標記：0
廣泛備註標記：0"
RPWOMLPLJHOFFEA58CA,2019-01-03,北投區,華廈(10層含以下有電梯),"行政區：北投區
建物型態：華廈(10層含以下有電梯)
主要建材：鋼筋混凝土造
屋齡：4.58 年
建物坪數：28.26 坪
主建物坪數：12.44 坪
樓層：7 / 9
樓層比例：0.78
格局：2 房 1 廳 2 衛
車位：有
車位面積：11.59
管理組織：無
電梯：缺失
房屋狀態備註標記：0
裝潢標記：0
廣泛備註標記：0"
RPQNMLTKJHOFFAA77CA,2019-01-04,文山區,公寓(5樓含以下無電梯),"行政區：文山區
建物型態：公寓(5樓含以下無電梯)
主要建材：加強磚造
屋齡：缺失 年
建物坪數：17.25 坪
主建物坪數：17.25 坪
樓層：2 / 4
樓層比例：0.50
格局：2 房 2 廳 1 衛
車位：無
車位面積：0.00
管理組織：無
電梯：缺失
房屋狀態備註標記：0
裝潢標記：0
廣泛備註標記：0"
RPVPMLPKJHOFFCA28CA,2019-01-04,中山區,套房(1房1廳1衛),"行政區：中山區
建物型態：套房(1房1廳1衛)
主要建材：鋼筋混凝土造
屋齡：11.26 年
建物坪數：12.76 坪
主建物坪數：7.85 坪
樓層：3 / 12
樓層比例：0.25
格局：1 房 1 廳 1 衛
車位：無
車位面積：0.00
管理組織：有
電梯：缺失
房屋狀態備註標記：0
裝潢標記：0
廣泛備註標記：0"
RPSOMLSLJHOFFAA08CA,2019-01-07,中正區,住宅大樓(11層含以上有電梯),"行政區：中正區
建物型態：住宅大樓(11層含以上有電梯)
主要建材：鋼筋混凝土造
屋齡：0.39 年
建物坪數：29.35 坪
主建物坪數：15.24 坪
樓層：8 / 12
樓層比例：0.67
格局：1 房 2 廳 2 衛
車位：有
車位面積：6.87
管理組織：有
電梯：缺失
房屋狀態備註標記：0
裝潢標記：0
廣泛備註標記：0"
RPWOMLOLJHOFFEA48CA,2019-01-02,士林區,公寓(5樓含以下無電梯),"行政區：士林區
建物型態：公寓(5樓含以下無電梯)
主要建材：鋼筋混凝土造
屋齡：42.26 年
建物坪數：29.91 坪
主建物坪數：25.54 坪
樓層：1 / 4
樓層比例：0.25
格局：3 房 2 廳 1 衛
車位：無
車位面積：0.00
管理組織：無
電梯：缺失
房屋狀態備註標記：1
裝潢標記：0
廣泛備註標記：0"
RPOOMLPLJHOFFEA77CA,2019-01-01,北投區,華廈(10層含以下有電梯),"行政區：北投區
建物型態：華廈(10層含以下有電梯)
主要建材：鋼筋混凝土造
屋齡：6.44 年
建物坪數：38.71 坪
主建物坪數：17.79 坪
樓層：2 / 5
樓層比例：0.40
格局：3 房 2 廳 2 衛
車位：有
車位面積：0.00
管理組織：有
電梯：缺失
房屋狀態備註標記：1
裝潢標記：0
廣泛備註標記：0"
RPTOMLTLJHOFFEA68CA,2019-01-08,北投區,套房(1房1廳1衛),"行政區：北投區
建物型態：套房(1房1廳1衛)
主要建材：鋼筋混凝土造
屋齡：40.76 年
建物坪數：14.24 坪
主建物坪數：11.64 坪
樓層：1 / 8
樓層比例：0.12
格局：1 房 1 廳 1 衛
車位：無
車位面積：0.00
管理組織：有
電梯：缺失
房屋狀態備註標記：0
裝潢標記：0
廣泛備註標記：0"
RPUNMLSKJHOFFBA18CA,2019-01-02,萬華區,公寓(5樓含以下無電梯),"行政區：萬華區
建物型態：公寓(5樓含以下無電梯)
主要建材：加強磚造
屋齡：50.04 年
建物坪數：23.78 坪
主建物坪數：21.80 坪
樓層：2 / 4
樓層比例：0.50
格局：0 房 0 廳 0 衛
車位：無
車位面積：0.00
管理組織：無
電梯：缺失
房屋狀態備註標記：0
裝潢標記：0
廣泛備註標記：0"
RPOOMLPLJHOFFAA37CA,2019-01-02,中正區,住宅大樓(11層含以上有電梯),"行政區：中正區
建物型態：住宅大樓(11層含以上有電梯)
主要建材：鋼筋混凝土造
屋齡：6.43 年
建物坪數：54.62 坪
主建物坪數：32.51 坪
樓層：13 / 15
樓層比例：0.87
格局：3 房 2 廳 2 衛
車位：有
車位面積：0.00
管理組織：有
電梯：缺失
房屋狀態備註標記：0
裝潢標記：0
廣泛備註標記：0"
RPVPMLSKJHOFFEA88DA,2019-01-08,士林區,公寓(5樓含以下無電梯),"行政區：士林區
建物型態：公寓(5樓含以下無電梯)
主要建材：鋼筋混凝土造
屋齡：39.27 年
建物坪數：32.91 坪
主建物坪數：27.94 坪
樓層：5 / 5
樓層比例：1.00
格局：3 房 2 廳 2 衛
車位：無
車位面積：0.00
管理組織：無
電梯：缺失
房屋狀態備註標記：1
裝潢標記：0
廣泛備註標記：0"
RPTSMLMLJHOFFCA18CA,2019-01-06,中山區,套房(1房1廳1衛),"行政區：中山區
建物型態：套房(1房1廳1衛)
主要建材：鋼筋混凝土造
屋齡：37.25 年
建物坪數：11.07 坪
主建物坪數：7.98 坪
樓層：11 / 12
樓層比例：0.92
格局：1 房 1 廳 1 衛
車位：無
車位面積：0.00
管理組織：有
電梯：缺失
房屋狀態備註標記：0
裝潢標記：0
廣泛備註標記：0"
RPOOMLSLLHOFFEA38DA,2019-01-10,北投區,公寓(5樓含以下無電梯),"行政區：北投區
建物型態：公寓(5樓含以下無電梯)
主要建材：鋼筋混凝土造
屋齡：23.55 年
建物坪數：62.94 坪
主建物坪數：30.69 坪
樓層：3 / 10
樓層比例：0.30
格局：4 房 2 廳 2 衛
車位：有
車位面積：0.00
管理組織：有
電梯：缺失
房屋狀態備註標記：0
裝潢標記：0
廣泛備註標記：0"
RPRTMLSLJHOFFCA78DA,2019-01-07,中山區,住宅大樓(11層含以上有電梯),"行政區：中山區
建物型態：住宅大樓(11層含以上有電梯)
主要建材：鋼筋混凝土造
屋齡：34.28 年
建物坪數：26.66 坪
主建物坪數：20.87 坪
樓層：8 / 13
樓層比例：0.62
格局：3 房 2 廳 2 衛
車位：無
車位面積：0.00
管理組織：有
電梯：缺失
房屋狀態備註標記：0
裝潢標記：0
廣泛備註標記：0"
RPTNMLLLJHOFFBA47CA,2019-01-03,中正區,華廈(10層含以下有電梯),"行政區：中正區
建物型態：華廈(10層含以下有電梯)
主要建材：鋼筋混凝土造
屋齡：42.51 年
建物坪數：57.46 坪
主建物坪數：46.34 坪
樓層：7 / 7
樓層比例：1.00
格局：0 房 0 廳 0 衛
車位：無
車位面積：0.00
管理組織：無
電梯：缺失
房屋狀態備註標記：0
裝潢標記：0
廣泛備註標記：0"
RPTPMLTKJHOFFCA48CA,2019-01-07,內湖區,華廈(10層含以下有電梯),"行政區：內湖區
建物型態：華廈(10層含以下有電梯)
主要建材：鋼筋混凝土造
屋齡：24.02 年
建物坪數：33.68 坪
主建物坪數：23.31 坪
樓層：3 / 8
樓層比例：0.38
格局：3 房 2 廳 1 衛
車位：無
車位面積：0.00
管理組織：有
電梯：缺失
房屋狀態備註標記：0
裝潢標記：0
廣泛備註標記：0"
RPSNMLLLJHOFFAA27CA,2019-01-02,文山區,華廈(10層含以下有電梯),"行政區：文山區
建物型態：華廈(10層含以下有電梯)
主要建材：鋼筋混凝土造
屋齡：2.38 年
建物坪數：20.48 坪
主建物坪數：10.25 坪
樓層：7 / 8
樓層比例：0.88
格局：1 房 2 廳 1 衛
車位：無
車位面積：0.00
管理組織：有
電梯：缺失
房屋狀態備註標記：0
裝潢標記：0
廣泛備註標記：0"
RPPNMLLLJHOFFBA07CA,2019-01-06,中正區,華廈(10層含以下有電梯),"行政區：中正區
建物型態：華廈(10層含以下有電梯)
主要建材：鋼筋混凝土造
屋齡：22.37 年
建物坪數：18.56 坪
主建物坪數：6.00 坪
樓層：3 / 9
樓層比例：0.33
格局：2 房 1 廳 1 衛
車位：有
車位面積：15.13
管理組織：有
電梯：缺失
房屋狀態備註標記：1
裝潢標記：0
廣泛備註標記：0"
RPXOMLLLJHOFFEA28CA,2019-01-10,北投區,公寓(5樓含以下無電梯),"行政區：北投區
建物型態：公寓(5樓含以下無電梯)
主要建材：鋼筋混凝土造
屋齡：39.90 年
建物坪數：20.38 坪
主建物坪數：19.24 坪
樓層：5 / 5
樓層比例：1.00
格局：3 房 2 廳 1 衛
車位：無
車位面積：0.00
管理組織：無
電梯：缺失
房屋狀態備註標記：1
裝潢標記：0
廣泛備註標記：0"
RPQNMLTLJHOFFEA28CA,2019-01-03,北投區,公寓(5樓含以下無電梯),"行政區：北投區
建物型態：公寓(5樓含以下無電梯)
主要建材：鋼筋混凝土造
屋齡：31.66 年
建物坪數：28.07 坪
主建物坪數：22.62 坪
樓層：2 / 5
樓層比例：0.40
格局：3 房 2 廳 1 衛
車位：無
車位面積：0.00
管理組織：無
電梯：缺失
房屋狀態備註標記：0
裝潢標記：0
廣泛備註標記：0"
RPVNMLMLJHOFFCA87CA,2019-01-04,中山區,套房(1房1廳1衛),"行政區：中山區
建物型態：套房(1房1廳1衛)
主要建材：鋼筋混凝土造
屋齡：23.37 年
建物坪數：11.95 坪
主建物坪數：8.72 坪
樓層：5 / 9
樓層比例：0.56
格局：0 房 0 廳 0 衛
車位：無
車位面積：0.00
管理組織：有
電梯：缺失
房屋狀態備註標記：0
裝潢標記：0
廣泛備註標記：0"
RPQOMLNKKHOFFEA77CA,2019-01-03,士林區,套房(1房1廳1衛),"行政區：士林區
建物型態：套房(1房1廳1衛)
主要建材：鋼筋混凝土造
屋齡：1.97 年
建物坪數：31.18 坪
主建物坪數：11.24 坪
樓層：7 / 12
樓層比例：0.58
格局：1 房 1 廳 1 衛
車位：有
車位面積：22.90
管理組織：有
電梯：缺失
房屋狀態備註標記：0
裝潢標記：0
廣泛備註標記：0"
RPUOMLTLJHOFFBA48CA,2019-01-02,萬華區,住宅大樓(11層含以上有電梯),"行政區：萬華區
建物型態：住宅大樓(11層含以上有電梯)
主要建材：鋼筋混凝土造
屋齡：41.34 年
建物坪數：5.58 坪
主建物坪數：4.48 坪
樓層：8 / 12
樓層比例：0.67
格局：1 房 0 廳 1 衛
車位：無
車位面積：0.00
管理組織：有
電梯：缺失
房屋狀態備註標記：0
裝潢標記：0
廣泛備註標記：0"
RPOVMLPLJHOFFCA28CA,2019-01-11,內湖區,套房(1房1廳1衛),"行政區：內湖區
建物型態：套房(1房1廳1衛)
主要建材：鋼筋混凝土造
屋齡：11.56 年
建物坪數：10.56 坪
主建物坪數：4.66 坪
樓層：10 / 12
樓層比例：0.83
格局：1 房 1 廳 1 衛
車位：無
車位面積：0.00
管理組織：有
電梯：缺失
房屋狀態備註標記：0
裝潢標記：0
廣泛備註標記：0"
RPPQMLLMJHOFFDA67CA,2019-01-12,南港區,華廈(10層含以下有電梯),"行政區：南港區
建物型態：華廈(10層含以下有電梯)
主要建材：鋼筋混凝土造
屋齡：11.35 年
建物坪數：26.60 坪
主建物坪數：17.26 坪
樓層：3 / 7
樓層比例：0.43
格局：2 房 1 廳 1 衛
車位：無
車位面積：0.00
管理組織：有
電梯：缺失
房屋狀態備註標記：0
裝潢標記：0
廣泛備註標記：0"
RPXOMLOLJHOFFEA58CA,2019-01-02,士林區,公寓(5樓含以下無電梯),"行政區：士林區
建物型態：公寓(5樓含以下無電梯)
主要建材：鋼筋混凝土造
屋齡：44.12 年
建物坪數：19.10 坪
主建物坪數：19.10 坪
樓層：1 / 4
樓層比例：0.25
格局：1 房 1 廳 2 衛
車位：無
車位面積：0.00
管理組織：無
電梯：缺失
房屋狀態備註標記：1
裝潢標記：0
廣泛備註標記：0"
RPVPMLMLJHOFFDA18CA,2019-01-03,松山區,住宅大樓(11層含以上有電梯),"行政區：松山區
建物型態：住宅大樓(11層含以上有電梯)
主要建材：鋼筋混凝土造
屋齡：10.91 年
建物坪數：11.65 坪
主建物坪數：6.22 坪
樓層：8 / 14
樓層比例：0.57
格局：1 房 1 廳 1 衛
車位：無
車位面積：0.00
管理組織：有
電梯：缺失
房屋狀態備註標記：0
裝潢標記：0
廣泛備註標記：0"
RPUPMLKMJHOFFCA87CA,2019-01-04,中山區,套房(1房1廳1衛),"行政區：中山區
建物型態：套房(1房1廳1衛)
主要建材：鋼筋混凝土造
屋齡：40.37 年
建物坪數：9.30 坪
主建物坪數：6.23 坪
樓層：9 / 12
樓層比例：0.75
格局：1 房 0 廳 1 衛
車位：無
車位面積：0.00
管理組織：有
電梯：缺失
房屋狀態備註標記：0
裝潢標記：0
廣泛備註標記：0"
RPSNMLQLJHOFFEA28DA,2019-01-06,士林區,公寓(5樓含以下無電梯),"行政區：士林區
建物型態：公寓(5樓含以下無電梯)
主要建材：壁式預鑄鋼筋混凝土造
屋齡：39.91 年
建物坪數：31.07 坪
主建物坪數：27.12 坪
樓層：2 / 5
樓層比例：0.40
格局：3 房 2 廳 2 衛
車位：無
車位面積：0.00
管理組織：無
電梯：缺失
房屋狀態備註標記：0
裝潢標記：0
廣泛備註標記：0"
RPRNMLMKKHOFFEA67CA,2019-01-06,北投區,套房(1房1廳1衛),"行政區：北投區
建物型態：套房(1房1廳1衛)
主要建材：鋼骨鋼筋混凝土造
屋齡：11.14 年
建物坪數：10.94 坪
主建物坪數：6.21 坪
樓層：5 / 23
樓層比例：0.22
格局：1 房 1 廳 1 衛
車位：無
車位面積：0.00
管理組織：有
電梯：缺失
房屋狀態備註標記：0
裝潢標記：0
廣泛備註標記：0"
RPUNMLNKKHOFFBA77CA,2019-01-17,中正區,套房(1房1廳1衛),"行政區：中正區
建物型態：套房(1房1廳1衛)
主要建材：鋼骨混凝土造
屋齡：28.42 年
建物坪數：13.86 坪
主建物坪數：8.81 坪
樓層：18 / 27
樓層比例：0.67
格局：0 房 0 廳 0 衛
車位：無
車位面積：0.00
管理組織：有
電梯：缺失
房屋狀態備註標記：0
裝潢標記：0
廣泛備註標記：0"
RPWNMLLMJHOFFAA77CA,2019-01-08,文山區,公寓(5樓含以下無電梯),"行政區：文山區
建物型態：公寓(5樓含以下無電梯)
主要建材：鋼筋混凝土造
屋齡：缺失 年
建物坪數：25.34 坪
主建物坪數：25.34 坪
樓層：4 / 4
樓層比例：1.00
格局：3 房 2 廳 2 衛
車位：無
車位面積：0.00
管理組織：無
電梯：缺失
房屋狀態備註標記：0
裝潢標記：0
廣泛備註標記：0"
RPQNMLSLJHOFFEA18CA,2019-01-07,士林區,套房(1房1廳1衛),"行政區：士林區
建物型態：套房(1房1廳1衛)
主要建材：鋼筋混凝土造
屋齡：6.99 年
建物坪數：10.51 坪
主建物坪數：5.14 坪
樓層：1 / 8
樓層比例：0.12
格局：1 房 1 廳 1 衛
車位：無
車位面積：0.00
管理組織：有
電梯：缺失
房屋狀態備註標記：1
裝潢標記：0
廣泛備註標記：0"
RPPOMLSLJHOFFEA18CA,2019-01-10,北投區,公寓(5樓含以下無電梯),"行政區：北投區
建物型態：公寓(5樓含以下無電梯)
主要建材：鋼筋混凝土造
屋齡：37.68 年
建物坪數：37.76 坪
主建物坪數：31.98 坪
樓層：2 / 5
樓層比例：0.40
格局：4 房 2 廳 2 衛
車位：無
車位面積：0.00
管理組織：無
電梯：缺失
房屋狀態備註標記：0
裝潢標記：0
廣泛備註標記：0"
RPROMLOLJHOFFFA18DA,2019-01-03,大安區,住宅大樓(11層含以上有電梯),"行政區：大安區
建物型態：住宅大樓(11層含以上有電梯)
主要建材：鋼骨鋼筋混凝土造
屋齡：2.45 年
建物坪數：55.06 坪
主建物坪數：27.40 坪
樓層：4 / 25
樓層比例：0.16
格局：4 房 1 廳 2 衛
車位：有
車位面積：0.00
管理組織：有
電梯：缺失
房屋狀態備註標記：0
裝潢標記：0
廣泛備註標記：0"
RPPNMLKMJHOFFAA96CA,2019-01-07,文山區,住宅大樓(11層含以上有電梯),"行政區：文山區
建物型態：住宅大樓(11層含以上有電梯)
主要建材：見其他登記事項
屋齡：1.60 年
建物坪數：37.37 坪
主建物坪數：18.98 坪
樓層：6 / 18
樓層比例：0.33
格局：2 房 1 廳 1 衛
車位：有
車位面積：16.07
管理組織：有
電梯：缺失
房屋狀態備註標記：0
裝潢標記：0
廣泛備註標記：0"
RPUOMLMKLHOFFCA97CA,2019-01-07,內湖區,公寓(5樓含以下無電梯),"行政區：內湖區
建物型態：公寓(5樓含以下無電梯)
主要建材：鋼筋混凝土造
屋齡：37.02 年
建物坪數：27.96 坪
主建物坪數：23.49 坪
樓層：2 / 5
樓層比例：0.40
格局：3 房 2 廳 1 衛
車位：無
車位面積：0.00
管理組織：無
電梯：缺失
房屋狀態備註標記：0
裝潢標記：0
廣泛備註標記：0"
RPWPMLNLJHOFFCA28CA,2019-01-06,內湖區,套房(1房1廳1衛),"行政區：內湖區
建物型態：套房(1房1廳1衛)
主要建材：鋼筋混凝土造
屋齡：10.00 年
建物坪數：12.97 坪
主建物坪數：5.75 坪
樓層：4 / 14
樓層比例：0.29
格局：1 房 1 廳 1 衛
車位：無
車位面積：0.00
管理組織：有
電梯：缺失
房屋狀態備註標記：1
裝潢標記：0
廣泛備註標記：0"
RPXNMLLMJHOFFAA87CA,2019-01-17,文山區,華廈(10層含以下有電梯),"行政區：文山區
建物型態：華廈(10層含以下有電梯)
主要建材：鋼筋混凝土造
屋齡：34.52 年
建物坪數：32.73 坪
主建物坪數：20.64 坪
樓層：4 / 7
樓層比例：0.57
格局：3 房 2 廳 2 衛
車位：無
車位面積：0.00
管理組織：有
電梯：缺失
房屋狀態備註標記：0
裝潢標記：0
廣泛備註標記：0"
RPPOMLOLJHOFFDA67CA,2019-01-01,南港區,住宅大樓(11層含以上有電梯),"行政區：南港區
建物型態：住宅大樓(11層含以上有電梯)
主要建材：鋼筋混凝土造
屋齡：20.15 年
建物坪數：32.69 坪
主建物坪數：24.88 坪
樓層：13 / 18
樓層比例：0.72
格局：3 房 2 廳 2 衛
車位：無
車位面積：0.00
管理組織：有
電梯：缺失
房屋狀態備註標記：0
裝潢標記：0
廣泛備註標記：0"
RPWNMLLJKHOFFBA67CA,2019-01-09,大同區,住宅大樓(11層含以上有電梯),"行政區：大同區
建物型態：住宅大樓(11層含以上有電梯)
主要建材：鋼筋混凝土造
屋齡：1.82 年
建物坪數：35.66 坪
主建物坪數：17.06 坪
樓層：4 / 13
樓層比例：0.31
格局：2 房 2 廳 1 衛
車位：有
車位面積：19.05
管理組織：有
電梯：缺失
房屋狀態備註標記：0
裝潢標記：0
廣泛備註標記：0"
RPRPMLOLJHOFFEA08CA,2019-01-03,士林區,公寓(5樓含以下無電梯),"行政區：士林區
建物型態：公寓(5樓含以下無電梯)
主要建材：鋼筋混凝土造
屋齡：39.09 年
建物坪數：9.27 坪
主建物坪數：8.36 坪
樓層：1 / 4
樓層比例：0.25
格局：3 房 2 廳 2 衛
車位：無
車位面積：0.00
管理組織：無
電梯：缺失
房屋狀態備註標記：0
裝潢標記：0
廣泛備註標記：0"
RPRNMLRLJHOFFCA97CA,2019-01-10,中山區,住宅大樓(11層含以上有電梯),"行政區：中山區
建物型態：住宅大樓(11層含以上有電梯)
主要建材：鋼筋混凝土造
屋齡：8.34 年
建物坪數：95.73 坪
主建物坪數：44.56 坪
樓層：2 / 14
樓層比例：0.14
格局：4 房 2 廳 2 衛
車位：有
車位面積：74.52
管理組織：有
電梯：缺失
房屋狀態備註標記：0
裝潢標記：0
廣泛備註標記：0"
RPQPMLOLJHOFFDA87CA,2019-01-15,信義區,套房(1房1廳1衛),"行政區：信義區
建物型態：套房(1房1廳1衛)
主要建材：鋼筋混凝土造
屋齡：缺失 年
建物坪數：14.97 坪
主建物坪數：9.46 坪
樓層：3 / 12
樓層比例：0.25
格局：1 房 1 廳 1 衛
車位：無
車位面積：0.00
管理組織：有
電梯：缺失
房屋狀態備註標記：0
裝潢標記：0
廣泛備註標記：0"
RPTNMLLMJHOFFEA87CA,2019-01-11,北投區,套房(1房1廳1衛),"行政區：北投區
建物型態：套房(1房1廳1衛)
主要建材：鋼筋混凝土造
屋齡：23.56 年
建物坪數：13.10 坪
主建物坪數：9.13 坪
樓層：5 / 5
樓層比例：1.00
格局：1 房 0 廳 1 衛
車位：無
車位面積：0.00
管理組織：有
電梯：缺失
房屋狀態備註標記：0
裝潢標記：0
廣泛備註標記：0"
RPTOMLKMJHOFFAA47CA,2019-01-01,中正區,公寓(5樓含以下無電梯),"行政區：中正區
建物型態：公寓(5樓含以下無電梯)
主要建材：加強磚造
屋齡：缺失 年
建物坪數：39.15 坪
主建物坪數：39.15 坪
樓層：2 / 4
樓層比例：0.50
格局：4 房 2 廳 2 衛
車位：無
車位面積：0.00
管理組織：無
電梯：缺失
房屋狀態備註標記：0
裝潢標記：0
廣泛備註標記：0"
RPUQMLKMJHOFFCA97CA,2019-01-06,內湖區,華廈(10層含以下有電梯),"行政區：內湖區
建物型態：華廈(10層含以下有電梯)
主要建材：鋼筋混凝土造
屋齡：34.93 年
建物坪數：33.99 坪
主建物坪數：23.07 坪
樓層：7 / 7
樓層比例：1.00
格局：3 房 2 廳 2 衛
車位：無
車位面積：0.00
管理組織：有
電梯：缺失
房屋狀態備註標記：0
裝潢標記：0
廣泛備註標記：0"
RPXNMLMKKHOFFCA08CA,2019-01-10,中山區,套房(1房1廳1衛),"行政區：中山區
建物型態：套房(1房1廳1衛)
主要建材：鋼筋混凝土造
屋齡：10.61 年
建物坪數：22.74 坪
主建物坪數：7.65 坪
樓層：4 / 13
樓層比例：0.31
格局：1 房 1 廳 1 衛
車位：有
車位面積：16.63
管理組織：有
電梯：缺失
房屋狀態備註標記：0
裝潢標記：0
廣泛備註標記：0"
RPSNMLSLJHOFFCA18CA,2019-01-06,內湖區,公寓(5樓含以下無電梯),"行政區：內湖區
建物型態：公寓(5樓含以下無電梯)
主要建材：鋼筋混凝土造
屋齡：35.58 年
建物坪數：25.75 坪
主建物坪數：20.16 坪
樓層：4 / 5
樓層比例：0.80
格局：3 房 2 廳 1 衛
車位：無
車位面積：0.00
管理組織：無
電梯：缺失
房屋狀態備註標記：1
裝潢標記：0
廣泛備註標記：0"
RPQSMLSLJHOFFDA68DA,2019-01-06,松山區,華廈(10層含以下有電梯),"行政區：松山區
建物型態：華廈(10層含以下有電梯)
主要建材：鋼筋混凝土造
屋齡：40.80 年
建物坪數：34.12 坪
主建物坪數：25.06 坪
樓層：6 / 7
樓層比例：0.86
格局：3 房 2 廳 2 衛
車位：無
車位面積：0.00
管理組織：有
電梯：缺失
房屋狀態備註標記：0
裝潢標記：0
廣泛備註標記：0"
RPUOMLKMJHOFFFA08CA,2019-01-17,大安區,套房(1房1廳1衛),"行政區：大安區
建物型態：套房(1房1廳1衛)
主要建材：鋼筋混凝土造
屋齡：31.53 年
建物坪數：12.18 坪
主建物坪數：6.91 坪
樓層：8 / 10
樓層比例：0.80
格局：1 房 0 廳 1 衛
車位：無
車位面積：0.00
管理組織：有
電梯：缺失
房屋狀態備註標記：0
裝潢標記：0
廣泛備註標記：0"
RPSOMLLJKHOFFDA57CA,2019-01-09,松山區,套房(1房1廳1衛),"行政區：松山區
建物型態：套房(1房1廳1衛)
主要建材：鋼筋混凝土造
屋齡：1.30 年
建物坪數：17.95 坪
主建物坪數：10.07 坪
樓層：5 / 12
樓層比例：0.42
格局：1 房 1 廳 1 衛
車位：無
車位面積：0.00
管理組織：有
電梯：缺失
房屋狀態備註標記：0
裝潢標記：0
廣泛備註標記：0"
RPRPMLPLJHOFFCA97CA,2019-01-18,內湖區,住宅大樓(11層含以上有電梯),"行政區：內湖區
建物型態：住宅大樓(11層含以上有電梯)
主要建材：鋼筋混凝土造
屋齡：5.62 年
建物坪數：98.50 坪
主建物坪數：34.69 坪
樓層：4 / 12
樓層比例：0.33
格局：4 房 2 廳 2 衛
車位：有
車位面積：107.25
管理組織：有
電梯：缺失
房屋狀態備註標記：0
裝潢標記：0
廣泛備註標記：0"
RPXNMLTLJHOFFDA98DA,2019-01-09,南港區,華廈(10層含以下有電梯),"行政區：南港區
建物型態：華廈(10層含以下有電梯)
主要建材：鋼筋混凝土造
屋齡：10.25 年
建物坪數：54.12 坪
主建物坪數：26.22 坪
樓層：6 / 9
樓層比例：0.67
格局：2 房 2 廳 2 衛
車位：有
車位面積：37.59
管理組織：有
電梯：缺失
房屋狀態備註標記：1
裝潢標記：0
廣泛備註標記：0"
RPVNMLTLJHOFFAA38CA,2019-01-12,文山區,公寓(5樓含以下無電梯),"行政區：文山區
建物型態：公寓(5樓含以下無電梯)
主要建材：鋼筋混凝土造
屋齡：37.65 年
建物坪數：40.07 坪
主建物坪數：26.40 坪
樓層：5 / 5
樓層比例：1.00
格局：3 房 2 廳 2 衛
車位：無
車位面積：0.00
管理組織：無
電梯：缺失
房屋狀態備註標記：1
裝潢標記：0
廣泛備註標記：0"
RPTOMLTLJHOFFBA48DA,2019-01-06,大同區,套房(1房1廳1衛),"行政區：大同區
建物型態：套房(1房1廳1衛)
主要建材：鋼筋混凝土造
屋齡：23.10 年
建物坪數：18.61 坪
主建物坪數：14.65 坪
樓層：缺失 / 9
樓層比例：缺失
格局：1 房 1 廳 1 衛
車位：無
車位面積：0.00
管理組織：有
電梯：缺失
房屋狀態備註標記：1
裝潢標記：0
廣泛備註標記：0"
RPRNMLNKKHOFFDA77DA,2019-01-03,松山區,套房(1房1廳1衛),"行政區：松山區
建物型態：套房(1房1廳1衛)
主要建材：鋼筋混凝土造
屋齡：10.91 年
建物坪數：17.90 坪
主建物坪數：6.74 坪
樓層：7 / 14
樓層比例：0.50
格局：1 房 1 廳 1 衛
車位：有
車位面積：0.05
管理組織：無
電梯：缺失
房屋狀態備註標記：0
裝潢標記：0
廣泛備註標記：0"
RPQNMLMLKHOFFFA77CA,2019-01-08,大安區,住宅大樓(11層含以上有電梯),"行政區：大安區
建物型態：住宅大樓(11層含以上有電梯)
主要建材：鋼筋混凝土造
屋齡：37.56 年
建物坪數：37.76 坪
主建物坪數：29.81 坪
樓層：9 / 12
樓層比例：0.75
格局：2 房 2 廳 1 衛
車位：無
車位面積：0.00
管理組織：有
電梯：缺失
房屋狀態備註標記：0
裝潢標記：0
廣泛備註標記：0"
RPVRMLKMJHOFFCA18CA,2019-01-17,中山區,華廈(10層含以下有電梯),"行政區：中山區
建物型態：華廈(10層含以下有電梯)
主要建材：鋼筋混凝土造
屋齡：40.71 年
建物坪數：11.86 坪
主建物坪數：8.45 坪
樓層：5 / 7
樓層比例：0.71
格局：1 房 1 廳 1 衛
車位：無
車位面積：0.00
管理組織：有
電梯：缺失
房屋狀態備註標記：0
裝潢標記：0
廣泛備註標記：0"
RPUOMLTLJHOFFCA58CA,2019-01-04,中山區,公寓(5樓含以下無電梯),"行政區：中山區
建物型態：公寓(5樓含以下無電梯)
主要建材：鋼筋混凝土造
屋齡：50.72 年
建物坪數：9.36 坪
主建物坪數：9.36 坪
樓層：3 / 5
樓層比例：0.60
格局：3 房 2 廳 2 衛
車位：無
車位面積：0.00
管理組織：無
電梯：缺失
房屋狀態備註標記：0
裝潢標記：0
廣泛備註標記：0"
RPSOMLLMJHOFFCA67CA,2019-01-13,中山區,公寓(5樓含以下無電梯),"行政區：中山區
建物型態：公寓(5樓含以下無電梯)
主要建材：鋼筋混凝土造
屋齡：40.53 年
建物坪數：49.08 坪
主建物坪數：40.84 坪
樓層：4 / 4
樓層比例：1.00
格局：4 房 2 廳 2 衛
車位：無
車位面積：0.00
管理組織：無
電梯：缺失
房屋狀態備註標記：1
裝潢標記：0
廣泛備註標記：0"
RPTNMLRLKHOFFFA68DA,2019-01-03,大安區,公寓(5樓含以下無電梯),"行政區：大安區
建物型態：公寓(5樓含以下無電梯)
主要建材：鋼筋混凝土造
屋齡：缺失 年
建物坪數：33.47 坪
主建物坪數：33.47 坪
樓層：缺失 / 4
樓層比例：缺失
格局：3 房 2 廳 2 衛
車位：無
車位面積：0.00
管理組織：無
電梯：缺失
房屋狀態備註標記：0
裝潢標記：0
廣泛備註標記：0"
RPSOMLTLJHOFFCA38CA,2019-01-02,中山區,住宅大樓(11層含以上有電梯),"行政區：中山區
建物型態：住宅大樓(11層含以上有電梯)
主要建材：鋼筋混凝土造
屋齡：22.59 年
建物坪數：15.17 坪
主建物坪數：9.80 坪
樓層：5 / 16
樓層比例：0.31
格局：2 房 1 廳 1 衛
車位：無
車位面積：0.00
管理組織：有
電梯：缺失
房屋狀態備註標記：1
裝潢標記：0
廣泛備註標記：0"
RPURMLKMJHOFFCA18DA,2019-01-04,中山區,套房(1房1廳1衛),"行政區：中山區
建物型態：套房(1房1廳1衛)
主要建材：鋼筋混凝土造
屋齡：40.85 年
建物坪數：10.05 坪
主建物坪數：6.92 坪
樓層：4 / 7
樓層比例：0.57
格局：1 房 1 廳 1 衛
車位：無
車位面積：0.00
管理組織：有
電梯：缺失
房屋狀態備註標記：1
裝潢標記：0
廣泛備註標記：0"
RPUNMLMKKHOFFBA67CA,2019-01-14,大同區,套房(1房1廳1衛),"行政區：大同區
建物型態：套房(1房1廳1衛)
主要建材：鋼筋混凝土造
屋齡：40.19 年
建物坪數：9.86 坪
主建物坪數：6.90 坪
樓層：14 / 14
樓層比例：1.00
格局：0 房 0 廳 0 衛
車位：無
車位面積：0.00
管理組織：有
電梯：缺失
房屋狀態備註標記：0
裝潢標記：0
廣泛備註標記：0"
RPUOMLNKKHOFFCA97CA,2019-01-06,內湖區,住宅大樓(11層含以上有電梯),"行政區：內湖區
建物型態：住宅大樓(11層含以上有電梯)
主要建材：鋼筋混凝土造
屋齡：0.47 年
建物坪數：39.95 坪
主建物坪數：16.09 坪
樓層：14 / 15
樓層比例：0.93
格局：1 房 1 廳 1 衛
車位：有
車位面積：41.04
管理組織：有
電梯：缺失
房屋狀態備註標記：0
裝潢標記：0
廣泛備註標記：0"
RPRNMLKMJHOFFAA17CA,2019-01-04,文山區,公寓(5樓含以下無電梯),"行政區：文山區
建物型態：公寓(5樓含以下無電梯)
主要建材：鋼筋混凝土造
屋齡：37.03 年
建物坪數：38.87 坪
主建物坪數：31.64 坪
樓層：2 / 5
樓層比例：0.40
格局：4 房 2 廳 2 衛
車位：無
車位面積：0.00
管理組織：無
電梯：缺失
房屋狀態備註標記：1
裝潢標記：0
廣泛備註標記：0"
RPOPMLLMJHOFFEA57CA,2019-01-05,北投區,公寓(5樓含以下無電梯),"行政區：北投區
建物型態：公寓(5樓含以下無電梯)
主要建材：鋼筋混凝土造
屋齡：43.81 年
建物坪數：13.86 坪
主建物坪數：12.46 坪
樓層：3 / 4
樓層比例：0.75
格局：1 房 1 廳 1 衛
車位：無
車位面積：0.00
管理組織：無
電梯：缺失
房屋狀態備註標記：0
裝潢標記：0
廣泛備註標記：0"
RPOQMLTLJHOFFCA18CA,2019-01-14,中山區,華廈(10層含以下有電梯),"行政區：中山區
建物型態：華廈(10層含以下有電梯)
主要建材：鋼筋混凝土造
屋齡：10.56 年
建物坪數：56.47 坪
主建物坪數：32.26 坪
樓層：5 / 10
樓層比例：0.50
格局：4 房 2 廳 2 衛
車位：有
車位面積：0.00
管理組織：有
電梯：缺失
房屋狀態備註標記：0
裝潢標記：0
廣泛備註標記：0"
RPPOMLMKKHOFFBA27CA,2019-01-13,萬華區,公寓(5樓含以下無電梯),"行政區：萬華區
建物型態：公寓(5樓含以下無電梯)
主要建材：鋼筋混凝土造
屋齡：43.78 年
建物坪數：9.49 坪
主建物坪數：9.49 坪
樓層：3 / 5
樓層比例：0.60
格局：1 房 1 廳 1 衛
車位：無
車位面積：0.00
管理組織：無
電梯：缺失
房屋狀態備註標記：0
裝潢標記：0
廣泛備註標記：0"
RPUNMLKMJHOFFCA77DA,2019-01-06,中山區,套房(1房1廳1衛),"行政區：中山區
建物型態：套房(1房1廳1衛)
主要建材：鋼筋混凝土造
屋齡：37.31 年
建物坪數：10.49 坪
主建物坪數：7.09 坪
樓層：6 / 6
樓層比例：1.00
格局：1 房 1 廳 1 衛
車位：無
車位面積：0.00
管理組織：有
電梯：缺失
房屋狀態備註標記：1
裝潢標記：0
廣泛備註標記：0"
RPPNMLKMJHOFFFA47CA,2019-01-23,大安區,華廈(10層含以下有電梯),"行政區：大安區
建物型態：華廈(10層含以下有電梯)
主要建材：鋼筋混凝土造
屋齡：30.49 年
建物坪數：43.81 坪
主建物坪數：36.95 坪
樓層：5 / 8
樓層比例：0.62
格局：2 房 2 廳 2 衛
車位：無
車位面積：0.00
管理組織：無
電梯：缺失
房屋狀態備註標記：0
裝潢標記：0
廣泛備註標記：0"
RPQNMLSKLHOFFFA38CA,2019-01-07,大安區,公寓(5樓含以下無電梯),"行政區：大安區
建物型態：公寓(5樓含以下無電梯)
主要建材：鋼筋混凝土造
屋齡：49.27 年
建物坪數：43.26 坪
主建物坪數：38.52 坪
樓層：4 / 4
樓層比例：1.00
格局：4 房 2 廳 2 衛
車位：無
車位面積：0.00
管理組織：無
電梯：缺失
房屋狀態備註標記：0
裝潢標記：0
廣泛備註標記：0"
RPUPMLLJKHOFFDA97DA,2019-01-08,松山區,住宅大樓(11層含以上有電梯),"行政區：松山區
建物型態：住宅大樓(11層含以上有電梯)
主要建材：鋼筋混凝土造
屋齡：9.80 年
建物坪數：63.99 坪
主建物坪數：35.46 坪
樓層：9 / 11
樓層比例：0.82
格局：4 房 2 廳 2 衛
車位：有
車位面積：0.00
管理組織：有
電梯：缺失
房屋狀態備註標記：0
裝潢標記：0
廣泛備註標記：0"
RPWOMLNKKHOFFCA18CA,2019-01-01,內湖區,住宅大樓(11層含以上有電梯),"行政區：內湖區
建物型態：住宅大樓(11層含以上有電梯)
主要建材：鋼筋混凝土造
屋齡：0.46 年
建物坪數：40.61 坪
主建物坪數：16.42 坪
樓層：10 / 15
樓層比例：0.67
格局：1 房 1 廳 1 衛
車位：有
車位面積：41.04
管理組織：有
電梯：缺失
房屋狀態備註標記：0
裝潢標記：0
廣泛備註標記：0"
RPOQMLLJKHOFFCA37DA,2019-01-16,中山區,套房(1房1廳1衛),"行政區：中山區
建物型態：套房(1房1廳1衛)
主要建材：鋼筋混凝土造
屋齡：11.08 年
建物坪數：16.28 坪
主建物坪數：9.38 坪
樓層：4 / 7
樓層比例：0.57
格局：1 房 1 廳 1 衛
車位：無
車位面積：0.00
管理組織：有
電梯：缺失
房屋狀態備註標記：0
裝潢標記：0
廣泛備註標記：0"
RPWNMLKMJHOFFBA77CA,2019-01-15,萬華區,公寓(5樓含以下無電梯),"行政區：萬華區
建物型態：公寓(5樓含以下無電梯)
主要建材：加強磚造
屋齡：48.11 年
建物坪數：20.10 坪
主建物坪數：20.10 坪
樓層：1 / 4
樓層比例：0.25
格局：0 房 0 廳 0 衛
車位：無
車位面積：0.00
管理組織：無
電梯：缺失
房屋狀態備註標記：0
裝潢標記：0
廣泛備註標記：0"
RPWOMLTLJHOFFFA09CA,2019-01-06,大安區,套房(1房1廳1衛),"行政區：大安區
建物型態：套房(1房1廳1衛)
主要建材：鋼筋混凝土造
屋齡：31.55 年
建物坪數：11.40 坪
主建物坪數：6.55 坪
樓層：5 / 7
樓層比例：0.71
格局：1 房 1 廳 1 衛
車位：無
車位面積：0.00
管理組織：無
電梯：缺失
房屋狀態備註標記：1
裝潢標記：0
廣泛備註標記：0"
RPVOMLLMJHOFFEA18CA,2019-01-14,北投區,華廈(10層含以下有電梯),"行政區：北投區
建物型態：華廈(10層含以下有電梯)
主要建材：鋼筋混凝土造
屋齡：24.31 年
建物坪數：34.30 坪
主建物坪數：28.53 坪
樓層：3 / 8
樓層比例：0.38
格局：2 房 1 廳 1 衛
車位：有
車位面積：42.99
管理組織：有
電梯：缺失
房屋狀態備註標記：0
裝潢標記：0
廣泛備註標記：0"
RPRNMLLMJHOFFBA37CA,2019-01-18,大同區,華廈(10層含以下有電梯),"行政區：大同區
建物型態：華廈(10層含以下有電梯)
主要建材：鋼筋混凝土造
屋齡：36.19 年
建物坪數：26.46 坪
主建物坪數：18.96 坪
樓層：6 / 7
樓層比例：0.86
格局：2 房 1 廳 1 衛
車位：無
車位面積：0.00
管理組織：無
電梯：缺失
房屋狀態備註標記：0
裝潢標記：0
廣泛備註標記：0"
RPXPMLNKKHOFFCA38CA,2019-01-15,中山區,公寓(5樓含以下無電梯),"行政區：中山區
建物型態：公寓(5樓含以下無電梯)
主要建材：加強磚造
屋齡：缺失 年
建物坪數：24.95 坪
主建物坪數：24.95 坪
樓層：3 / 4
樓層比例：0.75
格局：2 房 2 廳 1 衛
車位：無
車位面積：0.00
管理組織：無
電梯：缺失
房屋狀態備註標記：0
裝潢標記：0
廣泛備註標記：0"
RPVNMLLMJHOFFCA87CA,2019-01-11,中山區,住宅大樓(11層含以上有電梯),"行政區：中山區
建物型態：住宅大樓(11層含以上有電梯)
主要建材：鋼筋混凝土造
屋齡：36.88 年
建物坪數：28.10 坪
主建物坪數：22.77 坪
樓層：7 / 12
樓層比例：0.58
格局：3 房 2 廳 2 衛
車位：無
車位面積：0.00
管理組織：有
電梯：缺失
房屋狀態備註標記：1
裝潢標記：0
廣泛備註標記：0"
RPTSMLMKKHOFFDA28CA,2019-01-11,信義區,公寓(5樓含以下無電梯),"行政區：信義區
建物型態：公寓(5樓含以下無電梯)
主要建材：鋼筋混凝土造
屋齡：44.43 年
建物坪數：26.85 坪
主建物坪數：26.85 坪
樓層：3 / 4
樓層比例：0.75
格局：3 房 2 廳 1 衛
車位：無
車位面積：0.00
管理組織：無
電梯：缺失
房屋狀態備註標記：0
裝潢標記：0
廣泛備註標記：0"
RPUSMLMKKHOFFDA38CA,2019-01-19,信義區,套房(1房1廳1衛),"行政區：信義區
建物型態：套房(1房1廳1衛)
主要建材：鋼筋混凝土造
屋齡：10.95 年
建物坪數：13.64 坪
主建物坪數：7.93 坪
樓層：9 / 14
樓層比例：0.64
格局：1 房 1 廳 1 衛
車位：無
車位面積：0.00
管理組織：有
電梯：缺失
房屋狀態備註標記：0
裝潢標記：0
廣泛備註標記：0"
RPRNMLPKKHOFFFA08CA,2019-01-15,大安區,華廈(10層含以下有電梯),"行政區：大安區
建物型態：華廈(10層含以下有電梯)
主要建材：鋼筋混凝土造
屋齡：35.85 年
建物坪數：29.25 坪
主建物坪數：23.05 坪
樓層：2 / 7
樓層比例：0.29
格局：2 房 2 廳 2 衛
車位：無
車位面積：0.00
管理組織：有
電梯：缺失
房屋狀態備註標記：1
裝潢標記：0
廣泛備註標記：0"
RPUNMLOKKHOFFDA08CA,2019-01-05,松山區,公寓(5樓含以下無電梯),"行政區：松山區
建物型態：公寓(5樓含以下無電梯)
主要建材：鋼筋混凝土造
屋齡：47.04 年
建物坪數：23.43 坪
主建物坪數：23.43 坪
樓層：2 / 4
樓層比例：0.50
格局：3 房 2 廳 1 衛
車位：無
車位面積：0.00
管理組織：無
電梯：缺失
房屋狀態備註標記：0
裝潢標記：0
廣泛備註標記：0"
RPTQMLLMJHOFFCA97CA,2019-01-07,中山區,住宅大樓(11層含以上有電梯),"行政區：中山區
建物型態：住宅大樓(11層含以上有電梯)
主要建材：鋼筋混凝土造
屋齡：36.18 年
建物坪數：19.33 坪
主建物坪數：13.16 坪
樓層：9 / 11
樓層比例：0.82
格局：2 房 1 廳 1 衛
車位：無
車位面積：0.00
管理組織：有
電梯：缺失
房屋狀態備註標記：1
裝潢標記：0
廣泛備註標記：0"
RPPPMLQLKHOFFCA97CA,2019-01-04,內湖區,公寓(5樓含以下無電梯),"行政區：內湖區
建物型態：公寓(5樓含以下無電梯)
主要建材：鋼筋混凝土造
屋齡：30.16 年
建物坪數：33.96 坪
主建物坪數：27.28 坪
樓層：4 / 5
樓層比例：0.80
格局：3 房 2 廳 2 衛
車位：無
車位面積：0.00
管理組織：無
電梯：缺失
房屋狀態備註標記：0
裝潢標記：0
廣泛備註標記：0"
RPRPMLLMJHOFFCA67CA,2019-01-11,內湖區,華廈(10層含以下有電梯),"行政區：內湖區
建物型態：華廈(10層含以下有電梯)
主要建材：鋼筋混凝土造
屋齡：1.17 年
建物坪數：14.01 坪
主建物坪數：9.11 坪
樓層：1 / 5
樓層比例：0.20
格局：1 房 1 廳 1 衛
車位：無
車位面積：0.00
管理組織：有
電梯：缺失
房屋狀態備註標記：0
裝潢標記：0
廣泛備註標記：0"
RPOOMLNKKHOFFCA37CA,2019-01-10,中山區,住宅大樓(11層含以上有電梯),"行政區：中山區
建物型態：住宅大樓(11層含以上有電梯)
主要建材：鋼筋混凝土造
屋齡：22.48 年
建物坪數：24.41 坪
主建物坪數：15.50 坪
樓層：13 / 17
樓層比例：0.76
格局：2 房 2 廳 1 衛
車位：無
車位面積：0.00
管理組織：有
電梯：缺失
房屋狀態備註標記：0
裝潢標記：0
廣泛備註標記：0"
RPXNMLLJKHOFFAA67CA,2019-01-20,文山區,華廈(10層含以下有電梯),"行政區：文山區
建物型態：華廈(10層含以下有電梯)
主要建材：鋼筋混凝土造
屋齡：30.50 年
建物坪數：40.83 坪
主建物坪數：23.74 坪
樓層：7 / 7
樓層比例：1.00
格局：3 房 2 廳 2 衛
車位：無
車位面積：0.00
管理組織：有
電梯：缺失
房屋狀態備註標記：1
裝潢標記：0
廣泛備註標記：0"
RPPNMLMKKHOFFEA47CA,2019-01-12,北投區,華廈(10層含以下有電梯),"行政區：北投區
建物型態：華廈(10層含以下有電梯)
主要建材：鋼筋混凝土造
屋齡：23.81 年
建物坪數：22.38 坪
主建物坪數：17.97 坪
樓層：5 / 8
樓層比例：0.62
格局：2 房 2 廳 1 衛
車位：無
車位面積：0.00
管理組織：有
電梯：缺失
房屋狀態備註標記：0
裝潢標記：0
廣泛備註標記：0"
RPVNMLMKKHOFFBA77CA,2019-01-06,大同區,公寓(5樓含以下無電梯),"行政區：大同區
建物型態：公寓(5樓含以下無電梯)
主要建材：鋼筋混凝土造
屋齡：38.07 年
建物坪數：41.26 坪
主建物坪數：37.93 坪
樓層：缺失 / 5
樓層比例：缺失
格局：0 房 3 廳 2 衛
車位：無
車位面積：0.00
管理組織：無
電梯：缺失
房屋狀態備註標記：1
裝潢標記：0
廣泛備註標記：0"
RPUOMLTKKHOFFBA48CA,2019-01-02,萬華區,住宅大樓(11層含以上有電梯),"行政區：萬華區
建物型態：住宅大樓(11層含以上有電梯)
主要建材：鋼筋混凝土造
屋齡：7.70 年
建物坪數：41.12 坪
主建物坪數：21.92 坪
樓層：6 / 15
樓層比例：0.40
格局：3 房 2 廳 2 衛
車位：有
車位面積：11.43
管理組織：有
電梯：缺失
房屋狀態備註標記：0
裝潢標記：0
廣泛備註標記：0"
RPVPMLTKKHOFFEA98CA,2019-01-11,北投區,住宅大樓(11層含以上有電梯),"行政區：北投區
建物型態：住宅大樓(11層含以上有電梯)
主要建材：鋼筋混凝土造
屋齡：21.85 年
建物坪數：63.68 坪
主建物坪數：33.41 坪
樓層：11 / 14
樓層比例：0.79
格局：4 房 2 廳 2 衛
車位：有
車位面積：40.99
管理組織：有
電梯：缺失
房屋狀態備註標記：0
裝潢標記：0
廣泛備註標記：0"
RPTNMLMKKHOFFAA47CA,2019-01-06,文山區,住宅大樓(11層含以上有電梯),"行政區：文山區
建物型態：住宅大樓(11層含以上有電梯)
主要建材：鋼筋混凝土造
屋齡：23.19 年
建物坪數：26.89 坪
主建物坪數：20.85 坪
樓層：5 / 16
樓層比例：0.31
格局：2 房 2 廳 1 衛
車位：無
車位面積：0.00
管理組織：有
電梯：缺失
房屋狀態備註標記：1
裝潢標記：0
廣泛備註標記：0"
RPTPMLSKLHOFFCA58CA,2019-01-05,內湖區,住宅大樓(11層含以上有電梯),"行政區：內湖區
建物型態：住宅大樓(11層含以上有電梯)
主要建材：鋼筋混凝土造
屋齡：11.39 年
建物坪數：74.49 坪
主建物坪數：39.97 坪
樓層：8 / 13
樓層比例：0.62
格局：3 房 1 廳 2 衛
車位：有
車位面積：0.00
管理組織：有
電梯：缺失
房屋狀態備註標記：0
裝潢標記：0
廣泛備註標記：0"
RPRNMLMKKHOFFAA27CA,2019-01-12,文山區,公寓(5樓含以下無電梯),"行政區：文山區
建物型態：公寓(5樓含以下無電梯)
主要建材：磚造
屋齡：缺失 年
建物坪數：29.98 坪
主建物坪數：29.98 坪
樓層：3 / 3
樓層比例：1.00
格局：3 房 2 廳 2 衛
車位：無
車位面積：0.00
管理組織：無
電梯：缺失
房屋狀態備註標記：0
裝潢標記：0
廣泛備註標記：0"
RPWNMLOKKHOFFDA28CA,2019-01-14,信義區,套房(1房1廳1衛),"行政區：信義區
建物型態：套房(1房1廳1衛)
主要建材：鋼筋混凝土造
屋齡：25.69 年
建物坪數：11.68 坪
主建物坪數：7.55 坪
樓層：5 / 5
樓層比例：1.00
格局：1 房 1 廳 1 衛
車位：無
車位面積：0.00
管理組織：無
電梯：缺失
房屋狀態備註標記：0
裝潢標記：0
廣泛備註標記：0"
RPQOMLLKKHOFFBA27CA,2019-01-07,萬華區,套房(1房1廳1衛),"行政區：萬華區
建物型態：套房(1房1廳1衛)
主要建材：鋼筋混凝土造
屋齡：11.55 年
建物坪數：14.63 坪
主建物坪數：8.85 坪
樓層：13 / 14
樓層比例：0.93
格局：1 房 1 廳 1 衛
車位：無
車位面積：0.00
管理組織：有
電梯：缺失
房屋狀態備註標記：1
裝潢標記：0
廣泛備註標記：0"
RPVNMLLKKHOFFBA77DA,2019-01-12,大同區,公寓(5樓含以下無電梯),"行政區：大同區
建物型態：公寓(5樓含以下無電梯)
主要建材：鋼筋混凝土造
屋齡：35.96 年
建物坪數：22.17 坪
主建物坪數：19.68 坪
樓層：5 / 5
樓層比例：1.00
格局：3 房 3 廳 2 衛
車位：無
車位面積：0.00
管理組織：無
電梯：缺失
房屋狀態備註標記：1
裝潢標記：0
廣泛備註標記：0"
RPTOMLRLKHOFFAA18CA,2019-01-14,文山區,住宅大樓(11層含以上有電梯),"行政區：文山區
建物型態：住宅大樓(11層含以上有電梯)
主要建材：鋼筋混凝土造
屋齡：8.19 年
建物坪數：57.50 坪
主建物坪數：31.17 坪
樓層：11 / 14
樓層比例：0.79
格局：3 房 2 廳 2 衛
車位：有
車位面積：0.00
管理組織：有
電梯：缺失
房屋狀態備註標記：0
裝潢標記：0
廣泛備註標記：0"
RPXNMLOLKINFFEA58CA,2018-12-19,士林區,華廈(10層含以下有電梯),"行政區：士林區
建物型態：華廈(10層含以下有電梯)
主要建材：鋼筋混凝土造
屋齡：34.53 年
建物坪數：37.95 坪
主建物坪數：29.82 坪
樓層：4 / 7
樓層比例：0.57
格局：3 房 2 廳 2 衛
車位：無
車位面積：0.00
管理組織：有
電梯：缺失
房屋狀態備註標記：0
裝潢標記：0
廣泛備註標記：0"
RPUOMLSKKINFFEA68CA,2018-12-04,士林區,公寓(5樓含以下無電梯),"行政區：士林區
建物型態：公寓(5樓含以下無電梯)
主要建材：鋼筋混凝土造
屋齡：42.66 年
建物坪數：31.13 坪
主建物坪數：31.13 坪
樓層：3 / 4
樓層比例：0.75
格局：3 房 2 廳 2 衛
車位：無
車位面積：0.00
管理組織：無
電梯：缺失
房屋狀態備註標記：1
裝潢標記：0
廣泛備註標記：0"
RPTOMLLLKINFFCA77CA,2018-12-03,中山區,套房(1房1廳1衛),"行政區：中山區
建物型態：套房(1房1廳1衛)
主要建材：鋼筋混凝土造
屋齡：35.98 年
建物坪數：8.41 坪
主建物坪數：4.13 坪
樓層：9 / 11
樓層比例：0.82
格局：1 房 1 廳 1 衛
車位：無
車位面積：0.00
管理組織：有
電梯：缺失
房屋狀態備註標記：0
裝潢標記：0
廣泛備註標記：0"
RPROMLTKKINFFCA28CA,2018-12-04,中山區,套房(1房1廳1衛),"行政區：中山區
建物型態：套房(1房1廳1衛)
主要建材：鋼筋混凝土造
屋齡：38.96 年
建物坪數：6.40 坪
主建物坪數：5.25 坪
樓層：10 / 11
樓層比例：0.91
格局：1 房 1 廳 1 衛
車位：無
車位面積：0.00
管理組織：有
電梯：缺失
房屋狀態備註標記：0
裝潢標記：0
廣泛備註標記：0"
RPPPMLLKJHOFFEA47CA,2018-12-05,士林區,華廈(10層含以下有電梯),"行政區：士林區
建物型態：華廈(10層含以下有電梯)
主要建材：鋼筋混凝土造
屋齡：34.49 年
建物坪數：39.38 坪
主建物坪數：31.24 坪
樓層：5 / 7
樓層比例：0.71
格局：3 房 2 廳 2 衛
車位：無
車位面積：0.00
管理組織：有
電梯：缺失
房屋狀態備註標記：0
裝潢標記：0
廣泛備註標記：0"
RPROMLRKKINFFEA28CA,2018-12-06,北投區,公寓(5樓含以下無電梯),"行政區：北投區
建物型態：公寓(5樓含以下無電梯)
主要建材：鋼筋混凝土造
屋齡：43.18 年
建物坪數：37.40 坪
主建物坪數：37.40 坪
樓層：3 / 4
樓層比例：0.75
格局：3 房 2 廳 2 衛
車位：無
車位面積：0.00
管理組織：無
電梯：缺失
房屋狀態備註標記：1
裝潢標記：0
廣泛備註標記：0"
RPSNMLOLKINFFBA77CA,2018-12-06,萬華區,公寓(5樓含以下無電梯),"行政區：萬華區
建物型態：公寓(5樓含以下無電梯)
主要建材：鋼筋混凝土造
屋齡：41.15 年
建物坪數：18.53 坪
主建物坪數：15.83 坪
樓層：1 / 4
樓層比例：0.25
格局：2 房 2 廳 2 衛
車位：無
車位面積：0.00
管理組織：有
電梯：缺失
房屋狀態備註標記：0
裝潢標記：0
廣泛備註標記：0"
RPWOMLOKKINFFBA18CA,2018-12-06,中正區,住宅大樓(11層含以上有電梯),"行政區：中正區
建物型態：住宅大樓(11層含以上有電梯)
主要建材：鋼筋混凝土造
屋齡：4.47 年
建物坪數：93.49 坪
主建物坪數：43.24 坪
樓層：8 / 12
樓層比例：0.67
格局：4 房 2 廳 3 衛
車位：有
車位面積：37.84
管理組織：有
電梯：缺失
房屋狀態備註標記：0
裝潢標記：0
廣泛備註標記：0"
RPQNMLPLKINFFEA97CA,2018-12-05,士林區,套房(1房1廳1衛),"行政區：士林區
建物型態：套房(1房1廳1衛)
主要建材：鋼筋混凝土造
屋齡：6.90 年
建物坪數：23.50 坪
主建物坪數：5.22 坪
樓層：1 / 8
樓層比例：0.12
格局：1 房 1 廳 1 衛
車位：有
車位面積：43.36
管理組織：有
電梯：缺失
房屋狀態備註標記：0
裝潢標記：0
廣泛備註標記：0"
RPTNMLTJJHOFFFA48CA,2018-12-03,大安區,住宅大樓(11層含以上有電梯),"行政區：大安區
建物型態：住宅大樓(11層含以上有電梯)
主要建材：鋼筋混凝土造
屋齡：缺失 年
建物坪數：59.71 坪
主建物坪數：47.67 坪
樓層：4 / 12
樓層比例：0.33
格局：3 房 2 廳 2 衛
車位：無
車位面積：0.00
管理組織：有
電梯：缺失
房屋狀態備註標記：0
裝潢標記：0
廣泛備註標記：0"
RPXNMLOLKINFFDA48CA,2018-12-05,松山區,公寓(5樓含以下無電梯),"行政區：松山區
建物型態：公寓(5樓含以下無電梯)
主要建材：鋼筋混凝土造
屋齡：45.08 年
建物坪數：35.53 坪
主建物坪數：35.53 坪
樓層：1 / 4
樓層比例：0.25
格局：3 房 2 廳 2 衛
車位：無
車位面積：0.00
管理組織：無
電梯：缺失
房屋狀態備註標記：0
裝潢標記：0
廣泛備註標記：0"
RPQOMLMJJHOFFBA17CA,2018-12-05,萬華區,住宅大樓(11層含以上有電梯),"行政區：萬華區
建物型態：住宅大樓(11層含以上有電梯)
主要建材：鋼筋混凝土造
屋齡：6.44 年
建物坪數：55.28 坪
主建物坪數：30.71 坪
樓層：5 / 14
樓層比例：0.36
格局：3 房 2 廳 2 衛
車位：有
車位面積：0.00
管理組織：無
電梯：缺失
房屋狀態備註標記：0
裝潢標記：0
廣泛備註標記：0"
RPRQMLKLKINFFBA57CA,2018-12-04,萬華區,住宅大樓(11層含以上有電梯),"行政區：萬華區
建物型態：住宅大樓(11層含以上有電梯)
主要建材：鋼筋混凝土造
屋齡：0.23 年
建物坪數：20.23 坪
主建物坪數：11.36 坪
樓層：2 / 12
樓層比例：0.17
格局：1 房 1 廳 1 衛
車位：無
車位面積：0.00
管理組織：有
電梯：缺失
房屋狀態備註標記：0
裝潢標記：0
廣泛備註標記：0"
RPUNMLNJJHOFFBA57CA,2018-12-05,萬華區,住宅大樓(11層含以上有電梯),"行政區：萬華區
建物型態：住宅大樓(11層含以上有電梯)
主要建材：鋼筋混凝土造
屋齡：6.44 年
建物坪數：63.42 坪
主建物坪數：35.70 坪
樓層：2 / 14
樓層比例：0.14
格局：4 房 2 廳 2 衛
車位：有
車位面積：0.00
管理組織：無
電梯：缺失
房屋狀態備註標記：0
裝潢標記：0
廣泛備註標記：0"
RPPNMLRLKINFFBA77CA,2018-12-01,萬華區,公寓(5樓含以下無電梯),"行政區：萬華區
建物型態：公寓(5樓含以下無電梯)
主要建材：鋼筋混凝土造
屋齡：41.30 年
建物坪數：21.23 坪
主建物坪數：18.78 坪
樓層：3 / 4
樓層比例：0.75
格局：2 房 1 廳 1 衛
車位：無
車位面積：0.00
管理組織：無
電梯：缺失
房屋狀態備註標記：0
裝潢標記：0
廣泛備註標記：0"
RPXPMLSJJHOFFDA78CA,2018-12-05,南港區,住宅大樓(11層含以上有電梯),"行政區：南港區
建物型態：住宅大樓(11層含以上有電梯)
主要建材：鋼筋混凝土造
屋齡：1.41 年
建物坪數：79.91 坪
主建物坪數：32.23 坪
樓層：21 / 22
樓層比例：0.95
格局：4 房 2 廳 2 衛
車位：有
車位面積：77.30
管理組織：有
電梯：缺失
房屋狀態備註標記：0
裝潢標記：0
廣泛備註標記：0"
RPWOMLMJJHOFFBA77CA,2018-12-04,萬華區,住宅大樓(11層含以上有電梯),"行政區：萬華區
建物型態：住宅大樓(11層含以上有電梯)
主要建材：鋼筋混凝土造
屋齡：6.44 年
建物坪數：53.25 坪
主建物坪數：28.79 坪
樓層：14 / 14
樓層比例：1.00
格局：3 房 2 廳 2 衛
車位：有
車位面積：0.00
管理組織：有
電梯：缺失
房屋狀態備註標記：0
裝潢標記：0
廣泛備註標記：0"
RPVNMLSJJHOFFCA28CA,2018-12-06,中山區,住宅大樓(11層含以上有電梯),"行政區：中山區
建物型態：住宅大樓(11層含以上有電梯)
主要建材：見其他登記事項
屋齡：2.51 年
建物坪數：39.78 坪
主建物坪數：13.99 坪
樓層：5 / 12
樓層比例：0.42
格局：2 房 1 廳 1 衛
車位：有
車位面積：45.39
管理組織：有
電梯：缺失
房屋狀態備註標記：0
裝潢標記：0
廣泛備註標記：0"
RPSQMLKKJHOFFCA57CA,2018-12-02,中山區,住宅大樓(11層含以上有電梯),"行政區：中山區
建物型態：住宅大樓(11層含以上有電梯)
主要建材：鋼骨鋼筋混凝土造
屋齡：12.01 年
建物坪數：18.21 坪
主建物坪數：12.36 坪
樓層：14 / 14
樓層比例：1.00
格局：2 房 2 廳 1 衛
車位：無
車位面積：0.00
管理組織：有
電梯：缺失
房屋狀態備註標記：0
裝潢標記：0
廣泛備註標記：0"
RPSNMLTKKINFFAA08CA,2018-12-04,文山區,住宅大樓(11層含以上有電梯),"行政區：文山區
建物型態：住宅大樓(11層含以上有電梯)
主要建材：鋼筋混凝土造
屋齡：18.55 年
建物坪數：29.63 坪
主建物坪數：20.77 坪
樓層：12 / 18
樓層比例：0.67
格局：3 房 1 廳 2 衛
車位：無
車位面積：0.00
管理組織：有
電梯：缺失
房屋狀態備註標記：0
裝潢標記：0
廣泛備註標記：0"
RPXNMLLLKINFFEA38DA,2018-12-11,士林區,華廈(10層含以下有電梯),"行政區：士林區
建物型態：華廈(10層含以下有電梯)
主要建材：鋼筋混凝土造
屋齡：6.91 年
建物坪數：5.26 坪
主建物坪數：2.57 坪
樓層：1 / 8
樓層比例：0.12
格局：1 房 1 廳 1 衛
車位：無
車位面積：0.00
管理組織：有
電梯：缺失
房屋狀態備註標記：0
裝潢標記：0
廣泛備註標記：0"
RPTNMLQLKINFFAA97CA,2018-12-07,文山區,住宅大樓(11層含以上有電梯),"行政區：文山區
建物型態：住宅大樓(11層含以上有電梯)
主要建材：鋼筋混凝土造
屋齡：4.57 年
建物坪數：54.47 坪
主建物坪數：26.62 坪
樓層：7 / 11
樓層比例：0.64
格局：3 房 2 廳 2 衛
車位：有
車位面積：36.12
管理組織：有
電梯：缺失
房屋狀態備註標記：0
裝潢標記：0
廣泛備註標記：0"
RPVPMLLLKINFFDA18CA,2018-12-07,信義區,住宅大樓(11層含以上有電梯),"行政區：信義區
建物型態：住宅大樓(11層含以上有電梯)
主要建材：鋼筋混凝土造
屋齡：0.29 年
建物坪數：33.46 坪
主建物坪數：13.16 坪
樓層：11 / 16
樓層比例：0.69
格局：2 房 1 廳 1 衛
車位：有
車位面積：33.86
管理組織：有
電梯：缺失
房屋狀態備註標記：0
裝潢標記：0
廣泛備註標記：0"
RPSOMLMJJHOFFBA37CA,2018-12-05,萬華區,住宅大樓(11層含以上有電梯),"行政區：萬華區
建物型態：住宅大樓(11層含以上有電梯)
主要建材：鋼筋混凝土造
屋齡：6.44 年
建物坪數：56.83 坪
主建物坪數：30.66 坪
樓層：9 / 14
樓層比例：0.64
格局：3 房 2 廳 2 衛
車位：有
車位面積：0.00
管理組織：無
電梯：缺失
房屋狀態備註標記：0
裝潢標記：0
廣泛備註標記：0"
RPWPMLTKKINFFCA88CA,2018-12-02,內湖區,公寓(5樓含以下無電梯),"行政區：內湖區
建物型態：公寓(5樓含以下無電梯)
主要建材：鋼筋混凝土造
屋齡：38.17 年
建物坪數：23.96 坪
主建物坪數：21.53 坪
樓層：2 / 5
樓層比例：0.40
格局：3 房 1 廳 2 衛
車位：無
車位面積：0.00
管理組織：無
電梯：缺失
房屋狀態備註標記：0
裝潢標記：0
廣泛備註標記：0"
RPXOMLPLKINFFCA58CA,2018-12-04,中山區,住宅大樓(11層含以上有電梯),"行政區：中山區
建物型態：住宅大樓(11層含以上有電梯)
主要建材：鋼筋混凝土造
屋齡：40.87 年
建物坪數：12.48 坪
主建物坪數：10.05 坪
樓層：11 / 11
樓層比例：1.00
格局：0 房 0 廳 0 衛
車位：無
車位面積：0.00
管理組織：有
電梯：缺失
房屋狀態備註標記：0
裝潢標記：0
廣泛備註標記：0"
RPROMLMJJHOFFBA27CA,2018-12-05,萬華區,住宅大樓(11層含以上有電梯),"行政區：萬華區
建物型態：住宅大樓(11層含以上有電梯)
主要建材：鋼筋混凝土造
屋齡：6.44 年
建物坪數：51.37 坪
主建物坪數：28.63 坪
樓層：9 / 14
樓層比例：0.64
格局：3 房 2 廳 2 衛
車位：有
車位面積：0.00
管理組織：無
電梯：缺失
房屋狀態備註標記：0
裝潢標記：0
廣泛備註標記：0"
RPQNMLLLKINFFCA37CA,2018-12-10,內湖區,住宅大樓(11層含以上有電梯),"行政區：內湖區
建物型態：住宅大樓(11層含以上有電梯)
主要建材：鋼筋混凝土造
屋齡：4.13 年
建物坪數：52.41 坪
主建物坪數：25.45 坪
樓層：7 / 14
樓層比例：0.50
格局：3 房 2 廳 2 衛
車位：有
車位面積：0.00
管理組織：有
電梯：缺失
房屋狀態備註標記：0
裝潢標記：0
廣泛備註標記：0"
RPWPMLSJJHOFFDA68CA,2018-12-06,信義區,住宅大樓(11層含以上有電梯),"行政區：信義區
建物型態：住宅大樓(11層含以上有電梯)
主要建材：鋼骨鋼筋混凝土造
屋齡：21.03 年
建物坪數：127.76 坪
主建物坪數：73.77 坪
樓層：14 / 14
樓層比例：1.00
格局：4 房 2 廳 2 衛
車位：有
車位面積：42.08
管理組織：有
電梯：缺失
房屋狀態備註標記：0
裝潢標記：0
廣泛備註標記：0"
RPQOMLKLKINFFDA47CA,2018-12-02,松山區,華廈(10層含以下有電梯),"行政區：松山區
建物型態：華廈(10層含以下有電梯)
主要建材：鋼筋混凝土造
屋齡：缺失 年
建物坪數：37.00 坪
主建物坪數：28.46 坪
樓層：5 / 7
樓層比例：0.71
格局：3 房 2 廳 2 衛
車位：無
車位面積：0.00
管理組織：有
電梯：缺失
房屋狀態備註標記：1
裝潢標記：0
廣泛備註標記：0"
RPWNMLOLKINFFDA38CA,2018-12-04,信義區,華廈(10層含以下有電梯),"行政區：信義區
建物型態：華廈(10層含以下有電梯)
主要建材：鋼筋混凝土造
屋齡：0.34 年
建物坪數：42.30 坪
主建物坪數：17.27 坪
樓層：3 / 5
樓層比例：0.60
格局：2 房 1 廳 1 衛
車位：有
車位面積：31.76
管理組織：無
電梯：缺失
房屋狀態備註標記：0
裝潢標記：0
廣泛備註標記：0"
RPVNMLLLKINFFEA08CA,2018-12-04,士林區,住宅大樓(11層含以上有電梯),"行政區：士林區
建物型態：住宅大樓(11層含以上有電梯)
主要建材：鋼筋混凝土造
屋齡：29.53 年
建物坪數：45.93 坪
主建物坪數：32.88 坪
樓層：11 / 12
樓層比例：0.92
格局：4 房 2 廳 2 衛
車位：無
車位面積：0.00
管理組織：有
電梯：缺失
房屋狀態備註標記：0
裝潢標記：0
廣泛備註標記：0"
RPOPMLNJJHOFFCA27CA,2018-12-13,中山區,華廈(10層含以下有電梯),"行政區：中山區
建物型態：華廈(10層含以下有電梯)
主要建材：鋼筋混凝土造
屋齡：36.95 年
建物坪數：9.27 坪
主建物坪數：6.59 坪
樓層：4 / 6
樓層比例：0.67
格局：2 房 1 廳 1 衛
車位：無
車位面積：0.00
管理組織：無
電梯：缺失
房屋狀態備註標記：0
裝潢標記：0
廣泛備註標記：0"
RPPPMLLKJHOFFBA27DA,2018-12-05,大同區,住宅大樓(11層含以上有電梯),"行政區：大同區
建物型態：住宅大樓(11層含以上有電梯)
主要建材：鋼筋混凝土造
屋齡：3.14 年
建物坪數：57.63 坪
主建物坪數：24.13 坪
樓層：13 / 15
樓層比例：0.87
格局：3 房 2 廳 2 衛
車位：有
車位面積：46.87
管理組織：有
電梯：缺失
房屋狀態備註標記：0
裝潢標記：0
廣泛備註標記：0"
RPOOMLQKJHOFFDA67CA,2018-12-04,松山區,住宅大樓(11層含以上有電梯),"行政區：松山區
建物型態：住宅大樓(11層含以上有電梯)
主要建材：鋼筋混凝土造
屋齡：10.00 年
建物坪數：55.17 坪
主建物坪數：27.85 坪
樓層：13 / 15
樓層比例：0.87
格局：3 房 3 廳 3 衛
車位：有
車位面積：0.00
管理組織：有
電梯：缺失
房屋狀態備註標記：0
裝潢標記：0
廣泛備註標記：0"
RPXOMLLLKINFFEA38CA,2018-12-05,北投區,套房(1房1廳1衛),"行政區：北投區
建物型態：套房(1房1廳1衛)
主要建材：鋼筋混凝土造
屋齡：13.07 年
建物坪數：13.29 坪
主建物坪數：7.04 坪
樓層：9 / 13
樓層比例：0.69
格局：1 房 1 廳 1 衛
車位：無
車位面積：0.00
管理組織：有
電梯：缺失
房屋狀態備註標記：1
裝潢標記：0
廣泛備註標記：0"
RPPNMLMLKINFFDA47CA,2018-12-05,松山區,公寓(5樓含以下無電梯),"行政區：松山區
建物型態：公寓(5樓含以下無電梯)
主要建材：鋼筋混凝土造
屋齡：缺失 年
建物坪數：31.90 坪
主建物坪數：31.90 坪
樓層：2 / 4
樓層比例：0.50
格局：3 房 2 廳 1 衛
車位：無
車位面積：0.00
管理組織：無
電梯：缺失
房屋狀態備註標記：0
裝潢標記：0
廣泛備註標記：0"
RPWNMLMLKINFFAA87CA,2018-12-01,文山區,華廈(10層含以下有電梯),"行政區：文山區
建物型態：華廈(10層含以下有電梯)
主要建材：鋼筋混凝土造
屋齡：35.40 年
建物坪數：41.17 坪
主建物坪數：30.02 坪
樓層：3 / 7
樓層比例：0.43
格局：4 房 2 廳 2 衛
車位：無
車位面積：0.00
管理組織：有
電梯：缺失
房屋狀態備註標記：1
裝潢標記：0
廣泛備註標記：0"
RPUNMLPLKINFFEA38CA,2018-12-10,北投區,住宅大樓(11層含以上有電梯),"行政區：北投區
建物型態：住宅大樓(11層含以上有電梯)
主要建材：鋼筋混凝土造
屋齡：5.09 年
建物坪數：27.63 坪
主建物坪數：14.20 坪
樓層：4 / 12
樓層比例：0.33
格局：3 房 2 廳 2 衛
車位：無
車位面積：0.00
管理組織：有
電梯：缺失
房屋狀態備註標記：0
裝潢標記：0
廣泛備註標記：0"
RPUPMLSJJHOFFCA48DA,2018-12-03,內湖區,住宅大樓(11層含以上有電梯),"行政區：內湖區
建物型態：住宅大樓(11層含以上有電梯)
主要建材：鋼筋混凝土造
屋齡：13.27 年
建物坪數：40.40 坪
主建物坪數：17.75 坪
樓層：8 / 14
樓層比例：0.57
格局：3 房 2 廳 1 衛
車位：有
車位面積：0.00
管理組織：有
電梯：缺失
房屋狀態備註標記：1
裝潢標記：0
廣泛備註標記：0"
RPVOMLMLKINFFEA28CA,2018-12-08,士林區,華廈(10層含以下有電梯),"行政區：士林區
建物型態：華廈(10層含以下有電梯)
主要建材：鋼筋混凝土造
屋齡：35.77 年
建物坪數：48.81 坪
主建物坪數：37.32 坪
樓層：7 / 7
樓層比例：1.00
格局：4 房 2 廳 2 衛
車位：無
車位面積：0.00
管理組織：有
電梯：缺失
房屋狀態備註標記：1
裝潢標記：0
廣泛備註標記：0"
RPUPMLOLKINFFCA38DA,2018-12-02,內湖區,公寓(5樓含以下無電梯),"行政區：內湖區
建物型態：公寓(5樓含以下無電梯)
主要建材：鋼筋混凝土造
屋齡：39.44 年
建物坪數：25.69 坪
主建物坪數：22.95 坪
樓層：2 / 5
樓層比例：0.40
格局：3 房 2 廳 1 衛
車位：無
車位面積：0.00
管理組織：無
電梯：缺失
房屋狀態備註標記：0
裝潢標記：0
廣泛備註標記：0"
RPPNMLSLKINFFAA77CA,2018-12-12,文山區,華廈(10層含以下有電梯),"行政區：文山區
建物型態：華廈(10層含以下有電梯)
主要建材：鋼筋混凝土造
屋齡：6.10 年
建物坪數：33.65 坪
主建物坪數：15.48 坪
樓層：2 / 9
樓層比例：0.22
格局：2 房 2 廳 1 衛
車位：有
車位面積：23.78
管理組織：有
電梯：缺失
房屋狀態備註標記：0
裝潢標記：0
廣泛備註標記：0"
RPUNMLPLKINFFAA97CA,2018-12-17,中正區,公寓(5樓含以下無電梯),"行政區：中正區
建物型態：公寓(5樓含以下無電梯)
主要建材：鋼筋混凝土造
屋齡：缺失 年
建物坪數：21.29 坪
主建物坪數：18.72 坪
樓層：5 / 5
樓層比例：1.00
格局：2 房 2 廳 1 衛
車位：無
車位面積：0.00
管理組織：無
電梯：缺失
房屋狀態備註標記：1
裝潢標記：0
廣泛備註標記：0"
RPVPMLQLKINFFBA48CA,2018-12-04,萬華區,住宅大樓(11層含以上有電梯),"行政區：萬華區
建物型態：住宅大樓(11層含以上有電梯)
主要建材：鋼筋混凝土造
屋齡：6.44 年
建物坪數：56.83 坪
主建物坪數：30.66 坪
樓層：11 / 14
樓層比例：0.79
格局：3 房 2 廳 2 衛
車位：有
車位面積：0.00
管理組織：有
電梯：缺失
房屋狀態備註標記：0
裝潢標記：0
廣泛備註標記：0"
RPOPMLMJJHOFFCA17CA,2018-12-07,中山區,住宅大樓(11層含以上有電梯),"行政區：中山區
建物型態：住宅大樓(11層含以上有電梯)
主要建材：鋼骨鋼筋混凝土造
屋齡：0.57 年
建物坪數：81.64 坪
主建物坪數：31.01 坪
樓層：5 / 16
樓層比例：0.31
格局：3 房 2 廳 2 衛
車位：有
車位面積：95.26
管理組織：有
電梯：缺失
房屋狀態備註標記：0
裝潢標記：0
廣泛備註標記：0"
RPSOMLOKJHOFFAA57CA,2018-12-11,文山區,公寓(5樓含以下無電梯),"行政區：文山區
建物型態：公寓(5樓含以下無電梯)
主要建材：鋼筋混凝土造
屋齡：45.00 年
建物坪數：20.69 坪
主建物坪數：20.69 坪
樓層：3 / 4
樓層比例：0.75
格局：2 房 2 廳 1 衛
車位：無
車位面積：0.00
管理組織：無
電梯：缺失
房屋狀態備註標記：0
裝潢標記：0
廣泛備註標記：0"
RPWOMLMLJHOFFFA38CA,2018-12-05,大安區,住宅大樓(11層含以上有電梯),"行政區：大安區
建物型態：住宅大樓(11層含以上有電梯)
主要建材：見其他登記事項
屋齡：2.90 年
建物坪數：113.24 坪
主建物坪數：57.14 坪
樓層：9 / 23
樓層比例：0.39
格局：4 房 2 廳 2 衛
車位：有
車位面積：49.60
管理組織：有
電梯：缺失
房屋狀態備註標記：0
裝潢標記：0
廣泛備註標記：0"
RPXNMLMJJHOFFEA08CA,2018-12-07,北投區,套房(1房1廳1衛),"行政區：北投區
建物型態：套房(1房1廳1衛)
主要建材：鋼筋混凝土造
屋齡：40.92 年
建物坪數：15.41 坪
主建物坪數：12.57 坪
樓層：5 / 12
樓層比例：0.42
格局：1 房 1 廳 1 衛
車位：無
車位面積：0.00
管理組織：有
電梯：缺失
房屋狀態備註標記：0
裝潢標記：0
廣泛備註標記：0"
RPWNMLKMJHOFFEA08CA,2018-12-06,北投區,公寓(5樓含以下無電梯),"行政區：北投區
建物型態：公寓(5樓含以下無電梯)
主要建材：鋼筋混凝土造
屋齡：34.42 年
建物坪數：30.81 坪
主建物坪數：25.15 坪
樓層：4 / 5
樓層比例：0.80
格局：3 房 2 廳 2 衛
車位：無
車位面積：0.00
管理組織：無
電梯：缺失
房屋狀態備註標記：0
裝潢標記：0
廣泛備註標記：0"
RPPRMLSJJHOFFCA08CA,2018-12-11,內湖區,住宅大樓(11層含以上有電梯),"行政區：內湖區
建物型態：住宅大樓(11層含以上有電梯)
主要建材：見其他登記事項
屋齡：0.80 年
建物坪數：72.23 坪
主建物坪數：36.84 坪
樓層：18 / 29
樓層比例：0.62
格局：0 房 0 廳 0 衛
車位：有
車位面積：29.10
管理組織：有
電梯：缺失
房屋狀態備註標記：1
裝潢標記：0
廣泛備註標記：0"
RPVOMLMLJHOFFFA28CA,2018-12-05,大安區,住宅大樓(11層含以上有電梯),"行政區：大安區
建物型態：住宅大樓(11層含以上有電梯)
主要建材：見其他登記事項
屋齡：2.90 年
建物坪數：97.31 坪
主建物坪數：49.31 坪
樓層：9 / 23
樓層比例：0.39
格局：4 房 2 廳 2 衛
車位：有
車位面積：49.60
管理組織：有
電梯：缺失
房屋狀態備註標記：0
裝潢標記：0
廣泛備註標記：0"
RPOOMLQLKINFFEA97CA,2018-12-08,北投區,華廈(10層含以下有電梯),"行政區：北投區
建物型態：華廈(10層含以下有電梯)
主要建材：鋼筋混凝土造
屋齡：2.34 年
建物坪數：47.93 坪
主建物坪數：24.25 坪
樓層：2 / 9
樓層比例：0.22
格局：2 房 2 廳 2 衛
車位：有
車位面積：21.44
管理組織：有
電梯：缺失
房屋狀態備註標記：0
裝潢標記：0
廣泛備註標記：0"
RPPNMLPJJHOFFDA47CA,2018-12-03,信義區,公寓(5樓含以下無電梯),"行政區：信義區
建物型態：公寓(5樓含以下無電梯)
主要建材：鋼筋混凝土造
屋齡：缺失 年
建物坪數：32.40 坪
主建物坪數：28.78 坪
樓層：4 / 4
樓層比例：1.00
格局：3 房 2 廳 2 衛
車位：無
車位面積：0.00
管理組織：無
電梯：缺失
房屋狀態備註標記：0
裝潢標記：0
廣泛備註標記：0"
RPWOMLNJJHOFFCA08DA,2018-12-04,中山區,套房(1房1廳1衛),"行政區：中山區
建物型態：套房(1房1廳1衛)
主要建材：鋼筋混凝土造
屋齡：23.01 年
建物坪數：11.92 坪
主建物坪數：6.90 坪
樓層：8 / 15
樓層比例：0.53
格局：1 房 1 廳 1 衛
車位：無
車位面積：0.00
管理組織：有
電梯：缺失
房屋狀態備註標記：0
裝潢標記：0
廣泛備註標記：0"
RPPNMLQJJHOFFCA57DA,2018-12-10,中山區,套房(1房1廳1衛),"行政區：中山區
建物型態：套房(1房1廳1衛)
主要建材：鋼筋混凝土造
屋齡：10.11 年
建物坪數：20.98 坪
主建物坪數：11.53 坪
樓層：4 / 10
樓層比例：0.40
格局：1 房 1 廳 1 衛
車位：無
車位面積：0.00
管理組織：有
電梯：缺失
房屋狀態備註標記：0
裝潢標記：0
廣泛備註標記：0"
RPQOMLPLKINFFBA87DA,2018-12-10,萬華區,套房(1房1廳1衛),"行政區：萬華區
建物型態：套房(1房1廳1衛)
主要建材：鋼筋混凝土造
屋齡：44.34 年
建物坪數：9.79 坪
主建物坪數：7.09 坪
樓層：8 / 9
樓層比例：0.89
格局：1 房 1 廳 1 衛
車位：無
車位面積：0.00
管理組織：有
電梯：缺失
房屋狀態備註標記：0
裝潢標記：0
廣泛備註標記：0"
RPXNMLSJJHOFFCA48CA,2018-12-04,中山區,住宅大樓(11層含以上有電梯),"行政區：中山區
建物型態：住宅大樓(11層含以上有電梯)
主要建材：見其他登記事項
屋齡：2.51 年
建物坪數：39.78 坪
主建物坪數：13.99 坪
樓層：8 / 12
樓層比例：0.67
格局：2 房 1 廳 1 衛
車位：有
車位面積：45.39
管理組織：有
電梯：缺失
房屋狀態備註標記：0
裝潢標記：0
廣泛備註標記：0"
RPVOMLPLKINFFEA58CA,2018-12-13,北投區,公寓(5樓含以下無電梯),"行政區：北投區
建物型態：公寓(5樓含以下無電梯)
主要建材：鋼筋混凝土造
屋齡：31.85 年
建物坪數：30.85 坪
主建物坪數：27.55 坪
樓層：4 / 5
樓層比例：0.80
格局：3 房 2 廳 2 衛
車位：無
車位面積：0.00
管理組織：有
電梯：缺失
房屋狀態備註標記：0
裝潢標記：0
廣泛備註標記：0"
RPPPMLLKJHOFFCA27CA,2018-12-17,中山區,套房(1房1廳1衛),"行政區：中山區
建物型態：套房(1房1廳1衛)
主要建材：鋼筋混凝土造
屋齡：36.04 年
建物坪數：7.61 坪
主建物坪數：4.92 坪
樓層：10 / 11
樓層比例：0.91
格局：1 房 1 廳 1 衛
車位：無
車位面積：0.00
管理組織：有
電梯：缺失
房屋狀態備註標記：0
裝潢標記：0
廣泛備註標記：0"
RPPPMLRLKINFFCA08CA,2018-12-06,中山區,住宅大樓(11層含以上有電梯),"行政區：中山區
建物型態：住宅大樓(11層含以上有電梯)
主要建材：鋼筋混凝土造
屋齡：2.54 年
建物坪數：87.94 坪
主建物坪數：40.52 坪
樓層：15 / 16
樓層比例：0.94
格局：2 房 2 廳 2 衛
車位：有
車位面積：67.48
管理組織：有
電梯：缺失
房屋狀態備註標記：0
裝潢標記：0
廣泛備註標記：0"
RPSNMLTLKINFFAA28DA,2018-12-02,文山區,住宅大樓(11層含以上有電梯),"行政區：文山區
建物型態：住宅大樓(11層含以上有電梯)
主要建材：鋼筋混凝土造
屋齡：24.71 年
建物坪數：20.70 坪
主建物坪數：13.67 坪
樓層：2 / 12
樓層比例：0.17
格局：2 房 2 廳 1 衛
車位：無
車位面積：0.00
管理組織：有
電梯：缺失
房屋狀態備註標記：1
裝潢標記：0
廣泛備註標記：0"
RPXOMLSLKINFFBA78CA,2018-12-07,萬華區,華廈(10層含以下有電梯),"行政區：萬華區
建物型態：華廈(10層含以下有電梯)
主要建材：鋼筋混凝土造
屋齡：缺失 年
建物坪數：35.76 坪
主建物坪數：28.65 坪
樓層：6 / 9
樓層比例：0.67
格局：3 房 1 廳 2 衛
車位：無
車位面積：0.00
管理組織：無
電梯：缺失
房屋狀態備註標記：0
裝潢標記：0
廣泛備註標記：0"
RPQOMLNJJHOFFFA67CA,2018-12-11,大安區,住宅大樓(11層含以上有電梯),"行政區：大安區
建物型態：住宅大樓(11層含以上有電梯)
主要建材：鋼骨鋼筋混凝土造
屋齡：2.18 年
建物坪數：160.12 坪
主建物坪數：73.81 坪
樓層：25 / 27
樓層比例：0.93
格局：4 房 2 廳 4 衛
車位：有
車位面積：88.80
管理組織：有
電梯：缺失
房屋狀態備註標記：0
裝潢標記：0
廣泛備註標記：0"
RPPNMLPJJHOFFBA27CA,2018-12-03,萬華區,住宅大樓(11層含以上有電梯),"行政區：萬華區
建物型態：住宅大樓(11層含以上有電梯)
主要建材：鋼筋混凝土造
屋齡：6.44 年
建物坪數：54.96 坪
主建物坪數：30.51 坪
樓層：9 / 14
樓層比例：0.64
格局：3 房 2 廳 2 衛
車位：有
車位面積：0.00
管理組織：無
電梯：缺失
房屋狀態備註標記：0
裝潢標記：0
廣泛備註標記：0"
RPROMLOJJHOFFDA67CA,2018-12-05,信義區,公寓(5樓含以下無電梯),"行政區：信義區
建物型態：公寓(5樓含以下無電梯)
主要建材：鋼筋混凝土造
屋齡：缺失 年
建物坪數：21.73 坪
主建物坪數：21.73 坪
樓層：1 / 4
樓層比例：0.25
格局：3 房 2 廳 1 衛
車位：無
車位面積：0.00
管理組織：無
電梯：缺失
房屋狀態備註標記：0
裝潢標記：0
廣泛備註標記：0"
RPTOMLQJLHOFFBA08CA,2018-12-05,萬華區,華廈(10層含以下有電梯),"行政區：萬華區
建物型態：華廈(10層含以下有電梯)
主要建材：鋼筋混凝土造
屋齡：27.92 年
建物坪數：46.37 坪
主建物坪數：33.14 坪
樓層：7 / 10
樓層比例：0.70
格局：4 房 2 廳 2 衛
車位：無
車位面積：0.00
管理組織：有
電梯：缺失
房屋狀態備註標記：0
裝潢標記：0
廣泛備註標記：0"
RPQOMLQKJHOFFBA67CA,2018-12-06,大同區,住宅大樓(11層含以上有電梯),"行政區：大同區
建物型態：住宅大樓(11層含以上有電梯)
主要建材：鋼筋混凝土造
屋齡：0.37 年
建物坪數：21.38 坪
主建物坪數：10.17 坪
樓層：2 / 14
樓層比例：0.14
格局：2 房 1 廳 1 衛
車位：無
車位面積：0.00
管理組織：有
電梯：缺失
房屋狀態備註標記：0
裝潢標記：0
廣泛備註標記：0"
RPTOMLSKJHOFFBA18CA,2018-12-17,中正區,華廈(10層含以下有電梯),"行政區：中正區
建物型態：華廈(10層含以下有電梯)
主要建材：鋼筋混凝土造
屋齡：2.29 年
建物坪數：73.10 坪
主建物坪數：33.26 坪
樓層：3 / 7
樓層比例：0.43
格局：0 房 0 廳 0 衛
車位：有
車位面積：11.63
管理組織：有
電梯：缺失
房屋狀態備註標記：0
裝潢標記：0
廣泛備註標記：0"
RPQNMLMKJHOFFAA17DA,2018-12-07,文山區,套房(1房1廳1衛),"行政區：文山區
建物型態：套房(1房1廳1衛)
主要建材：鋼筋混凝土造
屋齡：9.56 年
建物坪數：11.07 坪
主建物坪數：6.37 坪
樓層：6 / 7
樓層比例：0.86
格局：0 房 1 廳 1 衛
車位：無
車位面積：0.00
管理組織：有
電梯：缺失
房屋狀態備註標記：0
裝潢標記：0
廣泛備註標記：0"
RPXPMLRLKINFFCA88CA,2018-12-03,中山區,住宅大樓(11層含以上有電梯),"行政區：中山區
建物型態：住宅大樓(11層含以上有電梯)
主要建材：鋼筋混凝土造
屋齡：31.83 年
建物坪數：40.47 坪
主建物坪數：32.91 坪
樓層：11 / 12
樓層比例：0.92
格局：3 房 2 廳 2 衛
車位：無
車位面積：0.00
管理組織：有
電梯：缺失
房屋狀態備註標記：0
裝潢標記：0
廣泛備註標記：0"
RPQNMLSLKINFFCA08CA,2018-12-06,中山區,住宅大樓(11層含以上有電梯),"行政區：中山區
建物型態：住宅大樓(11層含以上有電梯)
主要建材：鋼筋混凝土造
屋齡：2.54 年
建物坪數：80.05 坪
主建物坪數：40.52 坪
樓層：16 / 16
樓層比例：1.00
格局：3 房 1 廳 2 衛
車位：有
車位面積：33.74
管理組織：有
電梯：缺失
房屋狀態備註標記：0
裝潢標記：0
廣泛備註標記：0"
RPPOMLNJJHOFFFA57CA,2018-12-06,大安區,住宅大樓(11層含以上有電梯),"行政區：大安區
建物型態：住宅大樓(11層含以上有電梯)
主要建材：鋼骨鋼筋混凝土造
屋齡：2.17 年
建物坪數：169.22 坪
主建物坪數：101.57 坪
樓層：3 / 27
樓層比例：0.11
格局：4 房 2 廳 4 衛
車位：有
車位面積：118.89
管理組織：有
電梯：缺失
房屋狀態備註標記：0
裝潢標記：0
廣泛備註標記：0"
RPPNMLQLKINFFFA08CA,2018-12-04,大安區,華廈(10層含以下有電梯),"行政區：大安區
建物型態：華廈(10層含以下有電梯)
主要建材：鋼筋混凝土造
屋齡：缺失 年
建物坪數：40.99 坪
主建物坪數：31.49 坪
樓層：3 / 7
樓層比例：0.43
格局：5 房 0 廳 5 衛
車位：無
車位面積：0.00
管理組織：有
電梯：缺失
房屋狀態備註標記：1
裝潢標記：0
廣泛備註標記：0"
RPSQMLSLKINFFBA58DA,2018-12-05,萬華區,公寓(5樓含以下無電梯),"行政區：萬華區
建物型態：公寓(5樓含以下無電梯)
主要建材：鋼筋混凝土造
屋齡：37.91 年
建物坪數：29.23 坪
主建物坪數：25.14 坪
樓層：2 / 5
樓層比例：0.40
格局：3 房 2 廳 1 衛
車位：無
車位面積：0.00
管理組織：無
電梯：缺失
房屋狀態備註標記：0
裝潢標記：0
廣泛備註標記：0"
RPTNMLQLKINFFEA38CA,2018-12-15,北投區,套房(1房1廳1衛),"行政區：北投區
建物型態：套房(1房1廳1衛)
主要建材：鋼筋混凝土造
屋齡：9.86 年
建物坪數：21.43 坪
主建物坪數：11.79 坪
樓層：5 / 13
樓層比例：0.38
格局：0 房 0 廳 0 衛
車位：無
車位面積：0.00
管理組織：有
電梯：缺失
房屋狀態備註標記：0
裝潢標記：0
廣泛備註標記：0"
RPQPMLPLJHOFFDA97CA,2018-12-03,南港區,公寓(5樓含以下無電梯),"行政區：南港區
建物型態：公寓(5樓含以下無電梯)
主要建材：鋼筋混凝土造
屋齡：缺失 年
建物坪數：12.95 坪
主建物坪數：12.95 坪
樓層：1 / 4
樓層比例：0.25
格局：3 房 1 廳 1 衛
車位：無
車位面積：0.00
管理組織：無
電梯：缺失
房屋狀態備註標記：0
裝潢標記：0
廣泛備註標記：0"
RPPPMLNJJHOFFCA47DA,2018-12-04,中山區,公寓(5樓含以下無電梯),"行政區：中山區
建物型態：公寓(5樓含以下無電梯)
主要建材：加強磚造
屋齡：缺失 年
建物坪數：20.96 坪
主建物坪數：20.96 坪
樓層：1 / 4
樓層比例：0.25
格局：0 房 1 廳 1 衛
車位：無
車位面積：0.00
管理組織：無
電梯：缺失
房屋狀態備註標記：1
裝潢標記：0
廣泛備註標記：0"
RPTNMLRJJHOFFBA87CA,2018-12-11,大同區,華廈(10層含以下有電梯),"行政區：大同區
建物型態：華廈(10層含以下有電梯)
主要建材：鋼筋混凝土造
屋齡：7.45 年
建物坪數：30.25 坪
主建物坪數：16.10 坪
樓層：2 / 10
樓層比例：0.20
格局：0 房 0 廳 0 衛
車位：有
車位面積：22.88
管理組織：有
電梯：缺失
房屋狀態備註標記：0
裝潢標記：0
廣泛備註標記：0"
RPSQMLPLJHOFFCA18CA,2018-12-10,中山區,住宅大樓(11層含以上有電梯),"行政區：中山區
建物型態：住宅大樓(11層含以上有電梯)
主要建材：鋼骨鋼筋混凝土造
屋齡：3.89 年
建物坪數：129.91 坪
主建物坪數：53.65 坪
樓層：8 / 12
樓層比例：0.67
格局：3 房 2 廳 3 衛
車位：有
車位面積：0.00
管理組織：有
電梯：缺失
房屋狀態備註標記：0
裝潢標記：0
廣泛備註標記：0"
RPPPMLMJJHOFFBA17CA,2018-12-02,萬華區,公寓(5樓含以下無電梯),"行政區：萬華區
建物型態：公寓(5樓含以下無電梯)
主要建材：加強磚造
屋齡：49.71 年
建物坪數：20.65 坪
主建物坪數：20.65 坪
樓層：2 / 4
樓層比例：0.50
格局：3 房 1 廳 1 衛
車位：無
車位面積：0.00
管理組織：無
電梯：缺失
房屋狀態備註標記：1
裝潢標記：0
廣泛備註標記：0"
RPWOMLRJJHOFFBA28CA,2018-12-13,萬華區,住宅大樓(11層含以上有電梯),"行政區：萬華區
建物型態：住宅大樓(11層含以上有電梯)
主要建材：鋼筋混凝土造
屋齡：0.25 年
建物坪數：24.37 坪
主建物坪數：11.36 坪
樓層：6 / 12
樓層比例：0.50
格局：1 房 1 廳 1 衛
車位：有
車位面積：13.68
管理組織：有
電梯：缺失
房屋狀態備註標記：0
裝潢標記：0
廣泛備註標記：0"
RPOPMLSLKINFFCA08CA,2018-12-03,內湖區,住宅大樓(11層含以上有電梯),"行政區：內湖區
建物型態：住宅大樓(11層含以上有電梯)
主要建材：鋼筋混凝土造
屋齡：23.85 年
建物坪數：26.88 坪
主建物坪數：19.45 坪
樓層：2 / 18
樓層比例：0.11
格局：2 房 2 廳 1 衛
車位：無
車位面積：0.00
管理組織：有
電梯：缺失
房屋狀態備註標記：0
裝潢標記：0
廣泛備註標記：0"
RPRNMLSLKINFFCA18CA,2018-12-10,中山區,住宅大樓(11層含以上有電梯),"行政區：中山區
建物型態：住宅大樓(11層含以上有電梯)
主要建材：鋼筋混凝土造
屋齡：9.14 年
建物坪數：35.96 坪
主建物坪數：14.28 坪
樓層：7 / 13
樓層比例：0.54
格局：2 房 2 廳 1 衛
車位：有
車位面積：41.72
管理組織：有
電梯：缺失
房屋狀態備註標記：0
裝潢標記：0
廣泛備註標記：0"
RPWNMLMJJHOFFFA18DA,2018-12-06,大安區,住宅大樓(11層含以上有電梯),"行政區：大安區
建物型態：住宅大樓(11層含以上有電梯)
主要建材：鋼筋混凝土造
屋齡：33.54 年
建物坪數：31.05 坪
主建物坪數：22.73 坪
樓層：17 / 17
樓層比例：1.00
格局：3 房 2 廳 1 衛
車位：無
車位面積：0.00
管理組織：有
電梯：缺失
房屋狀態備註標記：1
裝潢標記：0
廣泛備註標記：0"
RPRPMLPLJHOFFEA28DA,2018-12-21,北投區,套房(1房1廳1衛),"行政區：北投區
建物型態：套房(1房1廳1衛)
主要建材：鋼筋混凝土造
屋齡：13.11 年
建物坪數：5.51 坪
主建物坪數：2.82 坪
樓層：13 / 13
樓層比例：1.00
格局：0 房 0 廳 0 衛
車位：無
車位面積：0.00
管理組織：無
電梯：缺失
房屋狀態備註標記：0
裝潢標記：0
廣泛備註標記：0"
RPTNMLSJJHOFFFA38CA,2018-12-06,大安區,公寓(5樓含以下無電梯),"行政區：大安區
建物型態：公寓(5樓含以下無電梯)
主要建材：鋼筋混凝土造
屋齡：缺失 年
建物坪數：37.36 坪
主建物坪數：29.82 坪
樓層：2 / 5
樓層比例：0.40
格局：3 房 2 廳 2 衛
車位：無
車位面積：0.00
管理組織：無
電梯：缺失
房屋狀態備註標記：0
裝潢標記：0
廣泛備註標記：0"
RPVNMLNJJHOFFDA87CA,2018-12-12,信義區,華廈(10層含以下有電梯),"行政區：信義區
建物型態：華廈(10層含以下有電梯)
主要建材：鋼筋混凝土造
屋齡：4.65 年
建物坪數：15.74 坪
主建物坪數：6.17 坪
樓層：8 / 9
樓層比例：0.89
格局：0 房 0 廳 0 衛
車位：有
車位面積：7.29
管理組織：有
電梯：缺失
房屋狀態備註標記：0
裝潢標記：0
廣泛備註標記：0"
RPWNMLNLJHOFFCA18DA,2018-12-21,中山區,套房(1房1廳1衛),"行政區：中山區
建物型態：套房(1房1廳1衛)
主要建材：鋼筋混凝土造
屋齡：36.03 年
建物坪數：11.35 坪
主建物坪數：8.66 坪
樓層：7 / 12
樓層比例：0.58
格局：0 房 0 廳 0 衛
車位：無
車位面積：0.00
管理組織：有
電梯：缺失
房屋狀態備註標記：0
裝潢標記：0
廣泛備註標記：0"
RPXNMLMJJHOFFCA87CA,2018-12-12,內湖區,華廈(10層含以下有電梯),"行政區：內湖區
建物型態：華廈(10層含以下有電梯)
主要建材：鋼筋混凝土造
屋齡：2.93 年
建物坪數：48.34 坪
主建物坪數：22.65 坪
樓層：5 / 5
樓層比例：1.00
格局：3 房 2 廳 2 衛
車位：有
車位面積：33.15
管理組織：有
電梯：缺失
房屋狀態備註標記：0
裝潢標記：0
廣泛備註標記：0"
RPUOMLOKJHOFFAA77CA,2018-12-05,文山區,套房(1房1廳1衛),"行政區：文山區
建物型態：套房(1房1廳1衛)
主要建材：鋼筋混凝土造
屋齡：23.61 年
建物坪數：11.86 坪
主建物坪數：7.03 坪
樓層：4 / 5
樓層比例：0.80
格局：1 房 1 廳 1 衛
車位：無
車位面積：0.00
管理組織：無
電梯：缺失
房屋狀態備註標記：0
裝潢標記：0
廣泛備註標記：0"
RPOOMLKKJHOFFEA17CA,2018-12-04,北投區,公寓(5樓含以下無電梯),"行政區：北投區
建物型態：公寓(5樓含以下無電梯)
主要建材：鋼筋混凝土造
屋齡：34.46 年
建物坪數：36.19 坪
主建物坪數：29.23 坪
樓層：1 / 5
樓層比例：0.20
格局：3 房 2 廳 3 衛
車位：無
車位面積：0.00
管理組織：無
電梯：缺失
房屋狀態備註標記：0
裝潢標記：0
廣泛備註標記：0"
RPWNMLMJJHOFFCA77CA,2018-12-04,中山區,公寓(5樓含以下無電梯),"行政區：中山區
建物型態：公寓(5樓含以下無電梯)
主要建材：鋼筋混凝土造
屋齡：44.37 年
建物坪數：24.47 坪
主建物坪數：24.47 坪
樓層：3 / 4
樓層比例：0.75
格局：3 房 2 廳 2 衛
車位：無
車位面積：0.00
管理組織：無
電梯：缺失
房屋狀態備註標記：1
裝潢標記：0
廣泛備註標記：0"
RPWNMLOJJHOFFAA77CA,2018-12-10,文山區,住宅大樓(11層含以上有電梯),"行政區：文山區
建物型態：住宅大樓(11層含以上有電梯)
主要建材：鋼骨鋼筋混凝土造
屋齡：1.58 年
建物坪數：62.39 坪
主建物坪數：27.64 坪
樓層：14 / 29
樓層比例：0.48
格局：3 房 2 廳 2 衛
車位：有
車位面積：42.94
管理組織：有
電梯：缺失
房屋狀態備註標記：0
裝潢標記：0
廣泛備註標記：0"
RPPPMLSLKINFFDA28CA,2018-12-04,松山區,華廈(10層含以下有電梯),"行政區：松山區
建物型態：華廈(10層含以下有電梯)
主要建材：鋼筋混凝土造
屋齡：26.64 年
建物坪數：28.14 坪
主建物坪數：18.31 坪
樓層：7 / 7
樓層比例：1.00
格局：3 房 1 廳 1 衛
車位：無
車位面積：0.00
管理組織：有
電梯：缺失
房屋狀態備註標記：0
裝潢標記：0
廣泛備註標記：0"
